# phosphorus_airship — generated by scripts/build_models.py from the Project Phosphorus plan
# units: meters, Y up
mtllib phosphorus_airship.mtl
o phosphorus_airship
v 0.0000 17.0000 0.0000
v 0.0000 17.0000 0.0000
v 0.0000 17.0000 0.0000
v 0.0000 17.0000 0.0000
v 0.0000 17.0000 0.0000
v 0.0000 17.0000 0.0000
v 0.0000 17.0000 0.0000
v 0.0000 17.0000 0.0000
v 0.0000 17.0000 0.0000
v 0.0000 17.0000 0.0000
v 0.0000 17.0000 0.0000
v 0.0000 17.0000 0.0000
v 0.0000 17.0000 0.0000
v 0.0000 17.0000 0.0000
v 0.0000 17.0000 0.0000
v 0.0000 17.0000 0.0000
v 0.0000 17.0000 0.0000
v 0.0000 17.0000 0.0000
v 0.0000 17.0000 0.0000
v 0.0000 17.0000 0.0000
v 0.0000 17.0000 0.0000
v 0.0000 17.0000 0.0000
v 0.0000 17.0000 0.0000
v 0.0000 17.0000 0.0000
v 0.0000 17.0000 0.0000
v 0.0000 17.0000 0.0000
v 0.0000 17.0000 0.0000
v 0.0000 17.0000 0.0000
v 0.0000 17.0000 0.0000
v 0.0000 17.0000 0.0000
v 0.0000 17.0000 0.0000
v 0.0000 17.0000 0.0000
v 0.0000 17.0000 0.0000
v 0.0000 17.0000 0.0000
v 0.0000 17.0000 0.0000
v 0.0000 17.0000 0.0000
v 0.0000 17.0000 0.0000
v 0.0000 17.0000 0.0000
v 0.0000 17.0000 0.0000
v 0.0000 17.0000 0.0000
v 0.0000 17.0000 0.0000
v 0.0000 17.0000 0.0000
v 0.0000 17.0000 0.0000
v 0.0000 17.0000 0.0000
v 0.0000 17.0000 0.0000
v 0.0000 17.0000 0.0000
v 0.0000 17.0000 0.0000
v 0.0000 17.0000 0.0000
v 0.0000 17.0000 0.0000
v 0.0000 17.0000 0.0000
v 0.0000 17.0000 0.0000
v 0.0000 17.0000 0.0000
v 0.0000 17.0000 0.0000
v 0.0000 17.0000 0.0000
v 0.0000 17.0000 0.0000
v 0.0000 17.0000 0.0000
v 7.2217 16.8931 0.0000
v 7.1763 16.8931 0.2131
v 7.0406 16.8931 0.4235
v 6.8165 16.8931 0.6287
v 6.5065 16.8931 0.8259
v 6.1148 16.8931 1.0127
v 5.6462 16.8931 1.1867
v 5.1065 16.8931 1.3459
v 4.5027 16.8931 1.4881
v 3.8422 16.8931 1.6117
v 3.1334 16.8931 1.7149
v 2.3852 16.8931 1.7966
v 1.6070 16.8931 1.8557
v 0.8086 16.8931 1.8914
v 0.0000 16.8931 1.9034
v -0.8086 16.8931 1.8914
v -1.6070 16.8931 1.8557
v -2.3852 16.8931 1.7966
v -3.1334 16.8931 1.7149
v -3.8422 16.8931 1.6117
v -4.5027 16.8931 1.4881
v -5.1065 16.8931 1.3459
v -5.6462 16.8931 1.1867
v -6.1148 16.8931 1.0127
v -6.5065 16.8931 0.8259
v -6.8165 16.8931 0.6287
v -7.0406 16.8931 0.4235
v -7.1763 16.8931 0.2131
v -7.2217 16.8931 0.0000
v -7.1763 16.8931 -0.2131
v -7.0406 16.8931 -0.4235
v -6.8165 16.8931 -0.6287
v -6.5065 16.8931 -0.8259
v -6.1148 16.8931 -1.0127
v -5.6462 16.8931 -1.1867
v -5.1065 16.8931 -1.3459
v -4.5027 16.8931 -1.4881
v -3.8422 16.8931 -1.6117
v -3.1334 16.8931 -1.7149
v -2.3852 16.8931 -1.7966
v -1.6070 16.8931 -1.8557
v -0.8086 16.8931 -1.8914
v -0.0000 16.8931 -1.9034
v 0.8086 16.8931 -1.8914
v 1.6070 16.8931 -1.8557
v 2.3852 16.8931 -1.7966
v 3.1334 16.8931 -1.7149
v 3.8422 16.8931 -1.6117
v 4.5027 16.8931 -1.4881
v 5.1065 16.8931 -1.3459
v 5.6462 16.8931 -1.1867
v 6.1148 16.8931 -1.0127
v 6.5065 16.8931 -0.8259
v 6.8165 16.8931 -0.6287
v 7.0406 16.8931 -0.4235
v 7.1763 16.8931 -0.2131
v 14.3526 16.5738 0.0000
v 14.2624 16.5738 0.4235
v 13.9928 16.5738 0.8418
v 13.5472 16.5738 1.2494
v 12.9312 16.5738 1.6413
v 12.1527 16.5738 2.0126
v 11.2213 16.5738 2.3586
v 10.1488 16.5738 2.6749
v 8.9487 16.5738 2.9576
v 7.6360 16.5738 3.2030
v 6.2274 16.5738 3.4082
v 4.7404 16.5738 3.5706
v 3.1938 16.5738 3.6880
v 1.6070 16.5738 3.7591
v 0.0000 16.5738 3.7829
v -1.6070 16.5738 3.7591
v -3.1938 16.5738 3.6880
v -4.7404 16.5738 3.5706
v -6.2274 16.5738 3.4082
v -7.6360 16.5738 3.2030
v -8.9487 16.5738 2.9576
v -10.1488 16.5738 2.6749
v -11.2213 16.5738 2.3586
v -12.1527 16.5738 2.0126
v -12.9312 16.5738 1.6413
v -13.5472 16.5738 1.2494
v -13.9928 16.5738 0.8418
v -14.2624 16.5738 0.4235
v -14.3526 16.5738 0.0000
v -14.2624 16.5738 -0.4235
v -13.9928 16.5738 -0.8418
v -13.5472 16.5738 -1.2494
v -12.9312 16.5738 -1.6413
v -12.1527 16.5738 -2.0126
v -11.2213 16.5738 -2.3586
v -10.1488 16.5738 -2.6749
v -8.9487 16.5738 -2.9576
v -7.6360 16.5738 -3.2030
v -6.2274 16.5738 -3.4082
v -4.7404 16.5738 -3.5706
v -3.1938 16.5738 -3.6880
v -1.6070 16.5738 -3.7591
v -0.0000 16.5738 -3.7829
v 1.6070 16.5738 -3.7591
v 3.1938 16.5738 -3.6880
v 4.7404 16.5738 -3.5706
v 6.2274 16.5738 -3.4082
v 7.6360 16.5738 -3.2030
v 8.9487 16.5738 -2.9576
v 10.1488 16.5738 -2.6749
v 11.2213 16.5738 -2.3586
v 12.1527 16.5738 -2.0126
v 12.9312 16.5738 -1.6413
v 13.5472 16.5738 -1.2494
v 13.9928 16.5738 -0.8418
v 14.2624 16.5738 -0.4235
v 21.3030 16.0460 0.0000
v 21.1691 16.0460 0.6287
v 20.7689 16.0460 1.2494
v 20.1075 16.0460 1.8544
v 19.1933 16.0460 2.4361
v 18.0378 16.0460 2.9872
v 16.6554 16.0460 3.5007
v 15.0635 16.0460 3.9702
v 13.2822 16.0460 4.3898
v 11.3339 16.0460 4.7541
v 9.2430 16.0460 5.0587
v 7.0359 16.0460 5.2997
v 4.7404 16.0460 5.4740
v 2.3852 16.0460 5.5794
v 0.0000 16.0460 5.6147
v -2.3852 16.0460 5.5794
v -4.7404 16.0460 5.4740
v -7.0359 16.0460 5.2997
v -9.2430 16.0460 5.0587
v -11.3339 16.0460 4.7541
v -13.2822 16.0460 4.3898
v -15.0635 16.0460 3.9702
v -16.6554 16.0460 3.5007
v -18.0378 16.0460 2.9872
v -19.1933 16.0460 2.4361
v -20.1075 16.0460 1.8544
v -20.7689 16.0460 1.2494
v -21.1691 16.0460 0.6287
v -21.3030 16.0460 0.0000
v -21.1691 16.0460 -0.6287
v -20.7689 16.0460 -1.2494
v -20.1075 16.0460 -1.8544
v -19.1933 16.0460 -2.4361
v -18.0378 16.0460 -2.9872
v -16.6554 16.0460 -3.5007
v -15.0635 16.0460 -3.9702
v -13.2822 16.0460 -4.3898
v -11.3339 16.0460 -4.7541
v -9.2430 16.0460 -5.0587
v -7.0359 16.0460 -5.2997
v -4.7404 16.0460 -5.4740
v -2.3852 16.0460 -5.5794
v -0.0000 16.0460 -5.6147
v 2.3852 16.0460 -5.5794
v 4.7404 16.0460 -5.4740
v 7.0359 16.0460 -5.2997
v 9.2430 16.0460 -5.0587
v 11.3339 16.0460 -4.7541
v 13.2822 16.0460 -4.3898
v 15.0635 16.0460 -3.9702
v 16.6554 16.0460 -3.5007
v 18.0378 16.0460 -2.9872
v 19.1933 16.0460 -2.4361
v 20.1075 16.0460 -1.8544
v 20.7689 16.0460 -1.2494
v 21.1691 16.0460 -0.6287
v 27.9855 15.3165 0.0000
v 27.8095 15.3165 0.8259
v 27.2838 15.3165 1.6413
v 26.4150 15.3165 2.4361
v 25.2141 15.3165 3.2003
v 23.6960 15.3165 3.9243
v 21.8799 15.3165 4.5989
v 19.7887 15.3165 5.2156
v 17.4487 15.3165 5.7668
v 14.8892 15.3165 6.2455
v 12.1425 15.3165 6.6456
v 9.2430 15.3165 6.9621
v 6.2274 15.3165 7.1911
v 3.1334 15.3165 7.3296
v 0.0000 15.3165 7.3760
v -3.1334 15.3165 7.3296
v -6.2274 15.3165 7.1911
v -9.2430 15.3165 6.9621
v -12.1425 15.3165 6.6456
v -14.8892 15.3165 6.2455
v -17.4487 15.3165 5.7668
v -19.7887 15.3165 5.2156
v -21.8799 15.3165 4.5989
v -23.6960 15.3165 3.9243
v -25.2141 15.3165 3.2003
v -26.4150 15.3165 2.4361
v -27.2838 15.3165 1.6413
v -27.8095 15.3165 0.8259
v -27.9855 15.3165 0.0000
v -27.8095 15.3165 -0.8259
v -27.2838 15.3165 -1.6413
v -26.4150 15.3165 -2.4361
v -25.2141 15.3165 -3.2003
v -23.6960 15.3165 -3.9243
v -21.8799 15.3165 -4.5989
v -19.7887 15.3165 -5.2156
v -17.4487 15.3165 -5.7668
v -14.8892 15.3165 -6.2455
v -12.1425 15.3165 -6.6456
v -9.2430 15.3165 -6.9621
v -6.2274 15.3165 -7.1911
v -3.1334 15.3165 -7.3296
v -0.0000 15.3165 -7.3760
v 3.1334 15.3165 -7.3296
v 6.2274 15.3165 -7.1911
v 9.2430 15.3165 -6.9621
v 12.1425 15.3165 -6.6456
v 14.8892 15.3165 -6.2455
v 17.4487 15.3165 -5.7668
v 19.7887 15.3165 -5.2156
v 21.8799 15.3165 -4.5989
v 23.6960 15.3165 -3.9243
v 25.2141 15.3165 -3.2003
v 26.4150 15.3165 -2.4361
v 27.2838 15.3165 -1.6413
v 27.8095 15.3165 -0.8259
v 34.3161 14.3943 0.0000
v 34.1003 14.3943 1.0127
v 33.4557 14.3943 2.0126
v 32.3904 14.3943 2.9872
v 30.9177 14.3943 3.9243
v 29.0562 14.3943 4.8120
v 26.8294 14.3943 5.6392
v 24.2651 14.3943 6.3955
v 21.3957 14.3943 7.0713
v 18.2572 14.3943 7.6582
v 14.8892 14.3943 8.1489
v 11.3339 14.3943 8.5370
v 7.6360 14.3943 8.8178
v 3.8422 14.3943 8.9877
v 0.0000 14.3943 9.0445
v -3.8422 14.3943 8.9877
v -7.6360 14.3943 8.8178
v -11.3339 14.3943 8.5370
v -14.8892 14.3943 8.1489
v -18.2572 14.3943 7.6582
v -21.3957 14.3943 7.0713
v -24.2651 14.3943 6.3955
v -26.8294 14.3943 5.6392
v -29.0562 14.3943 4.8120
v -30.9177 14.3943 3.9243
v -32.3904 14.3943 2.9872
v -33.4557 14.3943 2.0126
v -34.1003 14.3943 1.0127
v -34.3161 14.3943 0.0000
v -34.1003 14.3943 -1.0127
v -33.4557 14.3943 -2.0126
v -32.3904 14.3943 -2.9872
v -30.9177 14.3943 -3.9243
v -29.0562 14.3943 -4.8120
v -26.8294 14.3943 -5.6392
v -24.2651 14.3943 -6.3955
v -21.3957 14.3943 -7.0713
v -18.2572 14.3943 -7.6582
v -14.8892 14.3943 -8.1489
v -11.3339 14.3943 -8.5370
v -7.6360 14.3943 -8.8178
v -3.8422 14.3943 -8.9877
v -0.0000 14.3943 -9.0445
v 3.8422 14.3943 -8.9877
v 7.6360 14.3943 -8.8178
v 11.3339 14.3943 -8.5370
v 14.8892 14.3943 -8.1489
v 18.2572 14.3943 -7.6582
v 21.3957 14.3943 -7.0713
v 24.2651 14.3943 -6.3955
v 26.8294 14.3943 -5.6392
v 29.0562 14.3943 -4.8120
v 30.9177 14.3943 -3.9243
v 32.3904 14.3943 -2.9872
v 33.4557 14.3943 -2.0126
v 34.1003 14.3943 -1.0127
v 40.2151 13.2911 0.0000
v 39.9622 13.2911 1.1867
v 39.2068 13.2911 2.3586
v 37.9584 13.2911 3.5007
v 36.2325 13.2911 4.5989
v 34.0511 13.2911 5.6392
v 31.4414 13.2911 6.6086
v 28.4364 13.2911 7.4949
v 25.0737 13.2911 8.2869
v 21.3957 13.2911 8.9747
v 17.4487 13.2911 9.5497
v 13.2822 13.2911 10.0045
v 8.9487 13.2911 10.3336
v 4.5027 13.2911 10.5327
v 0.0000 13.2911 10.5993
v -4.5027 13.2911 10.5327
v -8.9487 13.2911 10.3336
v -13.2822 13.2911 10.0045
v -17.4487 13.2911 9.5497
v -21.3957 13.2911 8.9747
v -25.0737 13.2911 8.2869
v -28.4364 13.2911 7.4949
v -31.4414 13.2911 6.6086
v -34.0511 13.2911 5.6392
v -36.2325 13.2911 4.5989
v -37.9584 13.2911 3.5007
v -39.2068 13.2911 2.3586
v -39.9622 13.2911 1.1867
v -40.2151 13.2911 0.0000
v -39.9622 13.2911 -1.1867
v -39.2068 13.2911 -2.3586
v -37.9584 13.2911 -3.5007
v -36.2325 13.2911 -4.5989
v -34.0511 13.2911 -5.6392
v -31.4414 13.2911 -6.6086
v -28.4364 13.2911 -7.4949
v -25.0737 13.2911 -8.2869
v -21.3957 13.2911 -8.9747
v -17.4487 13.2911 -9.5497
v -13.2822 13.2911 -10.0045
v -8.9487 13.2911 -10.3336
v -4.5027 13.2911 -10.5327
v -0.0000 13.2911 -10.5993
v 4.5027 13.2911 -10.5327
v 8.9487 13.2911 -10.3336
v 13.2822 13.2911 -10.0045
v 17.4487 13.2911 -9.5497
v 21.3957 13.2911 -8.9747
v 25.0737 13.2911 -8.2869
v 28.4364 13.2911 -7.4949
v 31.4414 13.2911 -6.6086
v 34.0511 13.2911 -5.6392
v 36.2325 13.2911 -4.5989
v 37.9584 13.2911 -3.5007
v 39.2068 13.2911 -2.3586
v 39.9622 13.2911 -1.1867
v 45.6084 12.0208 0.0000
v 45.3216 12.0208 1.3459
v 44.4649 12.0208 2.6749
v 43.0490 12.0208 3.9702
v 41.0917 12.0208 5.2156
v 38.6177 12.0208 6.3955
v 35.6581 12.0208 7.4949
v 32.2500 12.0208 8.5000
v 28.4364 12.0208 9.3983
v 24.2651 12.0208 10.1783
v 19.7887 12.0208 10.8304
v 15.0635 12.0208 11.3462
v 10.1488 12.0208 11.7194
v 5.1065 12.0208 11.9452
v 0.0000 12.0208 12.0208
v -5.1065 12.0208 11.9452
v -10.1488 12.0208 11.7194
v -15.0635 12.0208 11.3462
v -19.7887 12.0208 10.8304
v -24.2651 12.0208 10.1783
v -28.4364 12.0208 9.3983
v -32.2500 12.0208 8.5000
v -35.6581 12.0208 7.4949
v -38.6177 12.0208 6.3955
v -41.0917 12.0208 5.2156
v -43.0490 12.0208 3.9702
v -44.4649 12.0208 2.6749
v -45.3216 12.0208 1.3459
v -45.6084 12.0208 0.0000
v -45.3216 12.0208 -1.3459
v -44.4649 12.0208 -2.6749
v -43.0490 12.0208 -3.9702
v -41.0917 12.0208 -5.2156
v -38.6177 12.0208 -6.3955
v -35.6581 12.0208 -7.4949
v -32.2500 12.0208 -8.5000
v -28.4364 12.0208 -9.3983
v -24.2651 12.0208 -10.1783
v -19.7887 12.0208 -10.8304
v -15.0635 12.0208 -11.3462
v -10.1488 12.0208 -11.7194
v -5.1065 12.0208 -11.9452
v -0.0000 12.0208 -12.0208
v 5.1065 12.0208 -11.9452
v 10.1488 12.0208 -11.7194
v 15.0635 12.0208 -11.3462
v 19.7887 12.0208 -10.8304
v 24.2651 12.0208 -10.1783
v 28.4364 12.0208 -9.3983
v 32.2500 12.0208 -8.5000
v 35.6581 12.0208 -7.4949
v 38.6177 12.0208 -6.3955
v 41.0917 12.0208 -5.2156
v 43.0490 12.0208 -3.9702
v 44.4649 12.0208 -2.6749
v 45.3216 12.0208 -1.3459
v 50.4281 10.5993 0.0000
v 50.1110 10.5993 1.4881
v 49.1638 10.5993 2.9576
v 47.5983 10.5993 4.3898
v 45.4342 10.5993 5.7668
v 42.6987 10.5993 7.0713
v 39.4263 10.5993 8.2869
v 35.6581 10.5993 9.3983
v 31.4414 10.5993 10.3914
v 26.8294 10.5993 11.2539
v 21.8799 10.5993 11.9749
v 16.6554 10.5993 12.5453
v 11.2213 10.5993 12.9579
v 5.6462 10.5993 13.2076
v 0.0000 10.5993 13.2911
v -5.6462 10.5993 13.2076
v -11.2213 10.5993 12.9579
v -16.6554 10.5993 12.5453
v -21.8799 10.5993 11.9749
v -26.8294 10.5993 11.2539
v -31.4414 10.5993 10.3914
v -35.6581 10.5993 9.3983
v -39.4263 10.5993 8.2869
v -42.6987 10.5993 7.0713
v -45.4342 10.5993 5.7668
v -47.5983 10.5993 4.3898
v -49.1638 10.5993 2.9576
v -50.1110 10.5993 1.4881
v -50.4281 10.5993 0.0000
v -50.1110 10.5993 -1.4881
v -49.1638 10.5993 -2.9576
v -47.5983 10.5993 -4.3898
v -45.4342 10.5993 -5.7668
v -42.6987 10.5993 -7.0713
v -39.4263 10.5993 -8.2869
v -35.6581 10.5993 -9.3983
v -31.4414 10.5993 -10.3914
v -26.8294 10.5993 -11.2539
v -21.8799 10.5993 -11.9749
v -16.6554 10.5993 -12.5453
v -11.2213 10.5993 -12.9579
v -5.6462 10.5993 -13.2076
v -0.0000 10.5993 -13.2911
v 5.6462 10.5993 -13.2076
v 11.2213 10.5993 -12.9579
v 16.6554 10.5993 -12.5453
v 21.8799 10.5993 -11.9749
v 26.8294 10.5993 -11.2539
v 31.4414 10.5993 -10.3914
v 35.6581 10.5993 -9.3983
v 39.4263 10.5993 -8.2869
v 42.6987 10.5993 -7.0713
v 45.4342 10.5993 -5.7668
v 47.5983 10.5993 -4.3898
v 49.1638 10.5993 -2.9576
v 50.1110 10.5993 -1.4881
v 54.6137 9.0445 0.0000
v 54.2703 9.0445 1.6117
v 53.2444 9.0445 3.2030
v 51.5490 9.0445 4.7541
v 49.2053 9.0445 6.2455
v 46.2428 9.0445 7.6582
v 42.6987 9.0445 8.9747
v 38.6177 9.0445 10.1783
v 34.0511 9.0445 11.2539
v 29.0562 9.0445 12.1880
v 23.6960 9.0445 12.9688
v 18.0378 9.0445 13.5866
v 12.1527 9.0445 14.0334
v 6.1148 9.0445 14.3038
v 0.0000 9.0445 14.3943
v -6.1148 9.0445 14.3038
v -12.1527 9.0445 14.0334
v -18.0378 9.0445 13.5866
v -23.6960 9.0445 12.9688
v -29.0562 9.0445 12.1880
v -34.0511 9.0445 11.2539
v -38.6177 9.0445 10.1783
v -42.6987 9.0445 8.9747
v -46.2428 9.0445 7.6582
v -49.2053 9.0445 6.2455
v -51.5490 9.0445 4.7541
v -53.2444 9.0445 3.2030
v -54.2703 9.0445 1.6117
v -54.6137 9.0445 0.0000
v -54.2703 9.0445 -1.6117
v -53.2444 9.0445 -3.2030
v -51.5490 9.0445 -4.7541
v -49.2053 9.0445 -6.2455
v -46.2428 9.0445 -7.6582
v -42.6987 9.0445 -8.9747
v -38.6177 9.0445 -10.1783
v -34.0511 9.0445 -11.2539
v -29.0562 9.0445 -12.1880
v -23.6960 9.0445 -12.9688
v -18.0378 9.0445 -13.5866
v -12.1527 9.0445 -14.0334
v -6.1148 9.0445 -14.3038
v -0.0000 9.0445 -14.3943
v 6.1148 9.0445 -14.3038
v 12.1527 9.0445 -14.0334
v 18.0378 9.0445 -13.5866
v 23.6960 9.0445 -12.9688
v 29.0562 9.0445 -12.1880
v 34.0511 9.0445 -11.2539
v 38.6177 9.0445 -10.1783
v 42.6987 9.0445 -8.9747
v 46.2428 9.0445 -7.6582
v 49.2053 9.0445 -6.2455
v 51.5490 9.0445 -4.7541
v 53.2444 9.0445 -3.2030
v 54.2703 9.0445 -1.6117
v 58.1125 7.3760 0.0000
v 57.7471 7.3760 1.7149
v 56.6555 7.3760 3.4082
v 54.8514 7.3760 5.0587
v 52.3575 7.3760 6.6456
v 49.2053 7.3760 8.1489
v 45.4342 7.3760 9.5497
v 41.0917 7.3760 10.8304
v 36.2325 7.3760 11.9749
v 30.9177 7.3760 12.9688
v 25.2141 7.3760 13.7997
v 19.1933 7.3760 14.4570
v 12.9312 7.3760 14.9325
v 6.5065 7.3760 15.2202
v 0.0000 7.3760 15.3165
v -6.5065 7.3760 15.2202
v -12.9312 7.3760 14.9325
v -19.1933 7.3760 14.4570
v -25.2141 7.3760 13.7997
v -30.9177 7.3760 12.9688
v -36.2325 7.3760 11.9749
v -41.0917 7.3760 10.8304
v -45.4342 7.3760 9.5497
v -49.2053 7.3760 8.1489
v -52.3575 7.3760 6.6456
v -54.8514 7.3760 5.0587
v -56.6555 7.3760 3.4082
v -57.7471 7.3760 1.7149
v -58.1125 7.3760 0.0000
v -57.7471 7.3760 -1.7149
v -56.6555 7.3760 -3.4082
v -54.8514 7.3760 -5.0587
v -52.3575 7.3760 -6.6456
v -49.2053 7.3760 -8.1489
v -45.4342 7.3760 -9.5497
v -41.0917 7.3760 -10.8304
v -36.2325 7.3760 -11.9749
v -30.9177 7.3760 -12.9688
v -25.2141 7.3760 -13.7997
v -19.1933 7.3760 -14.4570
v -12.9312 7.3760 -14.9325
v -6.5065 7.3760 -15.2202
v -0.0000 7.3760 -15.3165
v 6.5065 7.3760 -15.2202
v 12.9312 7.3760 -14.9325
v 19.1933 7.3760 -14.4570
v 25.2141 7.3760 -13.7997
v 30.9177 7.3760 -12.9688
v 36.2325 7.3760 -11.9749
v 41.0917 7.3760 -10.8304
v 45.4342 7.3760 -9.5497
v 49.2053 7.3760 -8.1489
v 52.3575 7.3760 -6.6456
v 54.8514 7.3760 -5.0587
v 56.6555 7.3760 -3.4082
v 57.7471 7.3760 -1.7149
v 60.8805 5.6147 0.0000
v 60.4977 5.6147 1.7966
v 59.3541 5.6147 3.5706
v 57.4641 5.6147 5.2997
v 54.8514 5.6147 6.9621
v 51.5490 5.6147 8.5370
v 47.5983 5.6147 10.0045
v 43.0490 5.6147 11.3462
v 37.9584 5.6147 12.5453
v 32.3904 5.6147 13.5866
v 26.4150 5.6147 14.4570
v 20.1075 5.6147 15.1456
v 13.5472 5.6147 15.6437
v 6.8165 5.6147 15.9451
v 0.0000 5.6147 16.0460
v -6.8165 5.6147 15.9451
v -13.5472 5.6147 15.6437
v -20.1075 5.6147 15.1456
v -26.4150 5.6147 14.4570
v -32.3904 5.6147 13.5866
v -37.9584 5.6147 12.5453
v -43.0490 5.6147 11.3462
v -47.5983 5.6147 10.0045
v -51.5490 5.6147 8.5370
v -54.8514 5.6147 6.9621
v -57.4641 5.6147 5.2997
v -59.3541 5.6147 3.5706
v -60.4977 5.6147 1.7966
v -60.8805 5.6147 0.0000
v -60.4977 5.6147 -1.7966
v -59.3541 5.6147 -3.5706
v -57.4641 5.6147 -5.2997
v -54.8514 5.6147 -6.9621
v -51.5490 5.6147 -8.5370
v -47.5983 5.6147 -10.0045
v -43.0490 5.6147 -11.3462
v -37.9584 5.6147 -12.5453
v -32.3904 5.6147 -13.5866
v -26.4150 5.6147 -14.4570
v -20.1075 5.6147 -15.1456
v -13.5472 5.6147 -15.6437
v -6.8165 5.6147 -15.9451
v -0.0000 5.6147 -16.0460
v 6.8165 5.6147 -15.9451
v 13.5472 5.6147 -15.6437
v 20.1075 5.6147 -15.1456
v 26.4150 5.6147 -14.4570
v 32.3904 5.6147 -13.5866
v 37.9584 5.6147 -12.5453
v 43.0490 5.6147 -11.3462
v 47.5983 5.6147 -10.0045
v 51.5490 5.6147 -8.5370
v 54.8514 5.6147 -6.9621
v 57.4641 5.6147 -5.2997
v 59.3541 5.6147 -3.5706
v 60.4977 5.6147 -1.7966
v 62.8829 3.7829 0.0000
v 62.4875 3.7829 1.8557
v 61.3062 3.7829 3.6880
v 59.3541 3.7829 5.4740
v 56.6555 3.7829 7.1911
v 53.2444 3.7829 8.8178
v 49.1638 3.7829 10.3336
v 44.4649 3.7829 11.7194
v 39.2068 3.7829 12.9579
v 33.4557 3.7829 14.0334
v 27.2838 3.7829 14.9325
v 20.7689 3.7829 15.6437
v 13.9928 3.7829 16.1582
v 7.0406 3.7829 16.4696
v 0.0000 3.7829 16.5738
v -7.0406 3.7829 16.4696
v -13.9928 3.7829 16.1582
v -20.7689 3.7829 15.6437
v -27.2838 3.7829 14.9325
v -33.4557 3.7829 14.0334
v -39.2068 3.7829 12.9579
v -44.4649 3.7829 11.7194
v -49.1638 3.7829 10.3336
v -53.2444 3.7829 8.8178
v -56.6555 3.7829 7.1911
v -59.3541 3.7829 5.4740
v -61.3062 3.7829 3.6880
v -62.4875 3.7829 1.8557
v -62.8829 3.7829 0.0000
v -62.4875 3.7829 -1.8557
v -61.3062 3.7829 -3.6880
v -59.3541 3.7829 -5.4740
v -56.6555 3.7829 -7.1911
v -53.2444 3.7829 -8.8178
v -49.1638 3.7829 -10.3336
v -44.4649 3.7829 -11.7194
v -39.2068 3.7829 -12.9579
v -33.4557 3.7829 -14.0334
v -27.2838 3.7829 -14.9325
v -20.7689 3.7829 -15.6437
v -13.9928 3.7829 -16.1582
v -7.0406 3.7829 -16.4696
v -0.0000 3.7829 -16.5738
v 7.0406 3.7829 -16.4696
v 13.9928 3.7829 -16.1582
v 20.7689 3.7829 -15.6437
v 27.2838 3.7829 -14.9325
v 33.4557 3.7829 -14.0334
v 39.2068 3.7829 -12.9579
v 44.4649 3.7829 -11.7194
v 49.1638 3.7829 -10.3336
v 53.2444 3.7829 -8.8178
v 56.6555 3.7829 -7.1911
v 59.3541 3.7829 -5.4740
v 61.3062 3.7829 -3.6880
v 62.4875 3.7829 -1.8557
v 64.0944 1.9034 0.0000
v 63.6914 1.9034 1.8914
v 62.4875 1.9034 3.7591
v 60.4977 1.9034 5.5794
v 57.7471 1.9034 7.3296
v 54.2703 1.9034 8.9877
v 50.1110 1.9034 10.5327
v 45.3216 1.9034 11.9452
v 39.9622 1.9034 13.2076
v 34.1003 1.9034 14.3038
v 27.8095 1.9034 15.2202
v 21.1691 1.9034 15.9451
v 14.2624 1.9034 16.4696
v 7.1763 1.9034 16.7869
v 0.0000 1.9034 16.8931
v -7.1763 1.9034 16.7869
v -14.2624 1.9034 16.4696
v -21.1691 1.9034 15.9451
v -27.8095 1.9034 15.2202
v -34.1003 1.9034 14.3038
v -39.9622 1.9034 13.2076
v -45.3216 1.9034 11.9452
v -50.1110 1.9034 10.5327
v -54.2703 1.9034 8.9877
v -57.7471 1.9034 7.3296
v -60.4977 1.9034 5.5794
v -62.4875 1.9034 3.7591
v -63.6914 1.9034 1.8914
v -64.0944 1.9034 0.0000
v -63.6914 1.9034 -1.8914
v -62.4875 1.9034 -3.7591
v -60.4977 1.9034 -5.5794
v -57.7471 1.9034 -7.3296
v -54.2703 1.9034 -8.9877
v -50.1110 1.9034 -10.5327
v -45.3216 1.9034 -11.9452
v -39.9622 1.9034 -13.2076
v -34.1003 1.9034 -14.3038
v -27.8095 1.9034 -15.2202
v -21.1691 1.9034 -15.9451
v -14.2624 1.9034 -16.4696
v -7.1763 1.9034 -16.7869
v -0.0000 1.9034 -16.8931
v 7.1763 1.9034 -16.7869
v 14.2624 1.9034 -16.4696
v 21.1691 1.9034 -15.9451
v 27.8095 1.9034 -15.2202
v 34.1003 1.9034 -14.3038
v 39.9622 1.9034 -13.2076
v 45.3216 1.9034 -11.9452
v 50.1110 1.9034 -10.5327
v 54.2703 1.9034 -8.9877
v 57.7471 1.9034 -7.3296
v 60.4977 1.9034 -5.5794
v 62.4875 1.9034 -3.7591
v 63.6914 1.9034 -1.8914
v 64.5000 0.0000 0.0000
v 64.0944 0.0000 1.9034
v 62.8829 0.0000 3.7829
v 60.8805 0.0000 5.6147
v 58.1125 0.0000 7.3760
v 54.6137 0.0000 9.0445
v 50.4281 0.0000 10.5993
v 45.6084 0.0000 12.0208
v 40.2151 0.0000 13.2911
v 34.3161 0.0000 14.3943
v 27.9855 0.0000 15.3165
v 21.3030 0.0000 16.0460
v 14.3526 0.0000 16.5738
v 7.2217 0.0000 16.8931
v 0.0000 0.0000 17.0000
v -7.2217 0.0000 16.8931
v -14.3526 0.0000 16.5738
v -21.3030 0.0000 16.0460
v -27.9855 0.0000 15.3165
v -34.3161 0.0000 14.3943
v -40.2151 0.0000 13.2911
v -45.6084 0.0000 12.0208
v -50.4281 0.0000 10.5993
v -54.6137 0.0000 9.0445
v -58.1125 0.0000 7.3760
v -60.8805 0.0000 5.6147
v -62.8829 0.0000 3.7829
v -64.0944 0.0000 1.9034
v -64.5000 0.0000 0.0000
v -64.0944 0.0000 -1.9034
v -62.8829 0.0000 -3.7829
v -60.8805 0.0000 -5.6147
v -58.1125 0.0000 -7.3760
v -54.6137 0.0000 -9.0445
v -50.4281 0.0000 -10.5993
v -45.6084 0.0000 -12.0208
v -40.2151 0.0000 -13.2911
v -34.3161 0.0000 -14.3943
v -27.9855 0.0000 -15.3165
v -21.3030 0.0000 -16.0460
v -14.3526 0.0000 -16.5738
v -7.2217 0.0000 -16.8931
v -0.0000 0.0000 -17.0000
v 7.2217 0.0000 -16.8931
v 14.3526 0.0000 -16.5738
v 21.3030 0.0000 -16.0460
v 27.9855 0.0000 -15.3165
v 34.3161 0.0000 -14.3943
v 40.2151 0.0000 -13.2911
v 45.6084 0.0000 -12.0208
v 50.4281 0.0000 -10.5993
v 54.6137 0.0000 -9.0445
v 58.1125 0.0000 -7.3760
v 60.8805 0.0000 -5.6147
v 62.8829 0.0000 -3.7829
v 64.0944 0.0000 -1.9034
v 64.0944 -1.9034 0.0000
v 63.6914 -1.9034 1.8914
v 62.4875 -1.9034 3.7591
v 60.4977 -1.9034 5.5794
v 57.7471 -1.9034 7.3296
v 54.2703 -1.9034 8.9877
v 50.1110 -1.9034 10.5327
v 45.3216 -1.9034 11.9452
v 39.9622 -1.9034 13.2076
v 34.1003 -1.9034 14.3038
v 27.8095 -1.9034 15.2202
v 21.1691 -1.9034 15.9451
v 14.2624 -1.9034 16.4696
v 7.1763 -1.9034 16.7869
v 0.0000 -1.9034 16.8931
v -7.1763 -1.9034 16.7869
v -14.2624 -1.9034 16.4696
v -21.1691 -1.9034 15.9451
v -27.8095 -1.9034 15.2202
v -34.1003 -1.9034 14.3038
v -39.9622 -1.9034 13.2076
v -45.3216 -1.9034 11.9452
v -50.1110 -1.9034 10.5327
v -54.2703 -1.9034 8.9877
v -57.7471 -1.9034 7.3296
v -60.4977 -1.9034 5.5794
v -62.4875 -1.9034 3.7591
v -63.6914 -1.9034 1.8914
v -64.0944 -1.9034 0.0000
v -63.6914 -1.9034 -1.8914
v -62.4875 -1.9034 -3.7591
v -60.4977 -1.9034 -5.5794
v -57.7471 -1.9034 -7.3296
v -54.2703 -1.9034 -8.9877
v -50.1110 -1.9034 -10.5327
v -45.3216 -1.9034 -11.9452
v -39.9622 -1.9034 -13.2076
v -34.1003 -1.9034 -14.3038
v -27.8095 -1.9034 -15.2202
v -21.1691 -1.9034 -15.9451
v -14.2624 -1.9034 -16.4696
v -7.1763 -1.9034 -16.7869
v -0.0000 -1.9034 -16.8931
v 7.1763 -1.9034 -16.7869
v 14.2624 -1.9034 -16.4696
v 21.1691 -1.9034 -15.9451
v 27.8095 -1.9034 -15.2202
v 34.1003 -1.9034 -14.3038
v 39.9622 -1.9034 -13.2076
v 45.3216 -1.9034 -11.9452
v 50.1110 -1.9034 -10.5327
v 54.2703 -1.9034 -8.9877
v 57.7471 -1.9034 -7.3296
v 60.4977 -1.9034 -5.5794
v 62.4875 -1.9034 -3.7591
v 63.6914 -1.9034 -1.8914
v 62.8829 -3.7829 0.0000
v 62.4875 -3.7829 1.8557
v 61.3062 -3.7829 3.6880
v 59.3541 -3.7829 5.4740
v 56.6555 -3.7829 7.1911
v 53.2444 -3.7829 8.8178
v 49.1638 -3.7829 10.3336
v 44.4649 -3.7829 11.7194
v 39.2068 -3.7829 12.9579
v 33.4557 -3.7829 14.0334
v 27.2838 -3.7829 14.9325
v 20.7689 -3.7829 15.6437
v 13.9928 -3.7829 16.1582
v 7.0406 -3.7829 16.4696
v 0.0000 -3.7829 16.5738
v -7.0406 -3.7829 16.4696
v -13.9928 -3.7829 16.1582
v -20.7689 -3.7829 15.6437
v -27.2838 -3.7829 14.9325
v -33.4557 -3.7829 14.0334
v -39.2068 -3.7829 12.9579
v -44.4649 -3.7829 11.7194
v -49.1638 -3.7829 10.3336
v -53.2444 -3.7829 8.8178
v -56.6555 -3.7829 7.1911
v -59.3541 -3.7829 5.4740
v -61.3062 -3.7829 3.6880
v -62.4875 -3.7829 1.8557
v -62.8829 -3.7829 0.0000
v -62.4875 -3.7829 -1.8557
v -61.3062 -3.7829 -3.6880
v -59.3541 -3.7829 -5.4740
v -56.6555 -3.7829 -7.1911
v -53.2444 -3.7829 -8.8178
v -49.1638 -3.7829 -10.3336
v -44.4649 -3.7829 -11.7194
v -39.2068 -3.7829 -12.9579
v -33.4557 -3.7829 -14.0334
v -27.2838 -3.7829 -14.9325
v -20.7689 -3.7829 -15.6437
v -13.9928 -3.7829 -16.1582
v -7.0406 -3.7829 -16.4696
v -0.0000 -3.7829 -16.5738
v 7.0406 -3.7829 -16.4696
v 13.9928 -3.7829 -16.1582
v 20.7689 -3.7829 -15.6437
v 27.2838 -3.7829 -14.9325
v 33.4557 -3.7829 -14.0334
v 39.2068 -3.7829 -12.9579
v 44.4649 -3.7829 -11.7194
v 49.1638 -3.7829 -10.3336
v 53.2444 -3.7829 -8.8178
v 56.6555 -3.7829 -7.1911
v 59.3541 -3.7829 -5.4740
v 61.3062 -3.7829 -3.6880
v 62.4875 -3.7829 -1.8557
v 60.8805 -5.6147 0.0000
v 60.4977 -5.6147 1.7966
v 59.3541 -5.6147 3.5706
v 57.4641 -5.6147 5.2997
v 54.8514 -5.6147 6.9621
v 51.5490 -5.6147 8.5370
v 47.5983 -5.6147 10.0045
v 43.0490 -5.6147 11.3462
v 37.9584 -5.6147 12.5453
v 32.3904 -5.6147 13.5866
v 26.4150 -5.6147 14.4570
v 20.1075 -5.6147 15.1456
v 13.5472 -5.6147 15.6437
v 6.8165 -5.6147 15.9451
v 0.0000 -5.6147 16.0460
v -6.8165 -5.6147 15.9451
v -13.5472 -5.6147 15.6437
v -20.1075 -5.6147 15.1456
v -26.4150 -5.6147 14.4570
v -32.3904 -5.6147 13.5866
v -37.9584 -5.6147 12.5453
v -43.0490 -5.6147 11.3462
v -47.5983 -5.6147 10.0045
v -51.5490 -5.6147 8.5370
v -54.8514 -5.6147 6.9621
v -57.4641 -5.6147 5.2997
v -59.3541 -5.6147 3.5706
v -60.4977 -5.6147 1.7966
v -60.8805 -5.6147 0.0000
v -60.4977 -5.6147 -1.7966
v -59.3541 -5.6147 -3.5706
v -57.4641 -5.6147 -5.2997
v -54.8514 -5.6147 -6.9621
v -51.5490 -5.6147 -8.5370
v -47.5983 -5.6147 -10.0045
v -43.0490 -5.6147 -11.3462
v -37.9584 -5.6147 -12.5453
v -32.3904 -5.6147 -13.5866
v -26.4150 -5.6147 -14.4570
v -20.1075 -5.6147 -15.1456
v -13.5472 -5.6147 -15.6437
v -6.8165 -5.6147 -15.9451
v -0.0000 -5.6147 -16.0460
v 6.8165 -5.6147 -15.9451
v 13.5472 -5.6147 -15.6437
v 20.1075 -5.6147 -15.1456
v 26.4150 -5.6147 -14.4570
v 32.3904 -5.6147 -13.5866
v 37.9584 -5.6147 -12.5453
v 43.0490 -5.6147 -11.3462
v 47.5983 -5.6147 -10.0045
v 51.5490 -5.6147 -8.5370
v 54.8514 -5.6147 -6.9621
v 57.4641 -5.6147 -5.2997
v 59.3541 -5.6147 -3.5706
v 60.4977 -5.6147 -1.7966
v 58.1125 -7.3760 0.0000
v 57.7471 -7.3760 1.7149
v 56.6555 -7.3760 3.4082
v 54.8514 -7.3760 5.0587
v 52.3575 -7.3760 6.6456
v 49.2053 -7.3760 8.1489
v 45.4342 -7.3760 9.5497
v 41.0917 -7.3760 10.8304
v 36.2325 -7.3760 11.9749
v 30.9177 -7.3760 12.9688
v 25.2141 -7.3760 13.7997
v 19.1933 -7.3760 14.4570
v 12.9312 -7.3760 14.9325
v 6.5065 -7.3760 15.2202
v 0.0000 -7.3760 15.3165
v -6.5065 -7.3760 15.2202
v -12.9312 -7.3760 14.9325
v -19.1933 -7.3760 14.4570
v -25.2141 -7.3760 13.7997
v -30.9177 -7.3760 12.9688
v -36.2325 -7.3760 11.9749
v -41.0917 -7.3760 10.8304
v -45.4342 -7.3760 9.5497
v -49.2053 -7.3760 8.1489
v -52.3575 -7.3760 6.6456
v -54.8514 -7.3760 5.0587
v -56.6555 -7.3760 3.4082
v -57.7471 -7.3760 1.7149
v -58.1125 -7.3760 0.0000
v -57.7471 -7.3760 -1.7149
v -56.6555 -7.3760 -3.4082
v -54.8514 -7.3760 -5.0587
v -52.3575 -7.3760 -6.6456
v -49.2053 -7.3760 -8.1489
v -45.4342 -7.3760 -9.5497
v -41.0917 -7.3760 -10.8304
v -36.2325 -7.3760 -11.9749
v -30.9177 -7.3760 -12.9688
v -25.2141 -7.3760 -13.7997
v -19.1933 -7.3760 -14.4570
v -12.9312 -7.3760 -14.9325
v -6.5065 -7.3760 -15.2202
v -0.0000 -7.3760 -15.3165
v 6.5065 -7.3760 -15.2202
v 12.9312 -7.3760 -14.9325
v 19.1933 -7.3760 -14.4570
v 25.2141 -7.3760 -13.7997
v 30.9177 -7.3760 -12.9688
v 36.2325 -7.3760 -11.9749
v 41.0917 -7.3760 -10.8304
v 45.4342 -7.3760 -9.5497
v 49.2053 -7.3760 -8.1489
v 52.3575 -7.3760 -6.6456
v 54.8514 -7.3760 -5.0587
v 56.6555 -7.3760 -3.4082
v 57.7471 -7.3760 -1.7149
v 54.6137 -9.0445 0.0000
v 54.2703 -9.0445 1.6117
v 53.2444 -9.0445 3.2030
v 51.5490 -9.0445 4.7541
v 49.2053 -9.0445 6.2455
v 46.2428 -9.0445 7.6582
v 42.6987 -9.0445 8.9747
v 38.6177 -9.0445 10.1783
v 34.0511 -9.0445 11.2539
v 29.0562 -9.0445 12.1880
v 23.6960 -9.0445 12.9688
v 18.0378 -9.0445 13.5866
v 12.1527 -9.0445 14.0334
v 6.1148 -9.0445 14.3038
v 0.0000 -9.0445 14.3943
v -6.1148 -9.0445 14.3038
v -12.1527 -9.0445 14.0334
v -18.0378 -9.0445 13.5866
v -23.6960 -9.0445 12.9688
v -29.0562 -9.0445 12.1880
v -34.0511 -9.0445 11.2539
v -38.6177 -9.0445 10.1783
v -42.6987 -9.0445 8.9747
v -46.2428 -9.0445 7.6582
v -49.2053 -9.0445 6.2455
v -51.5490 -9.0445 4.7541
v -53.2444 -9.0445 3.2030
v -54.2703 -9.0445 1.6117
v -54.6137 -9.0445 0.0000
v -54.2703 -9.0445 -1.6117
v -53.2444 -9.0445 -3.2030
v -51.5490 -9.0445 -4.7541
v -49.2053 -9.0445 -6.2455
v -46.2428 -9.0445 -7.6582
v -42.6987 -9.0445 -8.9747
v -38.6177 -9.0445 -10.1783
v -34.0511 -9.0445 -11.2539
v -29.0562 -9.0445 -12.1880
v -23.6960 -9.0445 -12.9688
v -18.0378 -9.0445 -13.5866
v -12.1527 -9.0445 -14.0334
v -6.1148 -9.0445 -14.3038
v -0.0000 -9.0445 -14.3943
v 6.1148 -9.0445 -14.3038
v 12.1527 -9.0445 -14.0334
v 18.0378 -9.0445 -13.5866
v 23.6960 -9.0445 -12.9688
v 29.0562 -9.0445 -12.1880
v 34.0511 -9.0445 -11.2539
v 38.6177 -9.0445 -10.1783
v 42.6987 -9.0445 -8.9747
v 46.2428 -9.0445 -7.6582
v 49.2053 -9.0445 -6.2455
v 51.5490 -9.0445 -4.7541
v 53.2444 -9.0445 -3.2030
v 54.2703 -9.0445 -1.6117
v 50.4281 -10.5993 0.0000
v 50.1110 -10.5993 1.4881
v 49.1638 -10.5993 2.9576
v 47.5983 -10.5993 4.3898
v 45.4342 -10.5993 5.7668
v 42.6987 -10.5993 7.0713
v 39.4263 -10.5993 8.2869
v 35.6581 -10.5993 9.3983
v 31.4414 -10.5993 10.3914
v 26.8294 -10.5993 11.2539
v 21.8799 -10.5993 11.9749
v 16.6554 -10.5993 12.5453
v 11.2213 -10.5993 12.9579
v 5.6462 -10.5993 13.2076
v 0.0000 -10.5993 13.2911
v -5.6462 -10.5993 13.2076
v -11.2213 -10.5993 12.9579
v -16.6554 -10.5993 12.5453
v -21.8799 -10.5993 11.9749
v -26.8294 -10.5993 11.2539
v -31.4414 -10.5993 10.3914
v -35.6581 -10.5993 9.3983
v -39.4263 -10.5993 8.2869
v -42.6987 -10.5993 7.0713
v -45.4342 -10.5993 5.7668
v -47.5983 -10.5993 4.3898
v -49.1638 -10.5993 2.9576
v -50.1110 -10.5993 1.4881
v -50.4281 -10.5993 0.0000
v -50.1110 -10.5993 -1.4881
v -49.1638 -10.5993 -2.9576
v -47.5983 -10.5993 -4.3898
v -45.4342 -10.5993 -5.7668
v -42.6987 -10.5993 -7.0713
v -39.4263 -10.5993 -8.2869
v -35.6581 -10.5993 -9.3983
v -31.4414 -10.5993 -10.3914
v -26.8294 -10.5993 -11.2539
v -21.8799 -10.5993 -11.9749
v -16.6554 -10.5993 -12.5453
v -11.2213 -10.5993 -12.9579
v -5.6462 -10.5993 -13.2076
v -0.0000 -10.5993 -13.2911
v 5.6462 -10.5993 -13.2076
v 11.2213 -10.5993 -12.9579
v 16.6554 -10.5993 -12.5453
v 21.8799 -10.5993 -11.9749
v 26.8294 -10.5993 -11.2539
v 31.4414 -10.5993 -10.3914
v 35.6581 -10.5993 -9.3983
v 39.4263 -10.5993 -8.2869
v 42.6987 -10.5993 -7.0713
v 45.4342 -10.5993 -5.7668
v 47.5983 -10.5993 -4.3898
v 49.1638 -10.5993 -2.9576
v 50.1110 -10.5993 -1.4881
v 45.6084 -12.0208 0.0000
v 45.3216 -12.0208 1.3459
v 44.4649 -12.0208 2.6749
v 43.0490 -12.0208 3.9702
v 41.0917 -12.0208 5.2156
v 38.6177 -12.0208 6.3955
v 35.6581 -12.0208 7.4949
v 32.2500 -12.0208 8.5000
v 28.4364 -12.0208 9.3983
v 24.2651 -12.0208 10.1783
v 19.7887 -12.0208 10.8304
v 15.0635 -12.0208 11.3462
v 10.1488 -12.0208 11.7194
v 5.1065 -12.0208 11.9452
v 0.0000 -12.0208 12.0208
v -5.1065 -12.0208 11.9452
v -10.1488 -12.0208 11.7194
v -15.0635 -12.0208 11.3462
v -19.7887 -12.0208 10.8304
v -24.2651 -12.0208 10.1783
v -28.4364 -12.0208 9.3983
v -32.2500 -12.0208 8.5000
v -35.6581 -12.0208 7.4949
v -38.6177 -12.0208 6.3955
v -41.0917 -12.0208 5.2156
v -43.0490 -12.0208 3.9702
v -44.4649 -12.0208 2.6749
v -45.3216 -12.0208 1.3459
v -45.6084 -12.0208 0.0000
v -45.3216 -12.0208 -1.3459
v -44.4649 -12.0208 -2.6749
v -43.0490 -12.0208 -3.9702
v -41.0917 -12.0208 -5.2156
v -38.6177 -12.0208 -6.3955
v -35.6581 -12.0208 -7.4949
v -32.2500 -12.0208 -8.5000
v -28.4364 -12.0208 -9.3983
v -24.2651 -12.0208 -10.1783
v -19.7887 -12.0208 -10.8304
v -15.0635 -12.0208 -11.3462
v -10.1488 -12.0208 -11.7194
v -5.1065 -12.0208 -11.9452
v -0.0000 -12.0208 -12.0208
v 5.1065 -12.0208 -11.9452
v 10.1488 -12.0208 -11.7194
v 15.0635 -12.0208 -11.3462
v 19.7887 -12.0208 -10.8304
v 24.2651 -12.0208 -10.1783
v 28.4364 -12.0208 -9.3983
v 32.2500 -12.0208 -8.5000
v 35.6581 -12.0208 -7.4949
v 38.6177 -12.0208 -6.3955
v 41.0917 -12.0208 -5.2156
v 43.0490 -12.0208 -3.9702
v 44.4649 -12.0208 -2.6749
v 45.3216 -12.0208 -1.3459
v 40.2151 -13.2911 0.0000
v 39.9622 -13.2911 1.1867
v 39.2068 -13.2911 2.3586
v 37.9584 -13.2911 3.5007
v 36.2325 -13.2911 4.5989
v 34.0511 -13.2911 5.6392
v 31.4414 -13.2911 6.6086
v 28.4364 -13.2911 7.4949
v 25.0737 -13.2911 8.2869
v 21.3957 -13.2911 8.9747
v 17.4487 -13.2911 9.5497
v 13.2822 -13.2911 10.0045
v 8.9487 -13.2911 10.3336
v 4.5027 -13.2911 10.5327
v 0.0000 -13.2911 10.5993
v -4.5027 -13.2911 10.5327
v -8.9487 -13.2911 10.3336
v -13.2822 -13.2911 10.0045
v -17.4487 -13.2911 9.5497
v -21.3957 -13.2911 8.9747
v -25.0737 -13.2911 8.2869
v -28.4364 -13.2911 7.4949
v -31.4414 -13.2911 6.6086
v -34.0511 -13.2911 5.6392
v -36.2325 -13.2911 4.5989
v -37.9584 -13.2911 3.5007
v -39.2068 -13.2911 2.3586
v -39.9622 -13.2911 1.1867
v -40.2151 -13.2911 0.0000
v -39.9622 -13.2911 -1.1867
v -39.2068 -13.2911 -2.3586
v -37.9584 -13.2911 -3.5007
v -36.2325 -13.2911 -4.5989
v -34.0511 -13.2911 -5.6392
v -31.4414 -13.2911 -6.6086
v -28.4364 -13.2911 -7.4949
v -25.0737 -13.2911 -8.2869
v -21.3957 -13.2911 -8.9747
v -17.4487 -13.2911 -9.5497
v -13.2822 -13.2911 -10.0045
v -8.9487 -13.2911 -10.3336
v -4.5027 -13.2911 -10.5327
v -0.0000 -13.2911 -10.5993
v 4.5027 -13.2911 -10.5327
v 8.9487 -13.2911 -10.3336
v 13.2822 -13.2911 -10.0045
v 17.4487 -13.2911 -9.5497
v 21.3957 -13.2911 -8.9747
v 25.0737 -13.2911 -8.2869
v 28.4364 -13.2911 -7.4949
v 31.4414 -13.2911 -6.6086
v 34.0511 -13.2911 -5.6392
v 36.2325 -13.2911 -4.5989
v 37.9584 -13.2911 -3.5007
v 39.2068 -13.2911 -2.3586
v 39.9622 -13.2911 -1.1867
v 34.3161 -14.3943 0.0000
v 34.1003 -14.3943 1.0127
v 33.4557 -14.3943 2.0126
v 32.3904 -14.3943 2.9872
v 30.9177 -14.3943 3.9243
v 29.0562 -14.3943 4.8120
v 26.8294 -14.3943 5.6392
v 24.2651 -14.3943 6.3955
v 21.3957 -14.3943 7.0713
v 18.2572 -14.3943 7.6582
v 14.8892 -14.3943 8.1489
v 11.3339 -14.3943 8.5370
v 7.6360 -14.3943 8.8178
v 3.8422 -14.3943 8.9877
v 0.0000 -14.3943 9.0445
v -3.8422 -14.3943 8.9877
v -7.6360 -14.3943 8.8178
v -11.3339 -14.3943 8.5370
v -14.8892 -14.3943 8.1489
v -18.2572 -14.3943 7.6582
v -21.3957 -14.3943 7.0713
v -24.2651 -14.3943 6.3955
v -26.8294 -14.3943 5.6392
v -29.0562 -14.3943 4.8120
v -30.9177 -14.3943 3.9243
v -32.3904 -14.3943 2.9872
v -33.4557 -14.3943 2.0126
v -34.1003 -14.3943 1.0127
v -34.3161 -14.3943 0.0000
v -34.1003 -14.3943 -1.0127
v -33.4557 -14.3943 -2.0126
v -32.3904 -14.3943 -2.9872
v -30.9177 -14.3943 -3.9243
v -29.0562 -14.3943 -4.8120
v -26.8294 -14.3943 -5.6392
v -24.2651 -14.3943 -6.3955
v -21.3957 -14.3943 -7.0713
v -18.2572 -14.3943 -7.6582
v -14.8892 -14.3943 -8.1489
v -11.3339 -14.3943 -8.5370
v -7.6360 -14.3943 -8.8178
v -3.8422 -14.3943 -8.9877
v -0.0000 -14.3943 -9.0445
v 3.8422 -14.3943 -8.9877
v 7.6360 -14.3943 -8.8178
v 11.3339 -14.3943 -8.5370
v 14.8892 -14.3943 -8.1489
v 18.2572 -14.3943 -7.6582
v 21.3957 -14.3943 -7.0713
v 24.2651 -14.3943 -6.3955
v 26.8294 -14.3943 -5.6392
v 29.0562 -14.3943 -4.8120
v 30.9177 -14.3943 -3.9243
v 32.3904 -14.3943 -2.9872
v 33.4557 -14.3943 -2.0126
v 34.1003 -14.3943 -1.0127
v 27.9855 -15.3165 0.0000
v 27.8095 -15.3165 0.8259
v 27.2838 -15.3165 1.6413
v 26.4150 -15.3165 2.4361
v 25.2141 -15.3165 3.2003
v 23.6960 -15.3165 3.9243
v 21.8799 -15.3165 4.5989
v 19.7887 -15.3165 5.2156
v 17.4487 -15.3165 5.7668
v 14.8892 -15.3165 6.2455
v 12.1425 -15.3165 6.6456
v 9.2430 -15.3165 6.9621
v 6.2274 -15.3165 7.1911
v 3.1334 -15.3165 7.3296
v 0.0000 -15.3165 7.3760
v -3.1334 -15.3165 7.3296
v -6.2274 -15.3165 7.1911
v -9.2430 -15.3165 6.9621
v -12.1425 -15.3165 6.6456
v -14.8892 -15.3165 6.2455
v -17.4487 -15.3165 5.7668
v -19.7887 -15.3165 5.2156
v -21.8799 -15.3165 4.5989
v -23.6960 -15.3165 3.9243
v -25.2141 -15.3165 3.2003
v -26.4150 -15.3165 2.4361
v -27.2838 -15.3165 1.6413
v -27.8095 -15.3165 0.8259
v -27.9855 -15.3165 0.0000
v -27.8095 -15.3165 -0.8259
v -27.2838 -15.3165 -1.6413
v -26.4150 -15.3165 -2.4361
v -25.2141 -15.3165 -3.2003
v -23.6960 -15.3165 -3.9243
v -21.8799 -15.3165 -4.5989
v -19.7887 -15.3165 -5.2156
v -17.4487 -15.3165 -5.7668
v -14.8892 -15.3165 -6.2455
v -12.1425 -15.3165 -6.6456
v -9.2430 -15.3165 -6.9621
v -6.2274 -15.3165 -7.1911
v -3.1334 -15.3165 -7.3296
v -0.0000 -15.3165 -7.3760
v 3.1334 -15.3165 -7.3296
v 6.2274 -15.3165 -7.1911
v 9.2430 -15.3165 -6.9621
v 12.1425 -15.3165 -6.6456
v 14.8892 -15.3165 -6.2455
v 17.4487 -15.3165 -5.7668
v 19.7887 -15.3165 -5.2156
v 21.8799 -15.3165 -4.5989
v 23.6960 -15.3165 -3.9243
v 25.2141 -15.3165 -3.2003
v 26.4150 -15.3165 -2.4361
v 27.2838 -15.3165 -1.6413
v 27.8095 -15.3165 -0.8259
v 21.3030 -16.0460 0.0000
v 21.1691 -16.0460 0.6287
v 20.7689 -16.0460 1.2494
v 20.1075 -16.0460 1.8544
v 19.1933 -16.0460 2.4361
v 18.0378 -16.0460 2.9872
v 16.6554 -16.0460 3.5007
v 15.0635 -16.0460 3.9702
v 13.2822 -16.0460 4.3898
v 11.3339 -16.0460 4.7541
v 9.2430 -16.0460 5.0587
v 7.0359 -16.0460 5.2997
v 4.7404 -16.0460 5.4740
v 2.3852 -16.0460 5.5794
v 0.0000 -16.0460 5.6147
v -2.3852 -16.0460 5.5794
v -4.7404 -16.0460 5.4740
v -7.0359 -16.0460 5.2997
v -9.2430 -16.0460 5.0587
v -11.3339 -16.0460 4.7541
v -13.2822 -16.0460 4.3898
v -15.0635 -16.0460 3.9702
v -16.6554 -16.0460 3.5007
v -18.0378 -16.0460 2.9872
v -19.1933 -16.0460 2.4361
v -20.1075 -16.0460 1.8544
v -20.7689 -16.0460 1.2494
v -21.1691 -16.0460 0.6287
v -21.3030 -16.0460 0.0000
v -21.1691 -16.0460 -0.6287
v -20.7689 -16.0460 -1.2494
v -20.1075 -16.0460 -1.8544
v -19.1933 -16.0460 -2.4361
v -18.0378 -16.0460 -2.9872
v -16.6554 -16.0460 -3.5007
v -15.0635 -16.0460 -3.9702
v -13.2822 -16.0460 -4.3898
v -11.3339 -16.0460 -4.7541
v -9.2430 -16.0460 -5.0587
v -7.0359 -16.0460 -5.2997
v -4.7404 -16.0460 -5.4740
v -2.3852 -16.0460 -5.5794
v -0.0000 -16.0460 -5.6147
v 2.3852 -16.0460 -5.5794
v 4.7404 -16.0460 -5.4740
v 7.0359 -16.0460 -5.2997
v 9.2430 -16.0460 -5.0587
v 11.3339 -16.0460 -4.7541
v 13.2822 -16.0460 -4.3898
v 15.0635 -16.0460 -3.9702
v 16.6554 -16.0460 -3.5007
v 18.0378 -16.0460 -2.9872
v 19.1933 -16.0460 -2.4361
v 20.1075 -16.0460 -1.8544
v 20.7689 -16.0460 -1.2494
v 21.1691 -16.0460 -0.6287
v 14.3526 -16.5738 0.0000
v 14.2624 -16.5738 0.4235
v 13.9928 -16.5738 0.8418
v 13.5472 -16.5738 1.2494
v 12.9312 -16.5738 1.6413
v 12.1527 -16.5738 2.0126
v 11.2213 -16.5738 2.3586
v 10.1488 -16.5738 2.6749
v 8.9487 -16.5738 2.9576
v 7.6360 -16.5738 3.2030
v 6.2274 -16.5738 3.4082
v 4.7404 -16.5738 3.5706
v 3.1938 -16.5738 3.6880
v 1.6070 -16.5738 3.7591
v 0.0000 -16.5738 3.7829
v -1.6070 -16.5738 3.7591
v -3.1938 -16.5738 3.6880
v -4.7404 -16.5738 3.5706
v -6.2274 -16.5738 3.4082
v -7.6360 -16.5738 3.2030
v -8.9487 -16.5738 2.9576
v -10.1488 -16.5738 2.6749
v -11.2213 -16.5738 2.3586
v -12.1527 -16.5738 2.0126
v -12.9312 -16.5738 1.6413
v -13.5472 -16.5738 1.2494
v -13.9928 -16.5738 0.8418
v -14.2624 -16.5738 0.4235
v -14.3526 -16.5738 0.0000
v -14.2624 -16.5738 -0.4235
v -13.9928 -16.5738 -0.8418
v -13.5472 -16.5738 -1.2494
v -12.9312 -16.5738 -1.6413
v -12.1527 -16.5738 -2.0126
v -11.2213 -16.5738 -2.3586
v -10.1488 -16.5738 -2.6749
v -8.9487 -16.5738 -2.9576
v -7.6360 -16.5738 -3.2030
v -6.2274 -16.5738 -3.4082
v -4.7404 -16.5738 -3.5706
v -3.1938 -16.5738 -3.6880
v -1.6070 -16.5738 -3.7591
v -0.0000 -16.5738 -3.7829
v 1.6070 -16.5738 -3.7591
v 3.1938 -16.5738 -3.6880
v 4.7404 -16.5738 -3.5706
v 6.2274 -16.5738 -3.4082
v 7.6360 -16.5738 -3.2030
v 8.9487 -16.5738 -2.9576
v 10.1488 -16.5738 -2.6749
v 11.2213 -16.5738 -2.3586
v 12.1527 -16.5738 -2.0126
v 12.9312 -16.5738 -1.6413
v 13.5472 -16.5738 -1.2494
v 13.9928 -16.5738 -0.8418
v 14.2624 -16.5738 -0.4235
v 7.2217 -16.8931 0.0000
v 7.1763 -16.8931 0.2131
v 7.0406 -16.8931 0.4235
v 6.8165 -16.8931 0.6287
v 6.5065 -16.8931 0.8259
v 6.1148 -16.8931 1.0127
v 5.6462 -16.8931 1.1867
v 5.1065 -16.8931 1.3459
v 4.5027 -16.8931 1.4881
v 3.8422 -16.8931 1.6117
v 3.1334 -16.8931 1.7149
v 2.3852 -16.8931 1.7966
v 1.6070 -16.8931 1.8557
v 0.8086 -16.8931 1.8914
v 0.0000 -16.8931 1.9034
v -0.8086 -16.8931 1.8914
v -1.6070 -16.8931 1.8557
v -2.3852 -16.8931 1.7966
v -3.1334 -16.8931 1.7149
v -3.8422 -16.8931 1.6117
v -4.5027 -16.8931 1.4881
v -5.1065 -16.8931 1.3459
v -5.6462 -16.8931 1.1867
v -6.1148 -16.8931 1.0127
v -6.5065 -16.8931 0.8259
v -6.8165 -16.8931 0.6287
v -7.0406 -16.8931 0.4235
v -7.1763 -16.8931 0.2131
v -7.2217 -16.8931 0.0000
v -7.1763 -16.8931 -0.2131
v -7.0406 -16.8931 -0.4235
v -6.8165 -16.8931 -0.6287
v -6.5065 -16.8931 -0.8259
v -6.1148 -16.8931 -1.0127
v -5.6462 -16.8931 -1.1867
v -5.1065 -16.8931 -1.3459
v -4.5027 -16.8931 -1.4881
v -3.8422 -16.8931 -1.6117
v -3.1334 -16.8931 -1.7149
v -2.3852 -16.8931 -1.7966
v -1.6070 -16.8931 -1.8557
v -0.8086 -16.8931 -1.8914
v -0.0000 -16.8931 -1.9034
v 0.8086 -16.8931 -1.8914
v 1.6070 -16.8931 -1.8557
v 2.3852 -16.8931 -1.7966
v 3.1334 -16.8931 -1.7149
v 3.8422 -16.8931 -1.6117
v 4.5027 -16.8931 -1.4881
v 5.1065 -16.8931 -1.3459
v 5.6462 -16.8931 -1.1867
v 6.1148 -16.8931 -1.0127
v 6.5065 -16.8931 -0.8259
v 6.8165 -16.8931 -0.6287
v 7.0406 -16.8931 -0.4235
v 7.1763 -16.8931 -0.2131
v 0.0000 -17.0000 0.0000
v 0.0000 -17.0000 0.0000
v 0.0000 -17.0000 0.0000
v 0.0000 -17.0000 0.0000
v 0.0000 -17.0000 0.0000
v 0.0000 -17.0000 0.0000
v 0.0000 -17.0000 0.0000
v 0.0000 -17.0000 0.0000
v 0.0000 -17.0000 0.0000
v 0.0000 -17.0000 0.0000
v 0.0000 -17.0000 0.0000
v 0.0000 -17.0000 0.0000
v 0.0000 -17.0000 0.0000
v 0.0000 -17.0000 0.0000
v 0.0000 -17.0000 0.0000
v -0.0000 -17.0000 0.0000
v -0.0000 -17.0000 0.0000
v -0.0000 -17.0000 0.0000
v -0.0000 -17.0000 0.0000
v -0.0000 -17.0000 0.0000
v -0.0000 -17.0000 0.0000
v -0.0000 -17.0000 0.0000
v -0.0000 -17.0000 0.0000
v -0.0000 -17.0000 0.0000
v -0.0000 -17.0000 0.0000
v -0.0000 -17.0000 0.0000
v -0.0000 -17.0000 0.0000
v -0.0000 -17.0000 0.0000
v -0.0000 -17.0000 0.0000
v -0.0000 -17.0000 -0.0000
v -0.0000 -17.0000 -0.0000
v -0.0000 -17.0000 -0.0000
v -0.0000 -17.0000 -0.0000
v -0.0000 -17.0000 -0.0000
v -0.0000 -17.0000 -0.0000
v -0.0000 -17.0000 -0.0000
v -0.0000 -17.0000 -0.0000
v -0.0000 -17.0000 -0.0000
v -0.0000 -17.0000 -0.0000
v -0.0000 -17.0000 -0.0000
v -0.0000 -17.0000 -0.0000
v -0.0000 -17.0000 -0.0000
v -0.0000 -17.0000 -0.0000
v 0.0000 -17.0000 -0.0000
v 0.0000 -17.0000 -0.0000
v 0.0000 -17.0000 -0.0000
v 0.0000 -17.0000 -0.0000
v 0.0000 -17.0000 -0.0000
v 0.0000 -17.0000 -0.0000
v 0.0000 -17.0000 -0.0000
v 0.0000 -17.0000 -0.0000
v 0.0000 -17.0000 -0.0000
v 0.0000 -17.0000 -0.0000
v 0.0000 -17.0000 -0.0000
v 0.0000 -17.0000 -0.0000
v 0.0000 -17.0000 -0.0000
v 52.4947 8.3337 -5.6212
v 50.8131 8.8173 -5.9474
v 49.0383 9.2847 -6.2626
v 47.1735 9.7351 -6.5664
v 45.2222 10.1676 -6.8582
v 43.1879 10.5815 -7.1373
v 41.0743 10.9759 -7.4034
v 38.8853 11.3502 -7.6558
v 36.6250 11.7037 -7.8942
v 34.2975 12.0357 -8.1182
v 31.9071 12.3456 -8.3272
v 29.4581 12.6329 -8.5210
v 26.9550 12.8969 -8.6991
v 24.4025 13.1374 -8.8613
v 21.8052 13.3537 -9.0072
v 19.1679 13.5455 -9.1365
v 16.4955 13.7124 -9.2491
v 13.7927 13.8542 -9.3448
v 11.0647 13.9705 -9.4233
v 8.3163 14.0613 -9.4844
v 5.5527 14.1262 -9.5282
v 2.7789 14.1652 -9.5545
v 0.0000 14.1782 -9.5633
v -2.7789 14.1652 -9.5545
v -5.5527 14.1262 -9.5282
v -8.3163 14.0613 -9.4844
v -11.0647 13.9705 -9.4233
v -13.7927 13.8542 -9.3448
v -16.4955 13.7124 -9.2491
v -19.1679 13.5455 -9.1365
v -21.8052 13.3537 -9.0072
v -24.4025 13.1374 -8.8613
v -26.9550 12.8969 -8.6991
v -29.4581 12.6329 -8.5210
v -31.9071 12.3456 -8.3272
v -34.2975 12.0357 -8.1182
v -36.6250 11.7037 -7.8942
v -38.8853 11.3502 -7.6558
v -41.0743 10.9759 -7.4034
v -43.1879 10.5815 -7.1373
v -45.2222 10.1676 -6.8582
v -47.1735 9.7351 -6.5664
v -49.0383 9.2847 -6.2626
v -50.8131 8.8173 -5.9474
v -52.4947 8.3337 -5.6212
v 52.4947 8.9407 -4.5949
v 50.8131 9.4595 -4.8615
v 49.0383 9.9610 -5.1192
v 47.1735 10.4441 -5.3676
v 45.2222 10.9081 -5.6060
v 43.1879 11.3521 -5.8342
v 41.0743 11.7753 -6.0517
v 38.8853 12.1769 -6.2581
v 36.6250 12.5561 -6.4530
v 34.2975 12.9123 -6.6360
v 31.9071 13.2447 -6.8069
v 29.4581 13.5529 -6.9653
v 26.9550 13.8362 -7.1109
v 24.4025 14.0941 -7.2434
v 21.8052 14.3262 -7.3627
v 19.1679 14.5320 -7.4684
v 16.4955 14.7111 -7.5605
v 13.7927 14.8632 -7.6386
v 11.0647 14.9880 -7.7028
v 8.3163 15.0854 -7.7528
v 5.5527 15.1550 -7.7886
v 2.7789 15.1968 -7.8101
v 0.0000 15.2108 -7.8173
v -2.7789 15.1968 -7.8101
v -5.5527 15.1550 -7.7886
v -8.3163 15.0854 -7.7528
v -11.0647 14.9880 -7.7028
v -13.7927 14.8632 -7.6386
v -16.4955 14.7111 -7.5605
v -19.1679 14.5320 -7.4684
v -21.8052 14.3262 -7.3627
v -24.4025 14.0941 -7.2434
v -26.9550 13.8362 -7.1109
v -29.4581 13.5529 -6.9653
v -31.9071 13.2447 -6.8069
v -34.2975 12.9123 -6.6360
v -36.6250 12.5561 -6.4530
v -38.8853 12.1769 -6.2581
v -41.0743 11.7753 -6.0517
v -43.1879 11.3521 -5.8342
v -45.2222 10.9081 -5.6060
v -47.1735 10.4441 -5.3676
v -49.0383 9.9610 -5.1192
v -50.8131 9.4595 -4.8615
v -52.4947 8.9407 -4.5949
v 52.4947 9.4218 -3.5040
v 50.8131 9.9686 -3.7073
v 49.0383 10.4970 -3.9038
v 47.1735 11.0062 -4.0932
v 45.2222 11.4952 -4.2750
v 43.1879 11.9631 -4.4490
v 41.0743 12.4090 -4.6149
v 38.8853 12.8322 -4.7722
v 36.6250 13.2318 -4.9209
v 34.2975 13.6072 -5.0605
v 31.9071 13.9575 -5.1908
v 29.4581 14.2823 -5.3115
v 26.9550 14.5809 -5.4226
v 24.4025 14.8527 -5.5237
v 21.8052 15.0972 -5.6146
v 19.1679 15.3140 -5.6952
v 16.4955 15.5028 -5.7654
v 13.7927 15.6631 -5.8250
v 11.0647 15.7946 -5.8740
v 8.3163 15.8972 -5.9121
v 5.5527 15.9706 -5.9394
v 2.7789 16.0147 -5.9558
v 0.0000 16.0294 -5.9613
v -2.7789 16.0147 -5.9558
v -5.5527 15.9706 -5.9394
v -8.3163 15.8972 -5.9121
v -11.0647 15.7946 -5.8740
v -13.7927 15.6631 -5.8250
v -16.4955 15.5028 -5.7654
v -19.1679 15.3140 -5.6952
v -21.8052 15.0972 -5.6146
v -24.4025 14.8527 -5.5237
v -26.9550 14.5809 -5.4226
v -29.4581 14.2823 -5.3115
v -31.9071 13.9575 -5.1908
v -34.2975 13.6072 -5.0605
v -36.6250 13.2318 -4.9209
v -38.8853 12.8322 -4.7722
v -41.0743 12.4090 -4.6149
v -43.1879 11.9631 -4.4490
v -45.2222 11.4952 -4.2750
v -47.1735 11.0062 -4.0932
v -49.0383 10.4970 -3.9038
v -50.8131 9.9686 -3.7073
v -52.4947 9.4218 -3.5040
v 52.4947 9.7704 -2.3637
v 50.8131 10.3374 -2.5009
v 49.0383 10.8854 -2.6335
v 47.1735 11.4134 -2.7612
v 45.2222 11.9205 -2.8839
v 43.1879 12.4057 -3.0013
v 41.0743 12.8682 -3.1131
v 38.8853 13.3070 -3.2193
v 36.6250 13.7214 -3.3196
v 34.2975 14.1106 -3.4137
v 31.9071 14.4740 -3.5016
v 29.4581 14.8107 -3.5831
v 26.9550 15.1203 -3.6580
v 24.4025 15.4022 -3.7262
v 21.8052 15.6558 -3.7875
v 19.1679 15.8807 -3.8419
v 16.4955 16.0764 -3.8893
v 13.7927 16.2426 -3.9295
v 11.0647 16.3790 -3.9625
v 8.3163 16.4854 -3.9882
v 5.5527 16.5615 -4.0066
v 2.7789 16.6072 -4.0177
v 0.0000 16.6225 -4.0214
v -2.7789 16.6072 -4.0177
v -5.5527 16.5615 -4.0066
v -8.3163 16.4854 -3.9882
v -11.0647 16.3790 -3.9625
v -13.7927 16.2426 -3.9295
v -16.4955 16.0764 -3.8893
v -19.1679 15.8807 -3.8419
v -21.8052 15.6558 -3.7875
v -24.4025 15.4022 -3.7262
v -26.9550 15.1203 -3.6580
v -29.4581 14.8107 -3.5831
v -31.9071 14.4740 -3.5016
v -34.2975 14.1106 -3.4137
v -36.6250 13.7214 -3.3196
v -38.8853 13.3070 -3.2193
v -41.0743 12.8682 -3.1131
v -43.1879 12.4057 -3.0013
v -45.2222 11.9205 -2.8839
v -47.1735 11.4134 -2.7612
v -49.0383 10.8854 -2.6335
v -50.8131 10.3374 -2.5009
v -52.4947 9.7704 -2.3637
v 52.4947 9.9816 -1.1902
v 50.8131 10.5608 -1.2593
v 49.0383 11.1206 -1.3261
v 47.1735 11.6601 -1.3904
v 45.2222 12.1781 -1.4522
v 43.1879 12.6738 -1.5113
v 41.0743 13.1462 -1.5676
v 38.8853 13.5945 -1.6211
v 36.6250 14.0179 -1.6715
v 34.2975 14.4156 -1.7190
v 31.9071 14.7867 -1.7632
v 29.4581 15.1308 -1.8042
v 26.9550 15.4471 -1.8420
v 24.4025 15.7350 -1.8763
v 21.8052 15.9941 -1.9072
v 19.1679 16.2238 -1.9346
v 16.4955 16.4238 -1.9584
v 13.7927 16.5936 -1.9787
v 11.0647 16.7330 -1.9953
v 8.3163 16.8416 -2.0082
v 5.5527 16.9194 -2.0175
v 2.7789 16.9661 -2.0231
v 0.0000 16.9817 -2.0249
v -2.7789 16.9661 -2.0231
v -5.5527 16.9194 -2.0175
v -8.3163 16.8416 -2.0082
v -11.0647 16.7330 -1.9953
v -13.7927 16.5936 -1.9787
v -16.4955 16.4238 -1.9584
v -19.1679 16.2238 -1.9346
v -21.8052 15.9941 -1.9072
v -24.4025 15.7350 -1.8763
v -26.9550 15.4471 -1.8420
v -29.4581 15.1308 -1.8042
v -31.9071 14.7867 -1.7632
v -34.2975 14.4156 -1.7190
v -36.6250 14.0179 -1.6715
v -38.8853 13.5945 -1.6211
v -41.0743 13.1462 -1.5676
v -43.1879 12.6738 -1.5113
v -45.2222 12.1781 -1.4522
v -47.1735 11.6601 -1.3904
v -49.0383 11.1206 -1.3261
v -50.8131 10.5608 -1.2593
v -52.4947 9.9816 -1.1902
v 52.4947 10.0523 0.0000
v 50.8131 10.6356 0.0000
v 49.0383 11.1994 0.0000
v 47.1735 11.7427 0.0000
v 45.2222 12.2644 0.0000
v 43.1879 12.7636 0.0000
v 41.0743 13.2394 0.0000
v 38.8853 13.6909 0.0000
v 36.6250 14.1172 0.0000
v 34.2975 14.5177 0.0000
v 31.9071 14.8915 0.0000
v 29.4581 15.2380 0.0000
v 26.9550 15.5565 0.0000
v 24.4025 15.8465 0.0000
v 21.8052 16.1074 0.0000
v 19.1679 16.3388 0.0000
v 16.4955 16.5401 0.0000
v 13.7927 16.7112 0.0000
v 11.0647 16.8515 0.0000
v 8.3163 16.9610 0.0000
v 5.5527 17.0393 0.0000
v 2.7789 17.0863 0.0000
v 0.0000 17.1020 0.0000
v -2.7789 17.0863 0.0000
v -5.5527 17.0393 0.0000
v -8.3163 16.9610 0.0000
v -11.0647 16.8515 0.0000
v -13.7927 16.7112 0.0000
v -16.4955 16.5401 0.0000
v -19.1679 16.3388 0.0000
v -21.8052 16.1074 0.0000
v -24.4025 15.8465 0.0000
v -26.9550 15.5565 0.0000
v -29.4581 15.2380 0.0000
v -31.9071 14.8915 0.0000
v -34.2975 14.5177 0.0000
v -36.6250 14.1172 0.0000
v -38.8853 13.6909 0.0000
v -41.0743 13.2394 0.0000
v -43.1879 12.7636 0.0000
v -45.2222 12.2644 0.0000
v -47.1735 11.7427 0.0000
v -49.0383 11.1994 0.0000
v -50.8131 10.6356 0.0000
v -52.4947 10.0523 0.0000
v 52.4947 9.9816 1.1902
v 50.8131 10.5608 1.2593
v 49.0383 11.1206 1.3261
v 47.1735 11.6601 1.3904
v 45.2222 12.1781 1.4522
v 43.1879 12.6738 1.5113
v 41.0743 13.1462 1.5676
v 38.8853 13.5945 1.6211
v 36.6250 14.0179 1.6715
v 34.2975 14.4156 1.7190
v 31.9071 14.7867 1.7632
v 29.4581 15.1308 1.8042
v 26.9550 15.4471 1.8420
v 24.4025 15.7350 1.8763
v 21.8052 15.9941 1.9072
v 19.1679 16.2238 1.9346
v 16.4955 16.4238 1.9584
v 13.7927 16.5936 1.9787
v 11.0647 16.7330 1.9953
v 8.3163 16.8416 2.0082
v 5.5527 16.9194 2.0175
v 2.7789 16.9661 2.0231
v 0.0000 16.9817 2.0249
v -2.7789 16.9661 2.0231
v -5.5527 16.9194 2.0175
v -8.3163 16.8416 2.0082
v -11.0647 16.7330 1.9953
v -13.7927 16.5936 1.9787
v -16.4955 16.4238 1.9584
v -19.1679 16.2238 1.9346
v -21.8052 15.9941 1.9072
v -24.4025 15.7350 1.8763
v -26.9550 15.4471 1.8420
v -29.4581 15.1308 1.8042
v -31.9071 14.7867 1.7632
v -34.2975 14.4156 1.7190
v -36.6250 14.0179 1.6715
v -38.8853 13.5945 1.6211
v -41.0743 13.1462 1.5676
v -43.1879 12.6738 1.5113
v -45.2222 12.1781 1.4522
v -47.1735 11.6601 1.3904
v -49.0383 11.1206 1.3261
v -50.8131 10.5608 1.2593
v -52.4947 9.9816 1.1902
v 52.4947 9.7704 2.3637
v 50.8131 10.3374 2.5009
v 49.0383 10.8854 2.6335
v 47.1735 11.4134 2.7612
v 45.2222 11.9205 2.8839
v 43.1879 12.4057 3.0013
v 41.0743 12.8682 3.1131
v 38.8853 13.3070 3.2193
v 36.6250 13.7214 3.3196
v 34.2975 14.1106 3.4137
v 31.9071 14.4740 3.5016
v 29.4581 14.8107 3.5831
v 26.9550 15.1203 3.6580
v 24.4025 15.4022 3.7262
v 21.8052 15.6558 3.7875
v 19.1679 15.8807 3.8419
v 16.4955 16.0764 3.8893
v 13.7927 16.2426 3.9295
v 11.0647 16.3790 3.9625
v 8.3163 16.4854 3.9882
v 5.5527 16.5615 4.0066
v 2.7789 16.6072 4.0177
v 0.0000 16.6225 4.0214
v -2.7789 16.6072 4.0177
v -5.5527 16.5615 4.0066
v -8.3163 16.4854 3.9882
v -11.0647 16.3790 3.9625
v -13.7927 16.2426 3.9295
v -16.4955 16.0764 3.8893
v -19.1679 15.8807 3.8419
v -21.8052 15.6558 3.7875
v -24.4025 15.4022 3.7262
v -26.9550 15.1203 3.6580
v -29.4581 14.8107 3.5831
v -31.9071 14.4740 3.5016
v -34.2975 14.1106 3.4137
v -36.6250 13.7214 3.3196
v -38.8853 13.3070 3.2193
v -41.0743 12.8682 3.1131
v -43.1879 12.4057 3.0013
v -45.2222 11.9205 2.8839
v -47.1735 11.4134 2.7612
v -49.0383 10.8854 2.6335
v -50.8131 10.3374 2.5009
v -52.4947 9.7704 2.3637
v 52.4947 9.4218 3.5040
v 50.8131 9.9686 3.7073
v 49.0383 10.4970 3.9038
v 47.1735 11.0062 4.0932
v 45.2222 11.4952 4.2750
v 43.1879 11.9631 4.4490
v 41.0743 12.4090 4.6149
v 38.8853 12.8322 4.7722
v 36.6250 13.2318 4.9209
v 34.2975 13.6072 5.0605
v 31.9071 13.9575 5.1908
v 29.4581 14.2823 5.3115
v 26.9550 14.5809 5.4226
v 24.4025 14.8527 5.5237
v 21.8052 15.0972 5.6146
v 19.1679 15.3140 5.6952
v 16.4955 15.5028 5.7654
v 13.7927 15.6631 5.8250
v 11.0647 15.7946 5.8740
v 8.3163 15.8972 5.9121
v 5.5527 15.9706 5.9394
v 2.7789 16.0147 5.9558
v 0.0000 16.0294 5.9613
v -2.7789 16.0147 5.9558
v -5.5527 15.9706 5.9394
v -8.3163 15.8972 5.9121
v -11.0647 15.7946 5.8740
v -13.7927 15.6631 5.8250
v -16.4955 15.5028 5.7654
v -19.1679 15.3140 5.6952
v -21.8052 15.0972 5.6146
v -24.4025 14.8527 5.5237
v -26.9550 14.5809 5.4226
v -29.4581 14.2823 5.3115
v -31.9071 13.9575 5.1908
v -34.2975 13.6072 5.0605
v -36.6250 13.2318 4.9209
v -38.8853 12.8322 4.7722
v -41.0743 12.4090 4.6149
v -43.1879 11.9631 4.4490
v -45.2222 11.4952 4.2750
v -47.1735 11.0062 4.0932
v -49.0383 10.4970 3.9038
v -50.8131 9.9686 3.7073
v -52.4947 9.4218 3.5040
v 52.4947 8.9407 4.5949
v 50.8131 9.4595 4.8615
v 49.0383 9.9610 5.1192
v 47.1735 10.4441 5.3676
v 45.2222 10.9081 5.6060
v 43.1879 11.3521 5.8342
v 41.0743 11.7753 6.0517
v 38.8853 12.1769 6.2581
v 36.6250 12.5561 6.4530
v 34.2975 12.9123 6.6360
v 31.9071 13.2447 6.8069
v 29.4581 13.5529 6.9653
v 26.9550 13.8362 7.1109
v 24.4025 14.0941 7.2434
v 21.8052 14.3262 7.3627
v 19.1679 14.5320 7.4684
v 16.4955 14.7111 7.5605
v 13.7927 14.8632 7.6386
v 11.0647 14.9880 7.7028
v 8.3163 15.0854 7.7528
v 5.5527 15.1550 7.7886
v 2.7789 15.1968 7.8101
v 0.0000 15.2108 7.8173
v -2.7789 15.1968 7.8101
v -5.5527 15.1550 7.7886
v -8.3163 15.0854 7.7528
v -11.0647 14.9880 7.7028
v -13.7927 14.8632 7.6386
v -16.4955 14.7111 7.5605
v -19.1679 14.5320 7.4684
v -21.8052 14.3262 7.3627
v -24.4025 14.0941 7.2434
v -26.9550 13.8362 7.1109
v -29.4581 13.5529 6.9653
v -31.9071 13.2447 6.8069
v -34.2975 12.9123 6.6360
v -36.6250 12.5561 6.4530
v -38.8853 12.1769 6.2581
v -41.0743 11.7753 6.0517
v -43.1879 11.3521 5.8342
v -45.2222 10.9081 5.6060
v -47.1735 10.4441 5.3676
v -49.0383 9.9610 5.1192
v -50.8131 9.4595 4.8615
v -52.4947 8.9407 4.5949
v 52.4947 8.3337 5.6212
v 50.8131 8.8173 5.9474
v 49.0383 9.2847 6.2626
v 47.1735 9.7351 6.5664
v 45.2222 10.1676 6.8582
v 43.1879 10.5815 7.1373
v 41.0743 10.9759 7.4034
v 38.8853 11.3502 7.6558
v 36.6250 11.7037 7.8942
v 34.2975 12.0357 8.1182
v 31.9071 12.3456 8.3272
v 29.4581 12.6329 8.5210
v 26.9550 12.8969 8.6991
v 24.4025 13.1374 8.8613
v 21.8052 13.3537 9.0072
v 19.1679 13.5455 9.1365
v 16.4955 13.7124 9.2491
v 13.7927 13.8542 9.3448
v 11.0647 13.9705 9.4233
v 8.3163 14.0613 9.4844
v 5.5527 14.1262 9.5282
v 2.7789 14.1652 9.5545
v 0.0000 14.1782 9.5633
v -2.7789 14.1652 9.5545
v -5.5527 14.1262 9.5282
v -8.3163 14.0613 9.4844
v -11.0647 13.9705 9.4233
v -13.7927 13.8542 9.3448
v -16.4955 13.7124 9.2491
v -19.1679 13.5455 9.1365
v -21.8052 13.3537 9.0072
v -24.4025 13.1374 8.8613
v -26.9550 12.8969 8.6991
v -29.4581 12.6329 8.5210
v -31.9071 12.3456 8.3272
v -34.2975 12.0357 8.1182
v -36.6250 11.7037 7.8942
v -38.8853 11.3502 7.6558
v -41.0743 10.9759 7.4034
v -43.1879 10.5815 7.1373
v -45.2222 10.1676 6.8582
v -47.1735 9.7351 6.5664
v -49.0383 9.2847 6.2626
v -50.8131 8.8173 5.9474
v -52.4947 8.3337 5.6212
v -37.4100 11.9000 0.0000
v -37.4100 11.9000 0.0000
v -37.4100 11.9000 0.0000
v -37.4100 11.9000 0.0000
v -37.4100 11.9000 0.0000
v -37.4100 11.9000 0.0000
v -37.4100 11.9000 0.0000
v -37.4100 11.9000 0.0000
v -37.4100 11.9000 0.0000
v -37.4100 11.9000 0.0000
v -37.4100 11.9000 0.0000
v -37.4100 11.9000 0.0000
v -37.4100 11.9000 0.0000
v -37.4100 11.9000 0.0000
v -37.4100 11.9000 0.0000
v -37.4100 11.9000 0.0000
v -37.4100 11.9000 0.0000
v -37.4100 11.9000 0.0000
v -37.4100 11.9000 0.0000
v -37.4100 11.9000 0.0000
v -37.4100 11.9000 0.0000
v -37.4100 11.9000 0.0000
v -37.4100 11.9000 0.0000
v -37.4100 11.9000 0.0000
v -37.4100 11.9000 0.0000
v -37.4100 11.9000 0.0000
v -37.4100 11.9000 0.0000
v -37.4100 11.9000 0.0000
v -37.4100 11.9000 0.0000
v -37.4100 11.9000 0.0000
v -37.4100 11.9000 0.0000
v -37.4100 11.9000 0.0000
v -35.2708 11.7432 0.0000
v -35.3119 11.7432 0.4012
v -35.4337 11.7432 0.7869
v -35.6313 11.7432 1.1424
v -35.8974 11.7432 1.4540
v -36.2215 11.7432 1.7097
v -36.5914 11.7432 1.8997
v -36.9927 11.7432 2.0167
v -37.4100 11.7432 2.0563
v -37.8273 11.7432 2.0167
v -38.2286 11.7432 1.8997
v -38.5985 11.7432 1.7097
v -38.9226 11.7432 1.4540
v -39.1887 11.7432 1.1424
v -39.3863 11.7432 0.7869
v -39.5081 11.7432 0.4012
v -39.5492 11.7432 0.0000
v -39.5081 11.7432 -0.4012
v -39.3863 11.7432 -0.7869
v -39.1887 11.7432 -1.1424
v -38.9226 11.7432 -1.4540
v -38.5985 11.7432 -1.7097
v -38.2286 11.7432 -1.8997
v -37.8273 11.7432 -2.0167
v -37.4100 11.7432 -2.0563
v -36.9927 11.7432 -2.0167
v -36.5914 11.7432 -1.8997
v -36.2215 11.7432 -1.7097
v -35.8974 11.7432 -1.4540
v -35.6313 11.7432 -1.1424
v -35.4337 11.7432 -0.7869
v -35.3119 11.7432 -0.4012
v -33.2139 11.2789 0.0000
v -33.2945 11.2789 0.7869
v -33.5333 11.2789 1.5435
v -33.9211 11.2789 2.2409
v -34.4429 11.2789 2.8521
v -35.0788 11.2789 3.3537
v -35.8042 11.2789 3.7265
v -36.5914 11.2789 3.9560
v -37.4100 11.2789 4.0335
v -38.2286 11.2789 3.9560
v -39.0158 11.2789 3.7265
v -39.7412 11.2789 3.3537
v -40.3771 11.2789 2.8521
v -40.8989 11.2789 2.2409
v -41.2867 11.2789 1.5435
v -41.5255 11.2789 0.7869
v -41.6061 11.2789 0.0000
v -41.5255 11.2789 -0.7869
v -41.2867 11.2789 -1.5435
v -40.8989 11.2789 -2.2409
v -40.3771 11.2789 -2.8521
v -39.7412 11.2789 -3.3537
v -39.0158 11.2789 -3.7265
v -38.2286 11.2789 -3.9560
v -37.4100 11.2789 -4.0335
v -36.5914 11.2789 -3.9560
v -35.8042 11.2789 -3.7265
v -35.0788 11.2789 -3.3537
v -34.4429 11.2789 -2.8521
v -33.9211 11.2789 -2.2409
v -33.5333 11.2789 -1.5435
v -33.2945 11.2789 -0.7869
v -31.3182 10.5248 0.0000
v -31.4352 10.5248 1.1424
v -31.7819 10.5248 2.2409
v -32.3448 10.5248 3.2533
v -33.1024 10.5248 4.1406
v -34.0256 10.5248 4.8688
v -35.0788 10.5248 5.4100
v -36.2215 10.5248 5.7432
v -37.4100 10.5248 5.8557
v -38.5985 10.5248 5.7432
v -39.7412 10.5248 5.4100
v -40.7944 10.5248 4.8688
v -41.7176 10.5248 4.1406
v -42.4752 10.5248 3.2533
v -43.0381 10.5248 2.2409
v -43.3848 10.5248 1.1424
v -43.5018 10.5248 0.0000
v -43.3848 10.5248 -1.1424
v -43.0381 10.5248 -2.2409
v -42.4752 10.5248 -3.2533
v -41.7176 10.5248 -4.1406
v -40.7944 10.5248 -4.8688
v -39.7412 10.5248 -5.4100
v -38.5985 10.5248 -5.7432
v -37.4100 10.5248 -5.8557
v -36.2215 10.5248 -5.7432
v -35.0788 10.5248 -5.4100
v -34.0256 10.5248 -4.8688
v -33.1024 10.5248 -4.1406
v -32.3448 10.5248 -3.2533
v -31.7819 10.5248 -2.2409
v -31.4352 10.5248 -1.1424
v -29.6566 9.5100 0.0000
v -29.8056 9.5100 1.4540
v -30.2468 9.5100 2.8521
v -30.9633 9.5100 4.1406
v -31.9275 9.5100 5.2700
v -33.1024 9.5100 6.1969
v -34.4429 9.5100 6.8856
v -35.8974 9.5100 7.3097
v -37.4100 9.5100 7.4529
v -38.9226 9.5100 7.3097
v -40.3771 9.5100 6.8856
v -41.7176 9.5100 6.1969
v -42.8925 9.5100 5.2700
v -43.8567 9.5100 4.1406
v -44.5732 9.5100 2.8521
v -45.0144 9.5100 1.4540
v -45.1634 9.5100 0.0000
v -45.0144 9.5100 -1.4540
v -44.5732 9.5100 -2.8521
v -43.8567 9.5100 -4.1406
v -42.8925 9.5100 -5.2700
v -41.7176 9.5100 -6.1969
v -40.3771 9.5100 -6.8856
v -38.9226 9.5100 -7.3097
v -37.4100 9.5100 -7.4529
v -35.8974 9.5100 -7.3097
v -34.4429 9.5100 -6.8856
v -33.1024 9.5100 -6.1969
v -31.9275 9.5100 -5.2700
v -30.9633 9.5100 -4.1406
v -30.2468 9.5100 -2.8521
v -29.8056 9.5100 -1.4540
v -28.2929 8.2735 0.0000
v -28.4681 8.2735 1.7097
v -28.9869 8.2735 3.3537
v -29.8294 8.2735 4.8688
v -30.9633 8.2735 6.1969
v -32.3448 8.2735 7.2867
v -33.9211 8.2735 8.0966
v -35.6313 8.2735 8.5953
v -37.4100 8.2735 8.7637
v -39.1887 8.2735 8.5953
v -40.8989 8.2735 8.0966
v -42.4752 8.2735 7.2867
v -43.8567 8.2735 6.1969
v -44.9906 8.2735 4.8688
v -45.8331 8.2735 3.3537
v -46.3519 8.2735 1.7097
v -46.5271 8.2735 0.0000
v -46.3519 8.2735 -1.7097
v -45.8331 8.2735 -3.3537
v -44.9906 8.2735 -4.8688
v -43.8567 8.2735 -6.1969
v -42.4752 8.2735 -7.2867
v -40.8989 8.2735 -8.0966
v -39.1887 8.2735 -8.5953
v -37.4100 8.2735 -8.7637
v -35.6313 8.2735 -8.5953
v -33.9211 8.2735 -8.0966
v -32.3448 8.2735 -7.2867
v -30.9633 8.2735 -6.1969
v -29.8294 8.2735 -4.8688
v -28.9869 8.2735 -3.3537
v -28.4681 8.2735 -1.7097
v -27.2797 6.8627 0.0000
v -27.4743 6.8627 1.8997
v -28.0508 6.8627 3.7265
v -28.9869 6.8627 5.4100
v -30.2468 6.8627 6.8856
v -31.7819 6.8627 8.0966
v -33.5333 6.8627 8.9965
v -35.4337 6.8627 9.5506
v -37.4100 6.8627 9.7377
v -39.3863 6.8627 9.5506
v -41.2867 6.8627 8.9965
v -43.0381 6.8627 8.0966
v -44.5732 6.8627 6.8856
v -45.8331 6.8627 5.4100
v -46.7692 6.8627 3.7265
v -47.3457 6.8627 1.8997
v -47.5403 6.8627 0.0000
v -47.3457 6.8627 -1.8997
v -46.7692 6.8627 -3.7265
v -45.8331 6.8627 -5.4100
v -44.5732 6.8627 -6.8856
v -43.0381 6.8627 -8.0966
v -41.2867 6.8627 -8.9965
v -39.3863 6.8627 -9.5506
v -37.4100 6.8627 -9.7377
v -35.4337 6.8627 -9.5506
v -33.5333 6.8627 -8.9965
v -31.7819 6.8627 -8.0966
v -30.2468 6.8627 -6.8856
v -28.9869 6.8627 -5.4100
v -28.0508 6.8627 -3.7265
v -27.4743 6.8627 -1.8997
v -26.6557 5.3319 0.0000
v -26.8623 5.3319 2.0167
v -27.4743 5.3319 3.9560
v -28.4681 5.3319 5.7432
v -29.8056 5.3319 7.3097
v -31.4352 5.3319 8.5953
v -33.2945 5.3319 9.5506
v -35.3119 5.3319 10.1388
v -37.4100 5.3319 10.3375
v -39.5081 5.3319 10.1388
v -41.5255 5.3319 9.5506
v -43.3848 5.3319 8.5953
v -45.0144 5.3319 7.3097
v -46.3519 5.3319 5.7432
v -47.3457 5.3319 3.9560
v -47.9577 5.3319 2.0167
v -48.1643 5.3319 0.0000
v -47.9577 5.3319 -2.0167
v -47.3457 5.3319 -3.9560
v -46.3519 5.3319 -5.7432
v -45.0144 5.3319 -7.3097
v -43.3848 5.3319 -8.5953
v -41.5255 5.3319 -9.5506
v -39.5081 5.3319 -10.1388
v -37.4100 5.3319 -10.3375
v -35.3119 5.3319 -10.1388
v -33.2945 5.3319 -9.5506
v -31.4352 5.3319 -8.5953
v -29.8056 5.3319 -7.3097
v -28.4681 5.3319 -5.7432
v -27.4743 5.3319 -3.9560
v -26.8623 5.3319 -2.0167
v -26.4450 3.7400 0.0000
v -26.6557 3.7400 2.0563
v -27.2797 3.7400 4.0335
v -28.2929 3.7400 5.8557
v -29.6566 3.7400 7.4529
v -31.3182 3.7400 8.7637
v -33.2139 3.7400 9.7377
v -35.2708 3.7400 10.3375
v -37.4100 3.7400 10.5400
v -39.5492 3.7400 10.3375
v -41.6061 3.7400 9.7377
v -43.5018 3.7400 8.7637
v -45.1634 3.7400 7.4529
v -46.5271 3.7400 5.8557
v -47.5403 3.7400 4.0335
v -48.1643 3.7400 2.0563
v -48.3750 3.7400 0.0000
v -48.1643 3.7400 -2.0563
v -47.5403 3.7400 -4.0335
v -46.5271 3.7400 -5.8557
v -45.1634 3.7400 -7.4529
v -43.5018 3.7400 -8.7637
v -41.6061 3.7400 -9.7377
v -39.5492 3.7400 -10.3375
v -37.4100 3.7400 -10.5400
v -35.2708 3.7400 -10.3375
v -33.2139 3.7400 -9.7377
v -31.3182 3.7400 -8.7637
v -29.6566 3.7400 -7.4529
v -28.2929 3.7400 -5.8557
v -27.2797 3.7400 -4.0335
v -26.6557 3.7400 -2.0563
v -26.6557 2.1481 0.0000
v -26.8623 2.1481 2.0167
v -27.4743 2.1481 3.9560
v -28.4681 2.1481 5.7432
v -29.8056 2.1481 7.3097
v -31.4352 2.1481 8.5953
v -33.2945 2.1481 9.5506
v -35.3119 2.1481 10.1388
v -37.4100 2.1481 10.3375
v -39.5081 2.1481 10.1388
v -41.5255 2.1481 9.5506
v -43.3848 2.1481 8.5953
v -45.0144 2.1481 7.3097
v -46.3519 2.1481 5.7432
v -47.3457 2.1481 3.9560
v -47.9577 2.1481 2.0167
v -48.1643 2.1481 0.0000
v -47.9577 2.1481 -2.0167
v -47.3457 2.1481 -3.9560
v -46.3519 2.1481 -5.7432
v -45.0144 2.1481 -7.3097
v -43.3848 2.1481 -8.5953
v -41.5255 2.1481 -9.5506
v -39.5081 2.1481 -10.1388
v -37.4100 2.1481 -10.3375
v -35.3119 2.1481 -10.1388
v -33.2945 2.1481 -9.5506
v -31.4352 2.1481 -8.5953
v -29.8056 2.1481 -7.3097
v -28.4681 2.1481 -5.7432
v -27.4743 2.1481 -3.9560
v -26.8623 2.1481 -2.0167
v -27.2797 0.6173 0.0000
v -27.4743 0.6173 1.8997
v -28.0508 0.6173 3.7265
v -28.9869 0.6173 5.4100
v -30.2468 0.6173 6.8856
v -31.7819 0.6173 8.0966
v -33.5333 0.6173 8.9965
v -35.4337 0.6173 9.5506
v -37.4100 0.6173 9.7377
v -39.3863 0.6173 9.5506
v -41.2867 0.6173 8.9965
v -43.0381 0.6173 8.0966
v -44.5732 0.6173 6.8856
v -45.8331 0.6173 5.4100
v -46.7692 0.6173 3.7265
v -47.3457 0.6173 1.8997
v -47.5403 0.6173 0.0000
v -47.3457 0.6173 -1.8997
v -46.7692 0.6173 -3.7265
v -45.8331 0.6173 -5.4100
v -44.5732 0.6173 -6.8856
v -43.0381 0.6173 -8.0966
v -41.2867 0.6173 -8.9965
v -39.3863 0.6173 -9.5506
v -37.4100 0.6173 -9.7377
v -35.4337 0.6173 -9.5506
v -33.5333 0.6173 -8.9965
v -31.7819 0.6173 -8.0966
v -30.2468 0.6173 -6.8856
v -28.9869 0.6173 -5.4100
v -28.0508 0.6173 -3.7265
v -27.4743 0.6173 -1.8997
v -28.2929 -0.7935 0.0000
v -28.4681 -0.7935 1.7097
v -28.9869 -0.7935 3.3537
v -29.8294 -0.7935 4.8688
v -30.9633 -0.7935 6.1969
v -32.3448 -0.7935 7.2867
v -33.9211 -0.7935 8.0966
v -35.6313 -0.7935 8.5953
v -37.4100 -0.7935 8.7637
v -39.1887 -0.7935 8.5953
v -40.8989 -0.7935 8.0966
v -42.4752 -0.7935 7.2867
v -43.8567 -0.7935 6.1969
v -44.9906 -0.7935 4.8688
v -45.8331 -0.7935 3.3537
v -46.3519 -0.7935 1.7097
v -46.5271 -0.7935 0.0000
v -46.3519 -0.7935 -1.7097
v -45.8331 -0.7935 -3.3537
v -44.9906 -0.7935 -4.8688
v -43.8567 -0.7935 -6.1969
v -42.4752 -0.7935 -7.2867
v -40.8989 -0.7935 -8.0966
v -39.1887 -0.7935 -8.5953
v -37.4100 -0.7935 -8.7637
v -35.6313 -0.7935 -8.5953
v -33.9211 -0.7935 -8.0966
v -32.3448 -0.7935 -7.2867
v -30.9633 -0.7935 -6.1969
v -29.8294 -0.7935 -4.8688
v -28.9869 -0.7935 -3.3537
v -28.4681 -0.7935 -1.7097
v -29.6566 -2.0300 0.0000
v -29.8056 -2.0300 1.4540
v -30.2468 -2.0300 2.8521
v -30.9633 -2.0300 4.1406
v -31.9275 -2.0300 5.2700
v -33.1024 -2.0300 6.1969
v -34.4429 -2.0300 6.8856
v -35.8974 -2.0300 7.3097
v -37.4100 -2.0300 7.4529
v -38.9226 -2.0300 7.3097
v -40.3771 -2.0300 6.8856
v -41.7176 -2.0300 6.1969
v -42.8925 -2.0300 5.2700
v -43.8567 -2.0300 4.1406
v -44.5732 -2.0300 2.8521
v -45.0144 -2.0300 1.4540
v -45.1634 -2.0300 0.0000
v -45.0144 -2.0300 -1.4540
v -44.5732 -2.0300 -2.8521
v -43.8567 -2.0300 -4.1406
v -42.8925 -2.0300 -5.2700
v -41.7176 -2.0300 -6.1969
v -40.3771 -2.0300 -6.8856
v -38.9226 -2.0300 -7.3097
v -37.4100 -2.0300 -7.4529
v -35.8974 -2.0300 -7.3097
v -34.4429 -2.0300 -6.8856
v -33.1024 -2.0300 -6.1969
v -31.9275 -2.0300 -5.2700
v -30.9633 -2.0300 -4.1406
v -30.2468 -2.0300 -2.8521
v -29.8056 -2.0300 -1.4540
v -31.3182 -3.0448 0.0000
v -31.4352 -3.0448 1.1424
v -31.7819 -3.0448 2.2409
v -32.3448 -3.0448 3.2533
v -33.1024 -3.0448 4.1406
v -34.0256 -3.0448 4.8688
v -35.0788 -3.0448 5.4100
v -36.2215 -3.0448 5.7432
v -37.4100 -3.0448 5.8557
v -38.5985 -3.0448 5.7432
v -39.7412 -3.0448 5.4100
v -40.7944 -3.0448 4.8688
v -41.7176 -3.0448 4.1406
v -42.4752 -3.0448 3.2533
v -43.0381 -3.0448 2.2409
v -43.3848 -3.0448 1.1424
v -43.5018 -3.0448 0.0000
v -43.3848 -3.0448 -1.1424
v -43.0381 -3.0448 -2.2409
v -42.4752 -3.0448 -3.2533
v -41.7176 -3.0448 -4.1406
v -40.7944 -3.0448 -4.8688
v -39.7412 -3.0448 -5.4100
v -38.5985 -3.0448 -5.7432
v -37.4100 -3.0448 -5.8557
v -36.2215 -3.0448 -5.7432
v -35.0788 -3.0448 -5.4100
v -34.0256 -3.0448 -4.8688
v -33.1024 -3.0448 -4.1406
v -32.3448 -3.0448 -3.2533
v -31.7819 -3.0448 -2.2409
v -31.4352 -3.0448 -1.1424
v -33.2139 -3.7989 0.0000
v -33.2945 -3.7989 0.7869
v -33.5333 -3.7989 1.5435
v -33.9211 -3.7989 2.2409
v -34.4429 -3.7989 2.8521
v -35.0788 -3.7989 3.3537
v -35.8042 -3.7989 3.7265
v -36.5914 -3.7989 3.9560
v -37.4100 -3.7989 4.0335
v -38.2286 -3.7989 3.9560
v -39.0158 -3.7989 3.7265
v -39.7412 -3.7989 3.3537
v -40.3771 -3.7989 2.8521
v -40.8989 -3.7989 2.2409
v -41.2867 -3.7989 1.5435
v -41.5255 -3.7989 0.7869
v -41.6061 -3.7989 0.0000
v -41.5255 -3.7989 -0.7869
v -41.2867 -3.7989 -1.5435
v -40.8989 -3.7989 -2.2409
v -40.3771 -3.7989 -2.8521
v -39.7412 -3.7989 -3.3537
v -39.0158 -3.7989 -3.7265
v -38.2286 -3.7989 -3.9560
v -37.4100 -3.7989 -4.0335
v -36.5914 -3.7989 -3.9560
v -35.8042 -3.7989 -3.7265
v -35.0788 -3.7989 -3.3537
v -34.4429 -3.7989 -2.8521
v -33.9211 -3.7989 -2.2409
v -33.5333 -3.7989 -1.5435
v -33.2945 -3.7989 -0.7869
v -35.2708 -4.2632 0.0000
v -35.3119 -4.2632 0.4012
v -35.4337 -4.2632 0.7869
v -35.6313 -4.2632 1.1424
v -35.8974 -4.2632 1.4540
v -36.2215 -4.2632 1.7097
v -36.5914 -4.2632 1.8997
v -36.9927 -4.2632 2.0167
v -37.4100 -4.2632 2.0563
v -37.8273 -4.2632 2.0167
v -38.2286 -4.2632 1.8997
v -38.5985 -4.2632 1.7097
v -38.9226 -4.2632 1.4540
v -39.1887 -4.2632 1.1424
v -39.3863 -4.2632 0.7869
v -39.5081 -4.2632 0.4012
v -39.5492 -4.2632 0.0000
v -39.5081 -4.2632 -0.4012
v -39.3863 -4.2632 -0.7869
v -39.1887 -4.2632 -1.1424
v -38.9226 -4.2632 -1.4540
v -38.5985 -4.2632 -1.7097
v -38.2286 -4.2632 -1.8997
v -37.8273 -4.2632 -2.0167
v -37.4100 -4.2632 -2.0563
v -36.9927 -4.2632 -2.0167
v -36.5914 -4.2632 -1.8997
v -36.2215 -4.2632 -1.7097
v -35.8974 -4.2632 -1.4540
v -35.6313 -4.2632 -1.1424
v -35.4337 -4.2632 -0.7869
v -35.3119 -4.2632 -0.4012
v -37.4100 -4.4200 0.0000
v -37.4100 -4.4200 0.0000
v -37.4100 -4.4200 0.0000
v -37.4100 -4.4200 0.0000
v -37.4100 -4.4200 0.0000
v -37.4100 -4.4200 0.0000
v -37.4100 -4.4200 0.0000
v -37.4100 -4.4200 0.0000
v -37.4100 -4.4200 0.0000
v -37.4100 -4.4200 0.0000
v -37.4100 -4.4200 0.0000
v -37.4100 -4.4200 0.0000
v -37.4100 -4.4200 0.0000
v -37.4100 -4.4200 0.0000
v -37.4100 -4.4200 0.0000
v -37.4100 -4.4200 0.0000
v -37.4100 -4.4200 0.0000
v -37.4100 -4.4200 -0.0000
v -37.4100 -4.4200 -0.0000
v -37.4100 -4.4200 -0.0000
v -37.4100 -4.4200 -0.0000
v -37.4100 -4.4200 -0.0000
v -37.4100 -4.4200 -0.0000
v -37.4100 -4.4200 -0.0000
v -37.4100 -4.4200 -0.0000
v -37.4100 -4.4200 -0.0000
v -37.4100 -4.4200 -0.0000
v -37.4100 -4.4200 -0.0000
v -37.4100 -4.4200 -0.0000
v -37.4100 -4.4200 -0.0000
v -37.4100 -4.4200 -0.0000
v -37.4100 -4.4200 -0.0000
v -12.5775 11.9000 0.0000
v -12.5775 11.9000 0.0000
v -12.5775 11.9000 0.0000
v -12.5775 11.9000 0.0000
v -12.5775 11.9000 0.0000
v -12.5775 11.9000 0.0000
v -12.5775 11.9000 0.0000
v -12.5775 11.9000 0.0000
v -12.5775 11.9000 0.0000
v -12.5775 11.9000 0.0000
v -12.5775 11.9000 0.0000
v -12.5775 11.9000 0.0000
v -12.5775 11.9000 0.0000
v -12.5775 11.9000 0.0000
v -12.5775 11.9000 0.0000
v -12.5775 11.9000 0.0000
v -12.5775 11.9000 0.0000
v -12.5775 11.9000 0.0000
v -12.5775 11.9000 0.0000
v -12.5775 11.9000 0.0000
v -12.5775 11.9000 0.0000
v -12.5775 11.9000 0.0000
v -12.5775 11.9000 0.0000
v -12.5775 11.9000 0.0000
v -12.5775 11.9000 0.0000
v -12.5775 11.9000 0.0000
v -12.5775 11.9000 0.0000
v -12.5775 11.9000 0.0000
v -12.5775 11.9000 0.0000
v -12.5775 11.9000 0.0000
v -12.5775 11.9000 0.0000
v -12.5775 11.9000 0.0000
v -10.4383 11.7432 0.0000
v -10.4794 11.7432 0.4012
v -10.6012 11.7432 0.7869
v -10.7988 11.7432 1.1424
v -11.0649 11.7432 1.4540
v -11.3890 11.7432 1.7097
v -11.7589 11.7432 1.8997
v -12.1602 11.7432 2.0167
v -12.5775 11.7432 2.0563
v -12.9948 11.7432 2.0167
v -13.3961 11.7432 1.8997
v -13.7660 11.7432 1.7097
v -14.0901 11.7432 1.4540
v -14.3562 11.7432 1.1424
v -14.5538 11.7432 0.7869
v -14.6756 11.7432 0.4012
v -14.7167 11.7432 0.0000
v -14.6756 11.7432 -0.4012
v -14.5538 11.7432 -0.7869
v -14.3562 11.7432 -1.1424
v -14.0901 11.7432 -1.4540
v -13.7660 11.7432 -1.7097
v -13.3961 11.7432 -1.8997
v -12.9948 11.7432 -2.0167
v -12.5775 11.7432 -2.0563
v -12.1602 11.7432 -2.0167
v -11.7589 11.7432 -1.8997
v -11.3890 11.7432 -1.7097
v -11.0649 11.7432 -1.4540
v -10.7988 11.7432 -1.1424
v -10.6012 11.7432 -0.7869
v -10.4794 11.7432 -0.4012
v -8.3814 11.2789 0.0000
v -8.4620 11.2789 0.7869
v -8.7008 11.2789 1.5435
v -9.0886 11.2789 2.2409
v -9.6104 11.2789 2.8521
v -10.2463 11.2789 3.3537
v -10.9717 11.2789 3.7265
v -11.7589 11.2789 3.9560
v -12.5775 11.2789 4.0335
v -13.3961 11.2789 3.9560
v -14.1833 11.2789 3.7265
v -14.9087 11.2789 3.3537
v -15.5446 11.2789 2.8521
v -16.0664 11.2789 2.2409
v -16.4542 11.2789 1.5435
v -16.6930 11.2789 0.7869
v -16.7736 11.2789 0.0000
v -16.6930 11.2789 -0.7869
v -16.4542 11.2789 -1.5435
v -16.0664 11.2789 -2.2409
v -15.5446 11.2789 -2.8521
v -14.9087 11.2789 -3.3537
v -14.1833 11.2789 -3.7265
v -13.3961 11.2789 -3.9560
v -12.5775 11.2789 -4.0335
v -11.7589 11.2789 -3.9560
v -10.9717 11.2789 -3.7265
v -10.2463 11.2789 -3.3537
v -9.6104 11.2789 -2.8521
v -9.0886 11.2789 -2.2409
v -8.7008 11.2789 -1.5435
v -8.4620 11.2789 -0.7869
v -6.4857 10.5248 0.0000
v -6.6027 10.5248 1.1424
v -6.9494 10.5248 2.2409
v -7.5123 10.5248 3.2533
v -8.2699 10.5248 4.1406
v -9.1931 10.5248 4.8688
v -10.2463 10.5248 5.4100
v -11.3890 10.5248 5.7432
v -12.5775 10.5248 5.8557
v -13.7660 10.5248 5.7432
v -14.9087 10.5248 5.4100
v -15.9619 10.5248 4.8688
v -16.8851 10.5248 4.1406
v -17.6427 10.5248 3.2533
v -18.2056 10.5248 2.2409
v -18.5523 10.5248 1.1424
v -18.6693 10.5248 0.0000
v -18.5523 10.5248 -1.1424
v -18.2056 10.5248 -2.2409
v -17.6427 10.5248 -3.2533
v -16.8851 10.5248 -4.1406
v -15.9619 10.5248 -4.8688
v -14.9087 10.5248 -5.4100
v -13.7660 10.5248 -5.7432
v -12.5775 10.5248 -5.8557
v -11.3890 10.5248 -5.7432
v -10.2463 10.5248 -5.4100
v -9.1931 10.5248 -4.8688
v -8.2699 10.5248 -4.1406
v -7.5123 10.5248 -3.2533
v -6.9494 10.5248 -2.2409
v -6.6027 10.5248 -1.1424
v -4.8241 9.5100 0.0000
v -4.9731 9.5100 1.4540
v -5.4143 9.5100 2.8521
v -6.1308 9.5100 4.1406
v -7.0950 9.5100 5.2700
v -8.2699 9.5100 6.1969
v -9.6104 9.5100 6.8856
v -11.0649 9.5100 7.3097
v -12.5775 9.5100 7.4529
v -14.0901 9.5100 7.3097
v -15.5446 9.5100 6.8856
v -16.8851 9.5100 6.1969
v -18.0600 9.5100 5.2700
v -19.0242 9.5100 4.1406
v -19.7407 9.5100 2.8521
v -20.1819 9.5100 1.4540
v -20.3309 9.5100 0.0000
v -20.1819 9.5100 -1.4540
v -19.7407 9.5100 -2.8521
v -19.0242 9.5100 -4.1406
v -18.0600 9.5100 -5.2700
v -16.8851 9.5100 -6.1969
v -15.5446 9.5100 -6.8856
v -14.0901 9.5100 -7.3097
v -12.5775 9.5100 -7.4529
v -11.0649 9.5100 -7.3097
v -9.6104 9.5100 -6.8856
v -8.2699 9.5100 -6.1969
v -7.0950 9.5100 -5.2700
v -6.1308 9.5100 -4.1406
v -5.4143 9.5100 -2.8521
v -4.9731 9.5100 -1.4540
v -3.4604 8.2735 0.0000
v -3.6356 8.2735 1.7097
v -4.1544 8.2735 3.3537
v -4.9969 8.2735 4.8688
v -6.1308 8.2735 6.1969
v -7.5123 8.2735 7.2867
v -9.0886 8.2735 8.0966
v -10.7988 8.2735 8.5953
v -12.5775 8.2735 8.7637
v -14.3562 8.2735 8.5953
v -16.0664 8.2735 8.0966
v -17.6427 8.2735 7.2867
v -19.0242 8.2735 6.1969
v -20.1581 8.2735 4.8688
v -21.0006 8.2735 3.3537
v -21.5194 8.2735 1.7097
v -21.6946 8.2735 0.0000
v -21.5194 8.2735 -1.7097
v -21.0006 8.2735 -3.3537
v -20.1581 8.2735 -4.8688
v -19.0242 8.2735 -6.1969
v -17.6427 8.2735 -7.2867
v -16.0664 8.2735 -8.0966
v -14.3562 8.2735 -8.5953
v -12.5775 8.2735 -8.7637
v -10.7988 8.2735 -8.5953
v -9.0886 8.2735 -8.0966
v -7.5123 8.2735 -7.2867
v -6.1308 8.2735 -6.1969
v -4.9969 8.2735 -4.8688
v -4.1544 8.2735 -3.3537
v -3.6356 8.2735 -1.7097
v -2.4472 6.8627 0.0000
v -2.6418 6.8627 1.8997
v -3.2183 6.8627 3.7265
v -4.1544 6.8627 5.4100
v -5.4143 6.8627 6.8856
v -6.9494 6.8627 8.0966
v -8.7008 6.8627 8.9965
v -10.6012 6.8627 9.5506
v -12.5775 6.8627 9.7377
v -14.5538 6.8627 9.5506
v -16.4542 6.8627 8.9965
v -18.2056 6.8627 8.0966
v -19.7407 6.8627 6.8856
v -21.0006 6.8627 5.4100
v -21.9367 6.8627 3.7265
v -22.5132 6.8627 1.8997
v -22.7078 6.8627 0.0000
v -22.5132 6.8627 -1.8997
v -21.9367 6.8627 -3.7265
v -21.0006 6.8627 -5.4100
v -19.7407 6.8627 -6.8856
v -18.2056 6.8627 -8.0966
v -16.4542 6.8627 -8.9965
v -14.5538 6.8627 -9.5506
v -12.5775 6.8627 -9.7377
v -10.6012 6.8627 -9.5506
v -8.7008 6.8627 -8.9965
v -6.9494 6.8627 -8.0966
v -5.4143 6.8627 -6.8856
v -4.1544 6.8627 -5.4100
v -3.2183 6.8627 -3.7265
v -2.6418 6.8627 -1.8997
v -1.8232 5.3319 0.0000
v -2.0298 5.3319 2.0167
v -2.6418 5.3319 3.9560
v -3.6356 5.3319 5.7432
v -4.9731 5.3319 7.3097
v -6.6027 5.3319 8.5953
v -8.4620 5.3319 9.5506
v -10.4794 5.3319 10.1388
v -12.5775 5.3319 10.3375
v -14.6756 5.3319 10.1388
v -16.6930 5.3319 9.5506
v -18.5523 5.3319 8.5953
v -20.1819 5.3319 7.3097
v -21.5194 5.3319 5.7432
v -22.5132 5.3319 3.9560
v -23.1252 5.3319 2.0167
v -23.3318 5.3319 0.0000
v -23.1252 5.3319 -2.0167
v -22.5132 5.3319 -3.9560
v -21.5194 5.3319 -5.7432
v -20.1819 5.3319 -7.3097
v -18.5523 5.3319 -8.5953
v -16.6930 5.3319 -9.5506
v -14.6756 5.3319 -10.1388
v -12.5775 5.3319 -10.3375
v -10.4794 5.3319 -10.1388
v -8.4620 5.3319 -9.5506
v -6.6027 5.3319 -8.5953
v -4.9731 5.3319 -7.3097
v -3.6356 5.3319 -5.7432
v -2.6418 5.3319 -3.9560
v -2.0298 5.3319 -2.0167
v -1.6125 3.7400 0.0000
v -1.8232 3.7400 2.0563
v -2.4472 3.7400 4.0335
v -3.4604 3.7400 5.8557
v -4.8241 3.7400 7.4529
v -6.4857 3.7400 8.7637
v -8.3814 3.7400 9.7377
v -10.4383 3.7400 10.3375
v -12.5775 3.7400 10.5400
v -14.7167 3.7400 10.3375
v -16.7736 3.7400 9.7377
v -18.6693 3.7400 8.7637
v -20.3309 3.7400 7.4529
v -21.6946 3.7400 5.8557
v -22.7078 3.7400 4.0335
v -23.3318 3.7400 2.0563
v -23.5425 3.7400 0.0000
v -23.3318 3.7400 -2.0563
v -22.7078 3.7400 -4.0335
v -21.6946 3.7400 -5.8557
v -20.3309 3.7400 -7.4529
v -18.6693 3.7400 -8.7637
v -16.7736 3.7400 -9.7377
v -14.7167 3.7400 -10.3375
v -12.5775 3.7400 -10.5400
v -10.4383 3.7400 -10.3375
v -8.3814 3.7400 -9.7377
v -6.4857 3.7400 -8.7637
v -4.8241 3.7400 -7.4529
v -3.4604 3.7400 -5.8557
v -2.4472 3.7400 -4.0335
v -1.8232 3.7400 -2.0563
v -1.8232 2.1481 0.0000
v -2.0298 2.1481 2.0167
v -2.6418 2.1481 3.9560
v -3.6356 2.1481 5.7432
v -4.9731 2.1481 7.3097
v -6.6027 2.1481 8.5953
v -8.4620 2.1481 9.5506
v -10.4794 2.1481 10.1388
v -12.5775 2.1481 10.3375
v -14.6756 2.1481 10.1388
v -16.6930 2.1481 9.5506
v -18.5523 2.1481 8.5953
v -20.1819 2.1481 7.3097
v -21.5194 2.1481 5.7432
v -22.5132 2.1481 3.9560
v -23.1252 2.1481 2.0167
v -23.3318 2.1481 0.0000
v -23.1252 2.1481 -2.0167
v -22.5132 2.1481 -3.9560
v -21.5194 2.1481 -5.7432
v -20.1819 2.1481 -7.3097
v -18.5523 2.1481 -8.5953
v -16.6930 2.1481 -9.5506
v -14.6756 2.1481 -10.1388
v -12.5775 2.1481 -10.3375
v -10.4794 2.1481 -10.1388
v -8.4620 2.1481 -9.5506
v -6.6027 2.1481 -8.5953
v -4.9731 2.1481 -7.3097
v -3.6356 2.1481 -5.7432
v -2.6418 2.1481 -3.9560
v -2.0298 2.1481 -2.0167
v -2.4472 0.6173 0.0000
v -2.6418 0.6173 1.8997
v -3.2183 0.6173 3.7265
v -4.1544 0.6173 5.4100
v -5.4143 0.6173 6.8856
v -6.9494 0.6173 8.0966
v -8.7008 0.6173 8.9965
v -10.6012 0.6173 9.5506
v -12.5775 0.6173 9.7377
v -14.5538 0.6173 9.5506
v -16.4542 0.6173 8.9965
v -18.2056 0.6173 8.0966
v -19.7407 0.6173 6.8856
v -21.0006 0.6173 5.4100
v -21.9367 0.6173 3.7265
v -22.5132 0.6173 1.8997
v -22.7078 0.6173 0.0000
v -22.5132 0.6173 -1.8997
v -21.9367 0.6173 -3.7265
v -21.0006 0.6173 -5.4100
v -19.7407 0.6173 -6.8856
v -18.2056 0.6173 -8.0966
v -16.4542 0.6173 -8.9965
v -14.5538 0.6173 -9.5506
v -12.5775 0.6173 -9.7377
v -10.6012 0.6173 -9.5506
v -8.7008 0.6173 -8.9965
v -6.9494 0.6173 -8.0966
v -5.4143 0.6173 -6.8856
v -4.1544 0.6173 -5.4100
v -3.2183 0.6173 -3.7265
v -2.6418 0.6173 -1.8997
v -3.4604 -0.7935 0.0000
v -3.6356 -0.7935 1.7097
v -4.1544 -0.7935 3.3537
v -4.9969 -0.7935 4.8688
v -6.1308 -0.7935 6.1969
v -7.5123 -0.7935 7.2867
v -9.0886 -0.7935 8.0966
v -10.7988 -0.7935 8.5953
v -12.5775 -0.7935 8.7637
v -14.3562 -0.7935 8.5953
v -16.0664 -0.7935 8.0966
v -17.6427 -0.7935 7.2867
v -19.0242 -0.7935 6.1969
v -20.1581 -0.7935 4.8688
v -21.0006 -0.7935 3.3537
v -21.5194 -0.7935 1.7097
v -21.6946 -0.7935 0.0000
v -21.5194 -0.7935 -1.7097
v -21.0006 -0.7935 -3.3537
v -20.1581 -0.7935 -4.8688
v -19.0242 -0.7935 -6.1969
v -17.6427 -0.7935 -7.2867
v -16.0664 -0.7935 -8.0966
v -14.3562 -0.7935 -8.5953
v -12.5775 -0.7935 -8.7637
v -10.7988 -0.7935 -8.5953
v -9.0886 -0.7935 -8.0966
v -7.5123 -0.7935 -7.2867
v -6.1308 -0.7935 -6.1969
v -4.9969 -0.7935 -4.8688
v -4.1544 -0.7935 -3.3537
v -3.6356 -0.7935 -1.7097
v -4.8241 -2.0300 0.0000
v -4.9731 -2.0300 1.4540
v -5.4143 -2.0300 2.8521
v -6.1308 -2.0300 4.1406
v -7.0950 -2.0300 5.2700
v -8.2699 -2.0300 6.1969
v -9.6104 -2.0300 6.8856
v -11.0649 -2.0300 7.3097
v -12.5775 -2.0300 7.4529
v -14.0901 -2.0300 7.3097
v -15.5446 -2.0300 6.8856
v -16.8851 -2.0300 6.1969
v -18.0600 -2.0300 5.2700
v -19.0242 -2.0300 4.1406
v -19.7407 -2.0300 2.8521
v -20.1819 -2.0300 1.4540
v -20.3309 -2.0300 0.0000
v -20.1819 -2.0300 -1.4540
v -19.7407 -2.0300 -2.8521
v -19.0242 -2.0300 -4.1406
v -18.0600 -2.0300 -5.2700
v -16.8851 -2.0300 -6.1969
v -15.5446 -2.0300 -6.8856
v -14.0901 -2.0300 -7.3097
v -12.5775 -2.0300 -7.4529
v -11.0649 -2.0300 -7.3097
v -9.6104 -2.0300 -6.8856
v -8.2699 -2.0300 -6.1969
v -7.0950 -2.0300 -5.2700
v -6.1308 -2.0300 -4.1406
v -5.4143 -2.0300 -2.8521
v -4.9731 -2.0300 -1.4540
v -6.4857 -3.0448 0.0000
v -6.6027 -3.0448 1.1424
v -6.9494 -3.0448 2.2409
v -7.5123 -3.0448 3.2533
v -8.2699 -3.0448 4.1406
v -9.1931 -3.0448 4.8688
v -10.2463 -3.0448 5.4100
v -11.3890 -3.0448 5.7432
v -12.5775 -3.0448 5.8557
v -13.7660 -3.0448 5.7432
v -14.9087 -3.0448 5.4100
v -15.9619 -3.0448 4.8688
v -16.8851 -3.0448 4.1406
v -17.6427 -3.0448 3.2533
v -18.2056 -3.0448 2.2409
v -18.5523 -3.0448 1.1424
v -18.6693 -3.0448 0.0000
v -18.5523 -3.0448 -1.1424
v -18.2056 -3.0448 -2.2409
v -17.6427 -3.0448 -3.2533
v -16.8851 -3.0448 -4.1406
v -15.9619 -3.0448 -4.8688
v -14.9087 -3.0448 -5.4100
v -13.7660 -3.0448 -5.7432
v -12.5775 -3.0448 -5.8557
v -11.3890 -3.0448 -5.7432
v -10.2463 -3.0448 -5.4100
v -9.1931 -3.0448 -4.8688
v -8.2699 -3.0448 -4.1406
v -7.5123 -3.0448 -3.2533
v -6.9494 -3.0448 -2.2409
v -6.6027 -3.0448 -1.1424
v -8.3814 -3.7989 0.0000
v -8.4620 -3.7989 0.7869
v -8.7008 -3.7989 1.5435
v -9.0886 -3.7989 2.2409
v -9.6104 -3.7989 2.8521
v -10.2463 -3.7989 3.3537
v -10.9717 -3.7989 3.7265
v -11.7589 -3.7989 3.9560
v -12.5775 -3.7989 4.0335
v -13.3961 -3.7989 3.9560
v -14.1833 -3.7989 3.7265
v -14.9087 -3.7989 3.3537
v -15.5446 -3.7989 2.8521
v -16.0664 -3.7989 2.2409
v -16.4542 -3.7989 1.5435
v -16.6930 -3.7989 0.7869
v -16.7736 -3.7989 0.0000
v -16.6930 -3.7989 -0.7869
v -16.4542 -3.7989 -1.5435
v -16.0664 -3.7989 -2.2409
v -15.5446 -3.7989 -2.8521
v -14.9087 -3.7989 -3.3537
v -14.1833 -3.7989 -3.7265
v -13.3961 -3.7989 -3.9560
v -12.5775 -3.7989 -4.0335
v -11.7589 -3.7989 -3.9560
v -10.9717 -3.7989 -3.7265
v -10.2463 -3.7989 -3.3537
v -9.6104 -3.7989 -2.8521
v -9.0886 -3.7989 -2.2409
v -8.7008 -3.7989 -1.5435
v -8.4620 -3.7989 -0.7869
v -10.4383 -4.2632 0.0000
v -10.4794 -4.2632 0.4012
v -10.6012 -4.2632 0.7869
v -10.7988 -4.2632 1.1424
v -11.0649 -4.2632 1.4540
v -11.3890 -4.2632 1.7097
v -11.7589 -4.2632 1.8997
v -12.1602 -4.2632 2.0167
v -12.5775 -4.2632 2.0563
v -12.9948 -4.2632 2.0167
v -13.3961 -4.2632 1.8997
v -13.7660 -4.2632 1.7097
v -14.0901 -4.2632 1.4540
v -14.3562 -4.2632 1.1424
v -14.5538 -4.2632 0.7869
v -14.6756 -4.2632 0.4012
v -14.7167 -4.2632 0.0000
v -14.6756 -4.2632 -0.4012
v -14.5538 -4.2632 -0.7869
v -14.3562 -4.2632 -1.1424
v -14.0901 -4.2632 -1.4540
v -13.7660 -4.2632 -1.7097
v -13.3961 -4.2632 -1.8997
v -12.9948 -4.2632 -2.0167
v -12.5775 -4.2632 -2.0563
v -12.1602 -4.2632 -2.0167
v -11.7589 -4.2632 -1.8997
v -11.3890 -4.2632 -1.7097
v -11.0649 -4.2632 -1.4540
v -10.7988 -4.2632 -1.1424
v -10.6012 -4.2632 -0.7869
v -10.4794 -4.2632 -0.4012
v -12.5775 -4.4200 0.0000
v -12.5775 -4.4200 0.0000
v -12.5775 -4.4200 0.0000
v -12.5775 -4.4200 0.0000
v -12.5775 -4.4200 0.0000
v -12.5775 -4.4200 0.0000
v -12.5775 -4.4200 0.0000
v -12.5775 -4.4200 0.0000
v -12.5775 -4.4200 0.0000
v -12.5775 -4.4200 0.0000
v -12.5775 -4.4200 0.0000
v -12.5775 -4.4200 0.0000
v -12.5775 -4.4200 0.0000
v -12.5775 -4.4200 0.0000
v -12.5775 -4.4200 0.0000
v -12.5775 -4.4200 0.0000
v -12.5775 -4.4200 0.0000
v -12.5775 -4.4200 -0.0000
v -12.5775 -4.4200 -0.0000
v -12.5775 -4.4200 -0.0000
v -12.5775 -4.4200 -0.0000
v -12.5775 -4.4200 -0.0000
v -12.5775 -4.4200 -0.0000
v -12.5775 -4.4200 -0.0000
v -12.5775 -4.4200 -0.0000
v -12.5775 -4.4200 -0.0000
v -12.5775 -4.4200 -0.0000
v -12.5775 -4.4200 -0.0000
v -12.5775 -4.4200 -0.0000
v -12.5775 -4.4200 -0.0000
v -12.5775 -4.4200 -0.0000
v -12.5775 -4.4200 -0.0000
v 12.5775 11.9000 0.0000
v 12.5775 11.9000 0.0000
v 12.5775 11.9000 0.0000
v 12.5775 11.9000 0.0000
v 12.5775 11.9000 0.0000
v 12.5775 11.9000 0.0000
v 12.5775 11.9000 0.0000
v 12.5775 11.9000 0.0000
v 12.5775 11.9000 0.0000
v 12.5775 11.9000 0.0000
v 12.5775 11.9000 0.0000
v 12.5775 11.9000 0.0000
v 12.5775 11.9000 0.0000
v 12.5775 11.9000 0.0000
v 12.5775 11.9000 0.0000
v 12.5775 11.9000 0.0000
v 12.5775 11.9000 0.0000
v 12.5775 11.9000 0.0000
v 12.5775 11.9000 0.0000
v 12.5775 11.9000 0.0000
v 12.5775 11.9000 0.0000
v 12.5775 11.9000 0.0000
v 12.5775 11.9000 0.0000
v 12.5775 11.9000 0.0000
v 12.5775 11.9000 0.0000
v 12.5775 11.9000 0.0000
v 12.5775 11.9000 0.0000
v 12.5775 11.9000 0.0000
v 12.5775 11.9000 0.0000
v 12.5775 11.9000 0.0000
v 12.5775 11.9000 0.0000
v 12.5775 11.9000 0.0000
v 14.7167 11.7432 0.0000
v 14.6756 11.7432 0.4012
v 14.5538 11.7432 0.7869
v 14.3562 11.7432 1.1424
v 14.0901 11.7432 1.4540
v 13.7660 11.7432 1.7097
v 13.3961 11.7432 1.8997
v 12.9948 11.7432 2.0167
v 12.5775 11.7432 2.0563
v 12.1602 11.7432 2.0167
v 11.7589 11.7432 1.8997
v 11.3890 11.7432 1.7097
v 11.0649 11.7432 1.4540
v 10.7988 11.7432 1.1424
v 10.6012 11.7432 0.7869
v 10.4794 11.7432 0.4012
v 10.4383 11.7432 0.0000
v 10.4794 11.7432 -0.4012
v 10.6012 11.7432 -0.7869
v 10.7988 11.7432 -1.1424
v 11.0649 11.7432 -1.4540
v 11.3890 11.7432 -1.7097
v 11.7589 11.7432 -1.8997
v 12.1602 11.7432 -2.0167
v 12.5775 11.7432 -2.0563
v 12.9948 11.7432 -2.0167
v 13.3961 11.7432 -1.8997
v 13.7660 11.7432 -1.7097
v 14.0901 11.7432 -1.4540
v 14.3562 11.7432 -1.1424
v 14.5538 11.7432 -0.7869
v 14.6756 11.7432 -0.4012
v 16.7736 11.2789 0.0000
v 16.6930 11.2789 0.7869
v 16.4542 11.2789 1.5435
v 16.0664 11.2789 2.2409
v 15.5446 11.2789 2.8521
v 14.9087 11.2789 3.3537
v 14.1833 11.2789 3.7265
v 13.3961 11.2789 3.9560
v 12.5775 11.2789 4.0335
v 11.7589 11.2789 3.9560
v 10.9717 11.2789 3.7265
v 10.2463 11.2789 3.3537
v 9.6104 11.2789 2.8521
v 9.0886 11.2789 2.2409
v 8.7008 11.2789 1.5435
v 8.4620 11.2789 0.7869
v 8.3814 11.2789 0.0000
v 8.4620 11.2789 -0.7869
v 8.7008 11.2789 -1.5435
v 9.0886 11.2789 -2.2409
v 9.6104 11.2789 -2.8521
v 10.2463 11.2789 -3.3537
v 10.9717 11.2789 -3.7265
v 11.7589 11.2789 -3.9560
v 12.5775 11.2789 -4.0335
v 13.3961 11.2789 -3.9560
v 14.1833 11.2789 -3.7265
v 14.9087 11.2789 -3.3537
v 15.5446 11.2789 -2.8521
v 16.0664 11.2789 -2.2409
v 16.4542 11.2789 -1.5435
v 16.6930 11.2789 -0.7869
v 18.6693 10.5248 0.0000
v 18.5523 10.5248 1.1424
v 18.2056 10.5248 2.2409
v 17.6427 10.5248 3.2533
v 16.8851 10.5248 4.1406
v 15.9619 10.5248 4.8688
v 14.9087 10.5248 5.4100
v 13.7660 10.5248 5.7432
v 12.5775 10.5248 5.8557
v 11.3890 10.5248 5.7432
v 10.2463 10.5248 5.4100
v 9.1931 10.5248 4.8688
v 8.2699 10.5248 4.1406
v 7.5123 10.5248 3.2533
v 6.9494 10.5248 2.2409
v 6.6027 10.5248 1.1424
v 6.4857 10.5248 0.0000
v 6.6027 10.5248 -1.1424
v 6.9494 10.5248 -2.2409
v 7.5123 10.5248 -3.2533
v 8.2699 10.5248 -4.1406
v 9.1931 10.5248 -4.8688
v 10.2463 10.5248 -5.4100
v 11.3890 10.5248 -5.7432
v 12.5775 10.5248 -5.8557
v 13.7660 10.5248 -5.7432
v 14.9087 10.5248 -5.4100
v 15.9619 10.5248 -4.8688
v 16.8851 10.5248 -4.1406
v 17.6427 10.5248 -3.2533
v 18.2056 10.5248 -2.2409
v 18.5523 10.5248 -1.1424
v 20.3309 9.5100 0.0000
v 20.1819 9.5100 1.4540
v 19.7407 9.5100 2.8521
v 19.0242 9.5100 4.1406
v 18.0600 9.5100 5.2700
v 16.8851 9.5100 6.1969
v 15.5446 9.5100 6.8856
v 14.0901 9.5100 7.3097
v 12.5775 9.5100 7.4529
v 11.0649 9.5100 7.3097
v 9.6104 9.5100 6.8856
v 8.2699 9.5100 6.1969
v 7.0950 9.5100 5.2700
v 6.1308 9.5100 4.1406
v 5.4143 9.5100 2.8521
v 4.9731 9.5100 1.4540
v 4.8241 9.5100 0.0000
v 4.9731 9.5100 -1.4540
v 5.4143 9.5100 -2.8521
v 6.1308 9.5100 -4.1406
v 7.0950 9.5100 -5.2700
v 8.2699 9.5100 -6.1969
v 9.6104 9.5100 -6.8856
v 11.0649 9.5100 -7.3097
v 12.5775 9.5100 -7.4529
v 14.0901 9.5100 -7.3097
v 15.5446 9.5100 -6.8856
v 16.8851 9.5100 -6.1969
v 18.0600 9.5100 -5.2700
v 19.0242 9.5100 -4.1406
v 19.7407 9.5100 -2.8521
v 20.1819 9.5100 -1.4540
v 21.6946 8.2735 0.0000
v 21.5194 8.2735 1.7097
v 21.0006 8.2735 3.3537
v 20.1581 8.2735 4.8688
v 19.0242 8.2735 6.1969
v 17.6427 8.2735 7.2867
v 16.0664 8.2735 8.0966
v 14.3562 8.2735 8.5953
v 12.5775 8.2735 8.7637
v 10.7988 8.2735 8.5953
v 9.0886 8.2735 8.0966
v 7.5123 8.2735 7.2867
v 6.1308 8.2735 6.1969
v 4.9969 8.2735 4.8688
v 4.1544 8.2735 3.3537
v 3.6356 8.2735 1.7097
v 3.4604 8.2735 0.0000
v 3.6356 8.2735 -1.7097
v 4.1544 8.2735 -3.3537
v 4.9969 8.2735 -4.8688
v 6.1308 8.2735 -6.1969
v 7.5123 8.2735 -7.2867
v 9.0886 8.2735 -8.0966
v 10.7988 8.2735 -8.5953
v 12.5775 8.2735 -8.7637
v 14.3562 8.2735 -8.5953
v 16.0664 8.2735 -8.0966
v 17.6427 8.2735 -7.2867
v 19.0242 8.2735 -6.1969
v 20.1581 8.2735 -4.8688
v 21.0006 8.2735 -3.3537
v 21.5194 8.2735 -1.7097
v 22.7078 6.8627 0.0000
v 22.5132 6.8627 1.8997
v 21.9367 6.8627 3.7265
v 21.0006 6.8627 5.4100
v 19.7407 6.8627 6.8856
v 18.2056 6.8627 8.0966
v 16.4542 6.8627 8.9965
v 14.5538 6.8627 9.5506
v 12.5775 6.8627 9.7377
v 10.6012 6.8627 9.5506
v 8.7008 6.8627 8.9965
v 6.9494 6.8627 8.0966
v 5.4143 6.8627 6.8856
v 4.1544 6.8627 5.4100
v 3.2183 6.8627 3.7265
v 2.6418 6.8627 1.8997
v 2.4472 6.8627 0.0000
v 2.6418 6.8627 -1.8997
v 3.2183 6.8627 -3.7265
v 4.1544 6.8627 -5.4100
v 5.4143 6.8627 -6.8856
v 6.9494 6.8627 -8.0966
v 8.7008 6.8627 -8.9965
v 10.6012 6.8627 -9.5506
v 12.5775 6.8627 -9.7377
v 14.5538 6.8627 -9.5506
v 16.4542 6.8627 -8.9965
v 18.2056 6.8627 -8.0966
v 19.7407 6.8627 -6.8856
v 21.0006 6.8627 -5.4100
v 21.9367 6.8627 -3.7265
v 22.5132 6.8627 -1.8997
v 23.3318 5.3319 0.0000
v 23.1252 5.3319 2.0167
v 22.5132 5.3319 3.9560
v 21.5194 5.3319 5.7432
v 20.1819 5.3319 7.3097
v 18.5523 5.3319 8.5953
v 16.6930 5.3319 9.5506
v 14.6756 5.3319 10.1388
v 12.5775 5.3319 10.3375
v 10.4794 5.3319 10.1388
v 8.4620 5.3319 9.5506
v 6.6027 5.3319 8.5953
v 4.9731 5.3319 7.3097
v 3.6356 5.3319 5.7432
v 2.6418 5.3319 3.9560
v 2.0298 5.3319 2.0167
v 1.8232 5.3319 0.0000
v 2.0298 5.3319 -2.0167
v 2.6418 5.3319 -3.9560
v 3.6356 5.3319 -5.7432
v 4.9731 5.3319 -7.3097
v 6.6027 5.3319 -8.5953
v 8.4620 5.3319 -9.5506
v 10.4794 5.3319 -10.1388
v 12.5775 5.3319 -10.3375
v 14.6756 5.3319 -10.1388
v 16.6930 5.3319 -9.5506
v 18.5523 5.3319 -8.5953
v 20.1819 5.3319 -7.3097
v 21.5194 5.3319 -5.7432
v 22.5132 5.3319 -3.9560
v 23.1252 5.3319 -2.0167
v 23.5425 3.7400 0.0000
v 23.3318 3.7400 2.0563
v 22.7078 3.7400 4.0335
v 21.6946 3.7400 5.8557
v 20.3309 3.7400 7.4529
v 18.6693 3.7400 8.7637
v 16.7736 3.7400 9.7377
v 14.7167 3.7400 10.3375
v 12.5775 3.7400 10.5400
v 10.4383 3.7400 10.3375
v 8.3814 3.7400 9.7377
v 6.4857 3.7400 8.7637
v 4.8241 3.7400 7.4529
v 3.4604 3.7400 5.8557
v 2.4472 3.7400 4.0335
v 1.8232 3.7400 2.0563
v 1.6125 3.7400 0.0000
v 1.8232 3.7400 -2.0563
v 2.4472 3.7400 -4.0335
v 3.4604 3.7400 -5.8557
v 4.8241 3.7400 -7.4529
v 6.4857 3.7400 -8.7637
v 8.3814 3.7400 -9.7377
v 10.4383 3.7400 -10.3375
v 12.5775 3.7400 -10.5400
v 14.7167 3.7400 -10.3375
v 16.7736 3.7400 -9.7377
v 18.6693 3.7400 -8.7637
v 20.3309 3.7400 -7.4529
v 21.6946 3.7400 -5.8557
v 22.7078 3.7400 -4.0335
v 23.3318 3.7400 -2.0563
v 23.3318 2.1481 0.0000
v 23.1252 2.1481 2.0167
v 22.5132 2.1481 3.9560
v 21.5194 2.1481 5.7432
v 20.1819 2.1481 7.3097
v 18.5523 2.1481 8.5953
v 16.6930 2.1481 9.5506
v 14.6756 2.1481 10.1388
v 12.5775 2.1481 10.3375
v 10.4794 2.1481 10.1388
v 8.4620 2.1481 9.5506
v 6.6027 2.1481 8.5953
v 4.9731 2.1481 7.3097
v 3.6356 2.1481 5.7432
v 2.6418 2.1481 3.9560
v 2.0298 2.1481 2.0167
v 1.8232 2.1481 0.0000
v 2.0298 2.1481 -2.0167
v 2.6418 2.1481 -3.9560
v 3.6356 2.1481 -5.7432
v 4.9731 2.1481 -7.3097
v 6.6027 2.1481 -8.5953
v 8.4620 2.1481 -9.5506
v 10.4794 2.1481 -10.1388
v 12.5775 2.1481 -10.3375
v 14.6756 2.1481 -10.1388
v 16.6930 2.1481 -9.5506
v 18.5523 2.1481 -8.5953
v 20.1819 2.1481 -7.3097
v 21.5194 2.1481 -5.7432
v 22.5132 2.1481 -3.9560
v 23.1252 2.1481 -2.0167
v 22.7078 0.6173 0.0000
v 22.5132 0.6173 1.8997
v 21.9367 0.6173 3.7265
v 21.0006 0.6173 5.4100
v 19.7407 0.6173 6.8856
v 18.2056 0.6173 8.0966
v 16.4542 0.6173 8.9965
v 14.5538 0.6173 9.5506
v 12.5775 0.6173 9.7377
v 10.6012 0.6173 9.5506
v 8.7008 0.6173 8.9965
v 6.9494 0.6173 8.0966
v 5.4143 0.6173 6.8856
v 4.1544 0.6173 5.4100
v 3.2183 0.6173 3.7265
v 2.6418 0.6173 1.8997
v 2.4472 0.6173 0.0000
v 2.6418 0.6173 -1.8997
v 3.2183 0.6173 -3.7265
v 4.1544 0.6173 -5.4100
v 5.4143 0.6173 -6.8856
v 6.9494 0.6173 -8.0966
v 8.7008 0.6173 -8.9965
v 10.6012 0.6173 -9.5506
v 12.5775 0.6173 -9.7377
v 14.5538 0.6173 -9.5506
v 16.4542 0.6173 -8.9965
v 18.2056 0.6173 -8.0966
v 19.7407 0.6173 -6.8856
v 21.0006 0.6173 -5.4100
v 21.9367 0.6173 -3.7265
v 22.5132 0.6173 -1.8997
v 21.6946 -0.7935 0.0000
v 21.5194 -0.7935 1.7097
v 21.0006 -0.7935 3.3537
v 20.1581 -0.7935 4.8688
v 19.0242 -0.7935 6.1969
v 17.6427 -0.7935 7.2867
v 16.0664 -0.7935 8.0966
v 14.3562 -0.7935 8.5953
v 12.5775 -0.7935 8.7637
v 10.7988 -0.7935 8.5953
v 9.0886 -0.7935 8.0966
v 7.5123 -0.7935 7.2867
v 6.1308 -0.7935 6.1969
v 4.9969 -0.7935 4.8688
v 4.1544 -0.7935 3.3537
v 3.6356 -0.7935 1.7097
v 3.4604 -0.7935 0.0000
v 3.6356 -0.7935 -1.7097
v 4.1544 -0.7935 -3.3537
v 4.9969 -0.7935 -4.8688
v 6.1308 -0.7935 -6.1969
v 7.5123 -0.7935 -7.2867
v 9.0886 -0.7935 -8.0966
v 10.7988 -0.7935 -8.5953
v 12.5775 -0.7935 -8.7637
v 14.3562 -0.7935 -8.5953
v 16.0664 -0.7935 -8.0966
v 17.6427 -0.7935 -7.2867
v 19.0242 -0.7935 -6.1969
v 20.1581 -0.7935 -4.8688
v 21.0006 -0.7935 -3.3537
v 21.5194 -0.7935 -1.7097
v 20.3309 -2.0300 0.0000
v 20.1819 -2.0300 1.4540
v 19.7407 -2.0300 2.8521
v 19.0242 -2.0300 4.1406
v 18.0600 -2.0300 5.2700
v 16.8851 -2.0300 6.1969
v 15.5446 -2.0300 6.8856
v 14.0901 -2.0300 7.3097
v 12.5775 -2.0300 7.4529
v 11.0649 -2.0300 7.3097
v 9.6104 -2.0300 6.8856
v 8.2699 -2.0300 6.1969
v 7.0950 -2.0300 5.2700
v 6.1308 -2.0300 4.1406
v 5.4143 -2.0300 2.8521
v 4.9731 -2.0300 1.4540
v 4.8241 -2.0300 0.0000
v 4.9731 -2.0300 -1.4540
v 5.4143 -2.0300 -2.8521
v 6.1308 -2.0300 -4.1406
v 7.0950 -2.0300 -5.2700
v 8.2699 -2.0300 -6.1969
v 9.6104 -2.0300 -6.8856
v 11.0649 -2.0300 -7.3097
v 12.5775 -2.0300 -7.4529
v 14.0901 -2.0300 -7.3097
v 15.5446 -2.0300 -6.8856
v 16.8851 -2.0300 -6.1969
v 18.0600 -2.0300 -5.2700
v 19.0242 -2.0300 -4.1406
v 19.7407 -2.0300 -2.8521
v 20.1819 -2.0300 -1.4540
v 18.6693 -3.0448 0.0000
v 18.5523 -3.0448 1.1424
v 18.2056 -3.0448 2.2409
v 17.6427 -3.0448 3.2533
v 16.8851 -3.0448 4.1406
v 15.9619 -3.0448 4.8688
v 14.9087 -3.0448 5.4100
v 13.7660 -3.0448 5.7432
v 12.5775 -3.0448 5.8557
v 11.3890 -3.0448 5.7432
v 10.2463 -3.0448 5.4100
v 9.1931 -3.0448 4.8688
v 8.2699 -3.0448 4.1406
v 7.5123 -3.0448 3.2533
v 6.9494 -3.0448 2.2409
v 6.6027 -3.0448 1.1424
v 6.4857 -3.0448 0.0000
v 6.6027 -3.0448 -1.1424
v 6.9494 -3.0448 -2.2409
v 7.5123 -3.0448 -3.2533
v 8.2699 -3.0448 -4.1406
v 9.1931 -3.0448 -4.8688
v 10.2463 -3.0448 -5.4100
v 11.3890 -3.0448 -5.7432
v 12.5775 -3.0448 -5.8557
v 13.7660 -3.0448 -5.7432
v 14.9087 -3.0448 -5.4100
v 15.9619 -3.0448 -4.8688
v 16.8851 -3.0448 -4.1406
v 17.6427 -3.0448 -3.2533
v 18.2056 -3.0448 -2.2409
v 18.5523 -3.0448 -1.1424
v 16.7736 -3.7989 0.0000
v 16.6930 -3.7989 0.7869
v 16.4542 -3.7989 1.5435
v 16.0664 -3.7989 2.2409
v 15.5446 -3.7989 2.8521
v 14.9087 -3.7989 3.3537
v 14.1833 -3.7989 3.7265
v 13.3961 -3.7989 3.9560
v 12.5775 -3.7989 4.0335
v 11.7589 -3.7989 3.9560
v 10.9717 -3.7989 3.7265
v 10.2463 -3.7989 3.3537
v 9.6104 -3.7989 2.8521
v 9.0886 -3.7989 2.2409
v 8.7008 -3.7989 1.5435
v 8.4620 -3.7989 0.7869
v 8.3814 -3.7989 0.0000
v 8.4620 -3.7989 -0.7869
v 8.7008 -3.7989 -1.5435
v 9.0886 -3.7989 -2.2409
v 9.6104 -3.7989 -2.8521
v 10.2463 -3.7989 -3.3537
v 10.9717 -3.7989 -3.7265
v 11.7589 -3.7989 -3.9560
v 12.5775 -3.7989 -4.0335
v 13.3961 -3.7989 -3.9560
v 14.1833 -3.7989 -3.7265
v 14.9087 -3.7989 -3.3537
v 15.5446 -3.7989 -2.8521
v 16.0664 -3.7989 -2.2409
v 16.4542 -3.7989 -1.5435
v 16.6930 -3.7989 -0.7869
v 14.7167 -4.2632 0.0000
v 14.6756 -4.2632 0.4012
v 14.5538 -4.2632 0.7869
v 14.3562 -4.2632 1.1424
v 14.0901 -4.2632 1.4540
v 13.7660 -4.2632 1.7097
v 13.3961 -4.2632 1.8997
v 12.9948 -4.2632 2.0167
v 12.5775 -4.2632 2.0563
v 12.1602 -4.2632 2.0167
v 11.7589 -4.2632 1.8997
v 11.3890 -4.2632 1.7097
v 11.0649 -4.2632 1.4540
v 10.7988 -4.2632 1.1424
v 10.6012 -4.2632 0.7869
v 10.4794 -4.2632 0.4012
v 10.4383 -4.2632 0.0000
v 10.4794 -4.2632 -0.4012
v 10.6012 -4.2632 -0.7869
v 10.7988 -4.2632 -1.1424
v 11.0649 -4.2632 -1.4540
v 11.3890 -4.2632 -1.7097
v 11.7589 -4.2632 -1.8997
v 12.1602 -4.2632 -2.0167
v 12.5775 -4.2632 -2.0563
v 12.9948 -4.2632 -2.0167
v 13.3961 -4.2632 -1.8997
v 13.7660 -4.2632 -1.7097
v 14.0901 -4.2632 -1.4540
v 14.3562 -4.2632 -1.1424
v 14.5538 -4.2632 -0.7869
v 14.6756 -4.2632 -0.4012
v 12.5775 -4.4200 0.0000
v 12.5775 -4.4200 0.0000
v 12.5775 -4.4200 0.0000
v 12.5775 -4.4200 0.0000
v 12.5775 -4.4200 0.0000
v 12.5775 -4.4200 0.0000
v 12.5775 -4.4200 0.0000
v 12.5775 -4.4200 0.0000
v 12.5775 -4.4200 0.0000
v 12.5775 -4.4200 0.0000
v 12.5775 -4.4200 0.0000
v 12.5775 -4.4200 0.0000
v 12.5775 -4.4200 0.0000
v 12.5775 -4.4200 0.0000
v 12.5775 -4.4200 0.0000
v 12.5775 -4.4200 0.0000
v 12.5775 -4.4200 0.0000
v 12.5775 -4.4200 -0.0000
v 12.5775 -4.4200 -0.0000
v 12.5775 -4.4200 -0.0000
v 12.5775 -4.4200 -0.0000
v 12.5775 -4.4200 -0.0000
v 12.5775 -4.4200 -0.0000
v 12.5775 -4.4200 -0.0000
v 12.5775 -4.4200 -0.0000
v 12.5775 -4.4200 -0.0000
v 12.5775 -4.4200 -0.0000
v 12.5775 -4.4200 -0.0000
v 12.5775 -4.4200 -0.0000
v 12.5775 -4.4200 -0.0000
v 12.5775 -4.4200 -0.0000
v 12.5775 -4.4200 -0.0000
v 37.4100 11.9000 0.0000
v 37.4100 11.9000 0.0000
v 37.4100 11.9000 0.0000
v 37.4100 11.9000 0.0000
v 37.4100 11.9000 0.0000
v 37.4100 11.9000 0.0000
v 37.4100 11.9000 0.0000
v 37.4100 11.9000 0.0000
v 37.4100 11.9000 0.0000
v 37.4100 11.9000 0.0000
v 37.4100 11.9000 0.0000
v 37.4100 11.9000 0.0000
v 37.4100 11.9000 0.0000
v 37.4100 11.9000 0.0000
v 37.4100 11.9000 0.0000
v 37.4100 11.9000 0.0000
v 37.4100 11.9000 0.0000
v 37.4100 11.9000 0.0000
v 37.4100 11.9000 0.0000
v 37.4100 11.9000 0.0000
v 37.4100 11.9000 0.0000
v 37.4100 11.9000 0.0000
v 37.4100 11.9000 0.0000
v 37.4100 11.9000 0.0000
v 37.4100 11.9000 0.0000
v 37.4100 11.9000 0.0000
v 37.4100 11.9000 0.0000
v 37.4100 11.9000 0.0000
v 37.4100 11.9000 0.0000
v 37.4100 11.9000 0.0000
v 37.4100 11.9000 0.0000
v 37.4100 11.9000 0.0000
v 39.5492 11.7432 0.0000
v 39.5081 11.7432 0.4012
v 39.3863 11.7432 0.7869
v 39.1887 11.7432 1.1424
v 38.9226 11.7432 1.4540
v 38.5985 11.7432 1.7097
v 38.2286 11.7432 1.8997
v 37.8273 11.7432 2.0167
v 37.4100 11.7432 2.0563
v 36.9927 11.7432 2.0167
v 36.5914 11.7432 1.8997
v 36.2215 11.7432 1.7097
v 35.8974 11.7432 1.4540
v 35.6313 11.7432 1.1424
v 35.4337 11.7432 0.7869
v 35.3119 11.7432 0.4012
v 35.2708 11.7432 0.0000
v 35.3119 11.7432 -0.4012
v 35.4337 11.7432 -0.7869
v 35.6313 11.7432 -1.1424
v 35.8974 11.7432 -1.4540
v 36.2215 11.7432 -1.7097
v 36.5914 11.7432 -1.8997
v 36.9927 11.7432 -2.0167
v 37.4100 11.7432 -2.0563
v 37.8273 11.7432 -2.0167
v 38.2286 11.7432 -1.8997
v 38.5985 11.7432 -1.7097
v 38.9226 11.7432 -1.4540
v 39.1887 11.7432 -1.1424
v 39.3863 11.7432 -0.7869
v 39.5081 11.7432 -0.4012
v 41.6061 11.2789 0.0000
v 41.5255 11.2789 0.7869
v 41.2867 11.2789 1.5435
v 40.8989 11.2789 2.2409
v 40.3771 11.2789 2.8521
v 39.7412 11.2789 3.3537
v 39.0158 11.2789 3.7265
v 38.2286 11.2789 3.9560
v 37.4100 11.2789 4.0335
v 36.5914 11.2789 3.9560
v 35.8042 11.2789 3.7265
v 35.0788 11.2789 3.3537
v 34.4429 11.2789 2.8521
v 33.9211 11.2789 2.2409
v 33.5333 11.2789 1.5435
v 33.2945 11.2789 0.7869
v 33.2139 11.2789 0.0000
v 33.2945 11.2789 -0.7869
v 33.5333 11.2789 -1.5435
v 33.9211 11.2789 -2.2409
v 34.4429 11.2789 -2.8521
v 35.0788 11.2789 -3.3537
v 35.8042 11.2789 -3.7265
v 36.5914 11.2789 -3.9560
v 37.4100 11.2789 -4.0335
v 38.2286 11.2789 -3.9560
v 39.0158 11.2789 -3.7265
v 39.7412 11.2789 -3.3537
v 40.3771 11.2789 -2.8521
v 40.8989 11.2789 -2.2409
v 41.2867 11.2789 -1.5435
v 41.5255 11.2789 -0.7869
v 43.5018 10.5248 0.0000
v 43.3848 10.5248 1.1424
v 43.0381 10.5248 2.2409
v 42.4752 10.5248 3.2533
v 41.7176 10.5248 4.1406
v 40.7944 10.5248 4.8688
v 39.7412 10.5248 5.4100
v 38.5985 10.5248 5.7432
v 37.4100 10.5248 5.8557
v 36.2215 10.5248 5.7432
v 35.0788 10.5248 5.4100
v 34.0256 10.5248 4.8688
v 33.1024 10.5248 4.1406
v 32.3448 10.5248 3.2533
v 31.7819 10.5248 2.2409
v 31.4352 10.5248 1.1424
v 31.3182 10.5248 0.0000
v 31.4352 10.5248 -1.1424
v 31.7819 10.5248 -2.2409
v 32.3448 10.5248 -3.2533
v 33.1024 10.5248 -4.1406
v 34.0256 10.5248 -4.8688
v 35.0788 10.5248 -5.4100
v 36.2215 10.5248 -5.7432
v 37.4100 10.5248 -5.8557
v 38.5985 10.5248 -5.7432
v 39.7412 10.5248 -5.4100
v 40.7944 10.5248 -4.8688
v 41.7176 10.5248 -4.1406
v 42.4752 10.5248 -3.2533
v 43.0381 10.5248 -2.2409
v 43.3848 10.5248 -1.1424
v 45.1634 9.5100 0.0000
v 45.0144 9.5100 1.4540
v 44.5732 9.5100 2.8521
v 43.8567 9.5100 4.1406
v 42.8925 9.5100 5.2700
v 41.7176 9.5100 6.1969
v 40.3771 9.5100 6.8856
v 38.9226 9.5100 7.3097
v 37.4100 9.5100 7.4529
v 35.8974 9.5100 7.3097
v 34.4429 9.5100 6.8856
v 33.1024 9.5100 6.1969
v 31.9275 9.5100 5.2700
v 30.9633 9.5100 4.1406
v 30.2468 9.5100 2.8521
v 29.8056 9.5100 1.4540
v 29.6566 9.5100 0.0000
v 29.8056 9.5100 -1.4540
v 30.2468 9.5100 -2.8521
v 30.9633 9.5100 -4.1406
v 31.9275 9.5100 -5.2700
v 33.1024 9.5100 -6.1969
v 34.4429 9.5100 -6.8856
v 35.8974 9.5100 -7.3097
v 37.4100 9.5100 -7.4529
v 38.9226 9.5100 -7.3097
v 40.3771 9.5100 -6.8856
v 41.7176 9.5100 -6.1969
v 42.8925 9.5100 -5.2700
v 43.8567 9.5100 -4.1406
v 44.5732 9.5100 -2.8521
v 45.0144 9.5100 -1.4540
v 46.5271 8.2735 0.0000
v 46.3519 8.2735 1.7097
v 45.8331 8.2735 3.3537
v 44.9906 8.2735 4.8688
v 43.8567 8.2735 6.1969
v 42.4752 8.2735 7.2867
v 40.8989 8.2735 8.0966
v 39.1887 8.2735 8.5953
v 37.4100 8.2735 8.7637
v 35.6313 8.2735 8.5953
v 33.9211 8.2735 8.0966
v 32.3448 8.2735 7.2867
v 30.9633 8.2735 6.1969
v 29.8294 8.2735 4.8688
v 28.9869 8.2735 3.3537
v 28.4681 8.2735 1.7097
v 28.2929 8.2735 0.0000
v 28.4681 8.2735 -1.7097
v 28.9869 8.2735 -3.3537
v 29.8294 8.2735 -4.8688
v 30.9633 8.2735 -6.1969
v 32.3448 8.2735 -7.2867
v 33.9211 8.2735 -8.0966
v 35.6313 8.2735 -8.5953
v 37.4100 8.2735 -8.7637
v 39.1887 8.2735 -8.5953
v 40.8989 8.2735 -8.0966
v 42.4752 8.2735 -7.2867
v 43.8567 8.2735 -6.1969
v 44.9906 8.2735 -4.8688
v 45.8331 8.2735 -3.3537
v 46.3519 8.2735 -1.7097
v 47.5403 6.8627 0.0000
v 47.3457 6.8627 1.8997
v 46.7692 6.8627 3.7265
v 45.8331 6.8627 5.4100
v 44.5732 6.8627 6.8856
v 43.0381 6.8627 8.0966
v 41.2867 6.8627 8.9965
v 39.3863 6.8627 9.5506
v 37.4100 6.8627 9.7377
v 35.4337 6.8627 9.5506
v 33.5333 6.8627 8.9965
v 31.7819 6.8627 8.0966
v 30.2468 6.8627 6.8856
v 28.9869 6.8627 5.4100
v 28.0508 6.8627 3.7265
v 27.4743 6.8627 1.8997
v 27.2797 6.8627 0.0000
v 27.4743 6.8627 -1.8997
v 28.0508 6.8627 -3.7265
v 28.9869 6.8627 -5.4100
v 30.2468 6.8627 -6.8856
v 31.7819 6.8627 -8.0966
v 33.5333 6.8627 -8.9965
v 35.4337 6.8627 -9.5506
v 37.4100 6.8627 -9.7377
v 39.3863 6.8627 -9.5506
v 41.2867 6.8627 -8.9965
v 43.0381 6.8627 -8.0966
v 44.5732 6.8627 -6.8856
v 45.8331 6.8627 -5.4100
v 46.7692 6.8627 -3.7265
v 47.3457 6.8627 -1.8997
v 48.1643 5.3319 0.0000
v 47.9577 5.3319 2.0167
v 47.3457 5.3319 3.9560
v 46.3519 5.3319 5.7432
v 45.0144 5.3319 7.3097
v 43.3848 5.3319 8.5953
v 41.5255 5.3319 9.5506
v 39.5081 5.3319 10.1388
v 37.4100 5.3319 10.3375
v 35.3119 5.3319 10.1388
v 33.2945 5.3319 9.5506
v 31.4352 5.3319 8.5953
v 29.8056 5.3319 7.3097
v 28.4681 5.3319 5.7432
v 27.4743 5.3319 3.9560
v 26.8623 5.3319 2.0167
v 26.6557 5.3319 0.0000
v 26.8623 5.3319 -2.0167
v 27.4743 5.3319 -3.9560
v 28.4681 5.3319 -5.7432
v 29.8056 5.3319 -7.3097
v 31.4352 5.3319 -8.5953
v 33.2945 5.3319 -9.5506
v 35.3119 5.3319 -10.1388
v 37.4100 5.3319 -10.3375
v 39.5081 5.3319 -10.1388
v 41.5255 5.3319 -9.5506
v 43.3848 5.3319 -8.5953
v 45.0144 5.3319 -7.3097
v 46.3519 5.3319 -5.7432
v 47.3457 5.3319 -3.9560
v 47.9577 5.3319 -2.0167
v 48.3750 3.7400 0.0000
v 48.1643 3.7400 2.0563
v 47.5403 3.7400 4.0335
v 46.5271 3.7400 5.8557
v 45.1634 3.7400 7.4529
v 43.5018 3.7400 8.7637
v 41.6061 3.7400 9.7377
v 39.5492 3.7400 10.3375
v 37.4100 3.7400 10.5400
v 35.2708 3.7400 10.3375
v 33.2139 3.7400 9.7377
v 31.3182 3.7400 8.7637
v 29.6566 3.7400 7.4529
v 28.2929 3.7400 5.8557
v 27.2797 3.7400 4.0335
v 26.6557 3.7400 2.0563
v 26.4450 3.7400 0.0000
v 26.6557 3.7400 -2.0563
v 27.2797 3.7400 -4.0335
v 28.2929 3.7400 -5.8557
v 29.6566 3.7400 -7.4529
v 31.3182 3.7400 -8.7637
v 33.2139 3.7400 -9.7377
v 35.2708 3.7400 -10.3375
v 37.4100 3.7400 -10.5400
v 39.5492 3.7400 -10.3375
v 41.6061 3.7400 -9.7377
v 43.5018 3.7400 -8.7637
v 45.1634 3.7400 -7.4529
v 46.5271 3.7400 -5.8557
v 47.5403 3.7400 -4.0335
v 48.1643 3.7400 -2.0563
v 48.1643 2.1481 0.0000
v 47.9577 2.1481 2.0167
v 47.3457 2.1481 3.9560
v 46.3519 2.1481 5.7432
v 45.0144 2.1481 7.3097
v 43.3848 2.1481 8.5953
v 41.5255 2.1481 9.5506
v 39.5081 2.1481 10.1388
v 37.4100 2.1481 10.3375
v 35.3119 2.1481 10.1388
v 33.2945 2.1481 9.5506
v 31.4352 2.1481 8.5953
v 29.8056 2.1481 7.3097
v 28.4681 2.1481 5.7432
v 27.4743 2.1481 3.9560
v 26.8623 2.1481 2.0167
v 26.6557 2.1481 0.0000
v 26.8623 2.1481 -2.0167
v 27.4743 2.1481 -3.9560
v 28.4681 2.1481 -5.7432
v 29.8056 2.1481 -7.3097
v 31.4352 2.1481 -8.5953
v 33.2945 2.1481 -9.5506
v 35.3119 2.1481 -10.1388
v 37.4100 2.1481 -10.3375
v 39.5081 2.1481 -10.1388
v 41.5255 2.1481 -9.5506
v 43.3848 2.1481 -8.5953
v 45.0144 2.1481 -7.3097
v 46.3519 2.1481 -5.7432
v 47.3457 2.1481 -3.9560
v 47.9577 2.1481 -2.0167
v 47.5403 0.6173 0.0000
v 47.3457 0.6173 1.8997
v 46.7692 0.6173 3.7265
v 45.8331 0.6173 5.4100
v 44.5732 0.6173 6.8856
v 43.0381 0.6173 8.0966
v 41.2867 0.6173 8.9965
v 39.3863 0.6173 9.5506
v 37.4100 0.6173 9.7377
v 35.4337 0.6173 9.5506
v 33.5333 0.6173 8.9965
v 31.7819 0.6173 8.0966
v 30.2468 0.6173 6.8856
v 28.9869 0.6173 5.4100
v 28.0508 0.6173 3.7265
v 27.4743 0.6173 1.8997
v 27.2797 0.6173 0.0000
v 27.4743 0.6173 -1.8997
v 28.0508 0.6173 -3.7265
v 28.9869 0.6173 -5.4100
v 30.2468 0.6173 -6.8856
v 31.7819 0.6173 -8.0966
v 33.5333 0.6173 -8.9965
v 35.4337 0.6173 -9.5506
v 37.4100 0.6173 -9.7377
v 39.3863 0.6173 -9.5506
v 41.2867 0.6173 -8.9965
v 43.0381 0.6173 -8.0966
v 44.5732 0.6173 -6.8856
v 45.8331 0.6173 -5.4100
v 46.7692 0.6173 -3.7265
v 47.3457 0.6173 -1.8997
v 46.5271 -0.7935 0.0000
v 46.3519 -0.7935 1.7097
v 45.8331 -0.7935 3.3537
v 44.9906 -0.7935 4.8688
v 43.8567 -0.7935 6.1969
v 42.4752 -0.7935 7.2867
v 40.8989 -0.7935 8.0966
v 39.1887 -0.7935 8.5953
v 37.4100 -0.7935 8.7637
v 35.6313 -0.7935 8.5953
v 33.9211 -0.7935 8.0966
v 32.3448 -0.7935 7.2867
v 30.9633 -0.7935 6.1969
v 29.8294 -0.7935 4.8688
v 28.9869 -0.7935 3.3537
v 28.4681 -0.7935 1.7097
v 28.2929 -0.7935 0.0000
v 28.4681 -0.7935 -1.7097
v 28.9869 -0.7935 -3.3537
v 29.8294 -0.7935 -4.8688
v 30.9633 -0.7935 -6.1969
v 32.3448 -0.7935 -7.2867
v 33.9211 -0.7935 -8.0966
v 35.6313 -0.7935 -8.5953
v 37.4100 -0.7935 -8.7637
v 39.1887 -0.7935 -8.5953
v 40.8989 -0.7935 -8.0966
v 42.4752 -0.7935 -7.2867
v 43.8567 -0.7935 -6.1969
v 44.9906 -0.7935 -4.8688
v 45.8331 -0.7935 -3.3537
v 46.3519 -0.7935 -1.7097
v 45.1634 -2.0300 0.0000
v 45.0144 -2.0300 1.4540
v 44.5732 -2.0300 2.8521
v 43.8567 -2.0300 4.1406
v 42.8925 -2.0300 5.2700
v 41.7176 -2.0300 6.1969
v 40.3771 -2.0300 6.8856
v 38.9226 -2.0300 7.3097
v 37.4100 -2.0300 7.4529
v 35.8974 -2.0300 7.3097
v 34.4429 -2.0300 6.8856
v 33.1024 -2.0300 6.1969
v 31.9275 -2.0300 5.2700
v 30.9633 -2.0300 4.1406
v 30.2468 -2.0300 2.8521
v 29.8056 -2.0300 1.4540
v 29.6566 -2.0300 0.0000
v 29.8056 -2.0300 -1.4540
v 30.2468 -2.0300 -2.8521
v 30.9633 -2.0300 -4.1406
v 31.9275 -2.0300 -5.2700
v 33.1024 -2.0300 -6.1969
v 34.4429 -2.0300 -6.8856
v 35.8974 -2.0300 -7.3097
v 37.4100 -2.0300 -7.4529
v 38.9226 -2.0300 -7.3097
v 40.3771 -2.0300 -6.8856
v 41.7176 -2.0300 -6.1969
v 42.8925 -2.0300 -5.2700
v 43.8567 -2.0300 -4.1406
v 44.5732 -2.0300 -2.8521
v 45.0144 -2.0300 -1.4540
v 43.5018 -3.0448 0.0000
v 43.3848 -3.0448 1.1424
v 43.0381 -3.0448 2.2409
v 42.4752 -3.0448 3.2533
v 41.7176 -3.0448 4.1406
v 40.7944 -3.0448 4.8688
v 39.7412 -3.0448 5.4100
v 38.5985 -3.0448 5.7432
v 37.4100 -3.0448 5.8557
v 36.2215 -3.0448 5.7432
v 35.0788 -3.0448 5.4100
v 34.0256 -3.0448 4.8688
v 33.1024 -3.0448 4.1406
v 32.3448 -3.0448 3.2533
v 31.7819 -3.0448 2.2409
v 31.4352 -3.0448 1.1424
v 31.3182 -3.0448 0.0000
v 31.4352 -3.0448 -1.1424
v 31.7819 -3.0448 -2.2409
v 32.3448 -3.0448 -3.2533
v 33.1024 -3.0448 -4.1406
v 34.0256 -3.0448 -4.8688
v 35.0788 -3.0448 -5.4100
v 36.2215 -3.0448 -5.7432
v 37.4100 -3.0448 -5.8557
v 38.5985 -3.0448 -5.7432
v 39.7412 -3.0448 -5.4100
v 40.7944 -3.0448 -4.8688
v 41.7176 -3.0448 -4.1406
v 42.4752 -3.0448 -3.2533
v 43.0381 -3.0448 -2.2409
v 43.3848 -3.0448 -1.1424
v 41.6061 -3.7989 0.0000
v 41.5255 -3.7989 0.7869
v 41.2867 -3.7989 1.5435
v 40.8989 -3.7989 2.2409
v 40.3771 -3.7989 2.8521
v 39.7412 -3.7989 3.3537
v 39.0158 -3.7989 3.7265
v 38.2286 -3.7989 3.9560
v 37.4100 -3.7989 4.0335
v 36.5914 -3.7989 3.9560
v 35.8042 -3.7989 3.7265
v 35.0788 -3.7989 3.3537
v 34.4429 -3.7989 2.8521
v 33.9211 -3.7989 2.2409
v 33.5333 -3.7989 1.5435
v 33.2945 -3.7989 0.7869
v 33.2139 -3.7989 0.0000
v 33.2945 -3.7989 -0.7869
v 33.5333 -3.7989 -1.5435
v 33.9211 -3.7989 -2.2409
v 34.4429 -3.7989 -2.8521
v 35.0788 -3.7989 -3.3537
v 35.8042 -3.7989 -3.7265
v 36.5914 -3.7989 -3.9560
v 37.4100 -3.7989 -4.0335
v 38.2286 -3.7989 -3.9560
v 39.0158 -3.7989 -3.7265
v 39.7412 -3.7989 -3.3537
v 40.3771 -3.7989 -2.8521
v 40.8989 -3.7989 -2.2409
v 41.2867 -3.7989 -1.5435
v 41.5255 -3.7989 -0.7869
v 39.5492 -4.2632 0.0000
v 39.5081 -4.2632 0.4012
v 39.3863 -4.2632 0.7869
v 39.1887 -4.2632 1.1424
v 38.9226 -4.2632 1.4540
v 38.5985 -4.2632 1.7097
v 38.2286 -4.2632 1.8997
v 37.8273 -4.2632 2.0167
v 37.4100 -4.2632 2.0563
v 36.9927 -4.2632 2.0167
v 36.5914 -4.2632 1.8997
v 36.2215 -4.2632 1.7097
v 35.8974 -4.2632 1.4540
v 35.6313 -4.2632 1.1424
v 35.4337 -4.2632 0.7869
v 35.3119 -4.2632 0.4012
v 35.2708 -4.2632 0.0000
v 35.3119 -4.2632 -0.4012
v 35.4337 -4.2632 -0.7869
v 35.6313 -4.2632 -1.1424
v 35.8974 -4.2632 -1.4540
v 36.2215 -4.2632 -1.7097
v 36.5914 -4.2632 -1.8997
v 36.9927 -4.2632 -2.0167
v 37.4100 -4.2632 -2.0563
v 37.8273 -4.2632 -2.0167
v 38.2286 -4.2632 -1.8997
v 38.5985 -4.2632 -1.7097
v 38.9226 -4.2632 -1.4540
v 39.1887 -4.2632 -1.1424
v 39.3863 -4.2632 -0.7869
v 39.5081 -4.2632 -0.4012
v 37.4100 -4.4200 0.0000
v 37.4100 -4.4200 0.0000
v 37.4100 -4.4200 0.0000
v 37.4100 -4.4200 0.0000
v 37.4100 -4.4200 0.0000
v 37.4100 -4.4200 0.0000
v 37.4100 -4.4200 0.0000
v 37.4100 -4.4200 0.0000
v 37.4100 -4.4200 0.0000
v 37.4100 -4.4200 0.0000
v 37.4100 -4.4200 0.0000
v 37.4100 -4.4200 0.0000
v 37.4100 -4.4200 0.0000
v 37.4100 -4.4200 0.0000
v 37.4100 -4.4200 0.0000
v 37.4100 -4.4200 0.0000
v 37.4100 -4.4200 0.0000
v 37.4100 -4.4200 -0.0000
v 37.4100 -4.4200 -0.0000
v 37.4100 -4.4200 -0.0000
v 37.4100 -4.4200 -0.0000
v 37.4100 -4.4200 -0.0000
v 37.4100 -4.4200 -0.0000
v 37.4100 -4.4200 -0.0000
v 37.4100 -4.4200 -0.0000
v 37.4100 -4.4200 -0.0000
v 37.4100 -4.4200 -0.0000
v 37.4100 -4.4200 -0.0000
v 37.4100 -4.4200 -0.0000
v 37.4100 -4.4200 -0.0000
v 37.4100 -4.4200 -0.0000
v 37.4100 -4.4200 -0.0000
v 0.0000 1.3600 0.0000
v 0.0000 1.3600 0.0000
v 0.0000 1.3600 0.0000
v 0.0000 1.3600 0.0000
v 0.0000 1.3600 0.0000
v 0.0000 1.3600 0.0000
v 0.0000 1.3600 0.0000
v 0.0000 1.3600 0.0000
v 0.0000 1.3600 0.0000
v 0.0000 1.3600 0.0000
v 0.0000 1.3600 0.0000
v 0.0000 1.3600 0.0000
v 0.0000 1.3600 0.0000
v 0.0000 1.3600 0.0000
v 0.0000 1.3600 0.0000
v 0.0000 1.3600 0.0000
v 0.0000 1.3600 0.0000
v 0.0000 1.3600 0.0000
v 0.0000 1.3600 0.0000
v 0.0000 1.3600 0.0000
v 0.0000 1.3600 0.0000
v 0.0000 1.3600 0.0000
v 0.0000 1.3600 0.0000
v 0.0000 1.3600 0.0000
v 0.0000 1.3600 0.0000
v 0.0000 1.3600 0.0000
v 0.0000 1.3600 0.0000
v 0.0000 1.3600 0.0000
v 0.0000 1.3600 0.0000
v 0.0000 1.3600 0.0000
v 0.0000 1.3600 0.0000
v 0.0000 1.3600 0.0000
v 0.0000 1.3600 0.0000
v 0.0000 1.3600 0.0000
v 0.0000 1.3600 0.0000
v 0.0000 1.3600 0.0000
v 0.0000 1.3600 0.0000
v 0.0000 1.3600 0.0000
v 0.0000 1.3600 0.0000
v 0.0000 1.3600 0.0000
v 9.3117 1.1967 0.0000
v 9.1970 1.1967 0.4462
v 8.8559 1.1967 0.8814
v 8.2968 1.1967 1.2949
v 7.5333 1.1967 1.6765
v 6.5843 1.1967 2.0168
v 5.4733 1.1967 2.3075
v 4.2274 1.1967 2.5413
v 2.8775 1.1967 2.7126
v 1.4567 1.1967 2.8171
v 0.0000 1.1967 2.8522
v -1.4567 1.1967 2.8171
v -2.8775 1.1967 2.7126
v -4.2274 1.1967 2.5413
v -5.4733 1.1967 2.3075
v -6.5843 1.1967 2.0168
v -7.5333 1.1967 1.6765
v -8.2968 1.1967 1.2949
v -8.8559 1.1967 0.8814
v -9.1970 1.1967 0.4462
v -9.3117 1.1967 0.0000
v -9.1970 1.1967 -0.4462
v -8.8559 1.1967 -0.8814
v -8.2968 1.1967 -1.2949
v -7.5333 1.1967 -1.6765
v -6.5843 1.1967 -2.0168
v -5.4733 1.1967 -2.3075
v -4.2274 1.1967 -2.5413
v -2.8775 1.1967 -2.7126
v -1.4567 1.1967 -2.8171
v -0.0000 1.1967 -2.8522
v 1.4567 1.1967 -2.8171
v 2.8775 1.1967 -2.7126
v 4.2274 1.1967 -2.5413
v 5.4733 1.1967 -2.3075
v 6.5843 1.1967 -2.0168
v 7.5333 1.1967 -1.6765
v 8.2968 1.1967 -1.2949
v 8.8559 1.1967 -0.8814
v 9.1970 1.1967 -0.4462
v 18.2655 0.7130 0.0000
v 18.0406 0.7130 0.8752
v 17.3715 0.7130 1.7289
v 16.2747 0.7130 2.5400
v 14.7771 0.7130 3.2886
v 12.9156 0.7130 3.9561
v 10.7362 0.7130 4.5263
v 8.2924 0.7130 4.9850
v 5.6443 0.7130 5.3210
v 2.8574 0.7130 5.5260
v 0.0000 0.7130 5.5948
v -2.8574 0.7130 5.5260
v -5.6443 0.7130 5.3210
v -8.2924 0.7130 4.9850
v -10.7362 0.7130 4.5263
v -12.9156 0.7130 3.9561
v -14.7771 0.7130 3.2886
v -16.2747 0.7130 2.5400
v -17.3715 0.7130 1.7289
v -18.0406 0.7130 0.8752
v -18.2655 0.7130 0.0000
v -18.0406 0.7130 -0.8752
v -17.3715 0.7130 -1.7289
v -16.2747 0.7130 -2.5400
v -14.7771 0.7130 -3.2886
v -12.9156 0.7130 -3.9561
v -10.7362 0.7130 -4.5263
v -8.2924 0.7130 -4.9850
v -5.6443 0.7130 -5.3210
v -2.8574 0.7130 -5.5260
v -0.0000 0.7130 -5.5948
v 2.8574 0.7130 -5.5260
v 5.6443 0.7130 -5.3210
v 8.2924 0.7130 -4.9850
v 10.7362 0.7130 -4.5263
v 12.9156 0.7130 -3.9561
v 14.7771 0.7130 -3.2886
v 16.2747 0.7130 -2.5400
v 17.3715 0.7130 -1.7289
v 18.0406 0.7130 -0.8752
v 26.5174 -0.0725 0.0000
v 26.1909 -0.0725 1.2706
v 25.2195 -0.0725 2.5100
v 23.6271 -0.0725 3.6875
v 21.4530 -0.0725 4.7742
v 18.7506 -0.0725 5.7434
v 15.5865 -0.0725 6.5712
v 12.0386 -0.0725 7.2371
v 8.1943 -0.0725 7.7249
v 4.1482 -0.0725 8.0224
v 0.0000 -0.0725 8.1224
v -4.1482 -0.0725 8.0224
v -8.1943 -0.0725 7.7249
v -12.0386 -0.0725 7.2371
v -15.5865 -0.0725 6.5712
v -18.7506 -0.0725 5.7434
v -21.4530 -0.0725 4.7742
v -23.6271 -0.0725 3.6875
v -25.2195 -0.0725 2.5100
v -26.1909 -0.0725 1.2706
v -26.5174 -0.0725 0.0000
v -26.1909 -0.0725 -1.2706
v -25.2195 -0.0725 -2.5100
v -23.6271 -0.0725 -3.6875
v -21.4530 -0.0725 -4.7742
v -18.7506 -0.0725 -5.7434
v -15.5865 -0.0725 -6.5712
v -12.0386 -0.0725 -7.2371
v -8.1943 -0.0725 -7.7249
v -4.1482 -0.0725 -8.0224
v -0.0000 -0.0725 -8.1224
v 4.1482 -0.0725 -8.0224
v 8.1943 -0.0725 -7.7249
v 12.0386 -0.0725 -7.2371
v 15.5865 -0.0725 -6.5712
v 18.7506 -0.0725 -5.7434
v 21.4530 -0.0725 -4.7742
v 23.6271 -0.0725 -3.6875
v 25.2195 -0.0725 -2.5100
v 26.1909 -0.0725 -1.2706
v 33.7502 -1.1296 0.0000
v 33.3347 -1.1296 1.6172
v 32.0984 -1.1296 3.1946
v 30.0717 -1.1296 4.6933
v 27.3045 -1.1296 6.0765
v 23.8650 -1.1296 7.3100
v 19.8379 -1.1296 8.3635
v 15.3223 -1.1296 9.2111
v 10.4294 -1.1296 9.8319
v 5.2797 -1.1296 10.2106
v 0.0000 -1.1296 10.3379
v -5.2797 -1.1296 10.2106
v -10.4294 -1.1296 9.8319
v -15.3223 -1.1296 9.2111
v -19.8379 -1.1296 8.3635
v -23.8650 -1.1296 7.3100
v -27.3045 -1.1296 6.0765
v -30.0717 -1.1296 4.6933
v -32.0984 -1.1296 3.1946
v -33.3347 -1.1296 1.6172
v -33.7502 -1.1296 0.0000
v -33.3347 -1.1296 -1.6172
v -32.0984 -1.1296 -3.1946
v -30.0717 -1.1296 -4.6933
v -27.3045 -1.1296 -6.0765
v -23.8650 -1.1296 -7.3100
v -19.8379 -1.1296 -8.3635
v -15.3223 -1.1296 -9.2111
v -10.4294 -1.1296 -9.8319
v -5.2797 -1.1296 -10.2106
v -0.0000 -1.1296 -10.3379
v 5.2797 -1.1296 -10.2106
v 10.4294 -1.1296 -9.8319
v 15.3223 -1.1296 -9.2111
v 19.8379 -1.1296 -8.3635
v 23.8650 -1.1296 -7.3100
v 27.3045 -1.1296 -6.0765
v 30.0717 -1.1296 -4.6933
v 32.0984 -1.1296 -3.1946
v 33.3347 -1.1296 -1.6172
v 39.6860 -2.4177 0.0000
v 39.1974 -2.4177 1.9016
v 37.7437 -2.4177 3.7564
v 35.3605 -2.4177 5.5187
v 32.1067 -2.4177 7.1452
v 28.0623 -2.4177 8.5957
v 23.3269 -2.4177 9.8345
v 18.0171 -2.4177 10.8312
v 12.2637 -2.4177 11.5611
v 6.2083 -2.4177 12.0064
v 0.0000 -2.4177 12.1561
v -6.2083 -2.4177 12.0064
v -12.2637 -2.4177 11.5611
v -18.0171 -2.4177 10.8312
v -23.3269 -2.4177 9.8345
v -28.0623 -2.4177 8.5957
v -32.1067 -2.4177 7.1452
v -35.3605 -2.4177 5.5187
v -37.7437 -2.4177 3.7564
v -39.1974 -2.4177 1.9016
v -39.6860 -2.4177 0.0000
v -39.1974 -2.4177 -1.9016
v -37.7437 -2.4177 -3.7564
v -35.3605 -2.4177 -5.5187
v -32.1067 -2.4177 -7.1452
v -28.0623 -2.4177 -8.5957
v -23.3269 -2.4177 -9.8345
v -18.0171 -2.4177 -10.8312
v -12.2637 -2.4177 -11.5611
v -6.2083 -2.4177 -12.0064
v -0.0000 -2.4177 -12.1561
v 6.2083 -2.4177 -12.0064
v 12.2637 -2.4177 -11.5611
v 18.0171 -2.4177 -10.8312
v 23.3269 -2.4177 -9.8345
v 28.0623 -2.4177 -8.5957
v 32.1067 -2.4177 -7.1452
v 35.3605 -2.4177 -5.5187
v 37.7437 -2.4177 -3.7564
v 39.1974 -2.4177 -1.9016
v 44.0968 -3.8872 0.0000
v 43.5539 -3.8872 2.1130
v 41.9385 -3.8872 4.1739
v 39.2905 -3.8872 6.1321
v 35.6750 -3.8872 7.9393
v 31.1811 -3.8872 9.5510
v 25.9194 -3.8872 10.9275
v 20.0195 -3.8872 12.0349
v 13.6267 -3.8872 12.8460
v 6.8983 -3.8872 13.3408
v 0.0000 -3.8872 13.5071
v -6.8983 -3.8872 13.3408
v -13.6267 -3.8872 12.8460
v -20.0195 -3.8872 12.0349
v -25.9194 -3.8872 10.9275
v -31.1811 -3.8872 9.5510
v -35.6750 -3.8872 7.9393
v -39.2905 -3.8872 6.1321
v -41.9385 -3.8872 4.1739
v -43.5539 -3.8872 2.1130
v -44.0968 -3.8872 0.0000
v -43.5539 -3.8872 -2.1130
v -41.9385 -3.8872 -4.1739
v -39.2905 -3.8872 -6.1321
v -35.6750 -3.8872 -7.9393
v -31.1811 -3.8872 -9.5510
v -25.9194 -3.8872 -10.9275
v -20.0195 -3.8872 -12.0349
v -13.6267 -3.8872 -12.8460
v -6.8983 -3.8872 -13.3408
v -0.0000 -3.8872 -13.5071
v 6.8983 -3.8872 -13.3408
v 13.6267 -3.8872 -12.8460
v 20.0195 -3.8872 -12.0349
v 25.9194 -3.8872 -10.9275
v 31.1811 -3.8872 -9.5510
v 35.6750 -3.8872 -7.9393
v 39.2905 -3.8872 -6.1321
v 41.9385 -3.8872 -4.1739
v 43.5539 -3.8872 -2.1130
v 46.8129 -5.4817 0.0000
v 46.2365 -5.4817 2.2431
v 44.5217 -5.4817 4.4310
v 41.7106 -5.4817 6.5098
v 37.8724 -5.4817 8.4283
v 33.1017 -5.4817 10.1393
v 27.5159 -5.4817 11.6006
v 21.2526 -5.4817 12.7762
v 14.4660 -5.4817 13.6373
v 7.3231 -5.4817 14.1625
v 0.0000 -5.4817 14.3391
v -7.3231 -5.4817 14.1625
v -14.4660 -5.4817 13.6373
v -21.2526 -5.4817 12.7762
v -27.5159 -5.4817 11.6006
v -33.1017 -5.4817 10.1393
v -37.8724 -5.4817 8.4283
v -41.7106 -5.4817 6.5098
v -44.5217 -5.4817 4.4310
v -46.2365 -5.4817 2.2431
v -46.8129 -5.4817 0.0000
v -46.2365 -5.4817 -2.2431
v -44.5217 -5.4817 -4.4310
v -41.7106 -5.4817 -6.5098
v -37.8724 -5.4817 -8.4283
v -33.1017 -5.4817 -10.1393
v -27.5159 -5.4817 -11.6006
v -21.2526 -5.4817 -12.7762
v -14.4660 -5.4817 -13.6373
v -7.3231 -5.4817 -14.1625
v -0.0000 -5.4817 -14.3391
v 7.3231 -5.4817 -14.1625
v 14.4660 -5.4817 -13.6373
v 21.2526 -5.4817 -12.7762
v 27.5159 -5.4817 -11.6006
v 33.1017 -5.4817 -10.1393
v 37.8724 -5.4817 -8.4283
v 41.7106 -5.4817 -6.5098
v 44.5217 -5.4817 -4.4310
v 46.2365 -5.4817 -2.2431
v 47.7300 -7.1400 0.0000
v 47.1424 -7.1400 2.2871
v 45.3939 -7.1400 4.5178
v 42.5277 -7.1400 6.6373
v 38.6144 -7.1400 8.5934
v 33.7502 -7.1400 10.3379
v 28.0550 -7.1400 11.8278
v 21.6690 -7.1400 13.0265
v 14.7494 -7.1400 13.9044
v 7.4666 -7.1400 14.4400
v 0.0000 -7.1400 14.6200
v -7.4666 -7.1400 14.4400
v -14.7494 -7.1400 13.9044
v -21.6690 -7.1400 13.0265
v -28.0550 -7.1400 11.8278
v -33.7502 -7.1400 10.3379
v -38.6144 -7.1400 8.5934
v -42.5277 -7.1400 6.6373
v -45.3939 -7.1400 4.5178
v -47.1424 -7.1400 2.2871
v -47.7300 -7.1400 0.0000
v -47.1424 -7.1400 -2.2871
v -45.3939 -7.1400 -4.5178
v -42.5277 -7.1400 -6.6373
v -38.6144 -7.1400 -8.5934
v -33.7502 -7.1400 -10.3379
v -28.0550 -7.1400 -11.8278
v -21.6690 -7.1400 -13.0265
v -14.7494 -7.1400 -13.9044
v -7.4666 -7.1400 -14.4400
v -0.0000 -7.1400 -14.6200
v 7.4666 -7.1400 -14.4400
v 14.7494 -7.1400 -13.9044
v 21.6690 -7.1400 -13.0265
v 28.0550 -7.1400 -11.8278
v 33.7502 -7.1400 -10.3379
v 38.6144 -7.1400 -8.5934
v 42.5277 -7.1400 -6.6373
v 45.3939 -7.1400 -4.5178
v 47.1424 -7.1400 -2.2871
v 46.8129 -8.7983 0.0000
v 46.2365 -8.7983 2.2431
v 44.5217 -8.7983 4.4310
v 41.7106 -8.7983 6.5098
v 37.8724 -8.7983 8.4283
v 33.1017 -8.7983 10.1393
v 27.5159 -8.7983 11.6006
v 21.2526 -8.7983 12.7762
v 14.4660 -8.7983 13.6373
v 7.3231 -8.7983 14.1625
v 0.0000 -8.7983 14.3391
v -7.3231 -8.7983 14.1625
v -14.4660 -8.7983 13.6373
v -21.2526 -8.7983 12.7762
v -27.5159 -8.7983 11.6006
v -33.1017 -8.7983 10.1393
v -37.8724 -8.7983 8.4283
v -41.7106 -8.7983 6.5098
v -44.5217 -8.7983 4.4310
v -46.2365 -8.7983 2.2431
v -46.8129 -8.7983 0.0000
v -46.2365 -8.7983 -2.2431
v -44.5217 -8.7983 -4.4310
v -41.7106 -8.7983 -6.5098
v -37.8724 -8.7983 -8.4283
v -33.1017 -8.7983 -10.1393
v -27.5159 -8.7983 -11.6006
v -21.2526 -8.7983 -12.7762
v -14.4660 -8.7983 -13.6373
v -7.3231 -8.7983 -14.1625
v -0.0000 -8.7983 -14.3391
v 7.3231 -8.7983 -14.1625
v 14.4660 -8.7983 -13.6373
v 21.2526 -8.7983 -12.7762
v 27.5159 -8.7983 -11.6006
v 33.1017 -8.7983 -10.1393
v 37.8724 -8.7983 -8.4283
v 41.7106 -8.7983 -6.5098
v 44.5217 -8.7983 -4.4310
v 46.2365 -8.7983 -2.2431
v 44.0968 -10.3928 0.0000
v 43.5539 -10.3928 2.1130
v 41.9385 -10.3928 4.1739
v 39.2905 -10.3928 6.1321
v 35.6750 -10.3928 7.9393
v 31.1811 -10.3928 9.5510
v 25.9194 -10.3928 10.9275
v 20.0195 -10.3928 12.0349
v 13.6267 -10.3928 12.8460
v 6.8983 -10.3928 13.3408
v 0.0000 -10.3928 13.5071
v -6.8983 -10.3928 13.3408
v -13.6267 -10.3928 12.8460
v -20.0195 -10.3928 12.0349
v -25.9194 -10.3928 10.9275
v -31.1811 -10.3928 9.5510
v -35.6750 -10.3928 7.9393
v -39.2905 -10.3928 6.1321
v -41.9385 -10.3928 4.1739
v -43.5539 -10.3928 2.1130
v -44.0968 -10.3928 0.0000
v -43.5539 -10.3928 -2.1130
v -41.9385 -10.3928 -4.1739
v -39.2905 -10.3928 -6.1321
v -35.6750 -10.3928 -7.9393
v -31.1811 -10.3928 -9.5510
v -25.9194 -10.3928 -10.9275
v -20.0195 -10.3928 -12.0349
v -13.6267 -10.3928 -12.8460
v -6.8983 -10.3928 -13.3408
v -0.0000 -10.3928 -13.5071
v 6.8983 -10.3928 -13.3408
v 13.6267 -10.3928 -12.8460
v 20.0195 -10.3928 -12.0349
v 25.9194 -10.3928 -10.9275
v 31.1811 -10.3928 -9.5510
v 35.6750 -10.3928 -7.9393
v 39.2905 -10.3928 -6.1321
v 41.9385 -10.3928 -4.1739
v 43.5539 -10.3928 -2.1130
v 39.6860 -11.8623 0.0000
v 39.1974 -11.8623 1.9016
v 37.7437 -11.8623 3.7564
v 35.3605 -11.8623 5.5187
v 32.1067 -11.8623 7.1452
v 28.0623 -11.8623 8.5957
v 23.3269 -11.8623 9.8345
v 18.0171 -11.8623 10.8312
v 12.2637 -11.8623 11.5611
v 6.2083 -11.8623 12.0064
v 0.0000 -11.8623 12.1561
v -6.2083 -11.8623 12.0064
v -12.2637 -11.8623 11.5611
v -18.0171 -11.8623 10.8312
v -23.3269 -11.8623 9.8345
v -28.0623 -11.8623 8.5957
v -32.1067 -11.8623 7.1452
v -35.3605 -11.8623 5.5187
v -37.7437 -11.8623 3.7564
v -39.1974 -11.8623 1.9016
v -39.6860 -11.8623 0.0000
v -39.1974 -11.8623 -1.9016
v -37.7437 -11.8623 -3.7564
v -35.3605 -11.8623 -5.5187
v -32.1067 -11.8623 -7.1452
v -28.0623 -11.8623 -8.5957
v -23.3269 -11.8623 -9.8345
v -18.0171 -11.8623 -10.8312
v -12.2637 -11.8623 -11.5611
v -6.2083 -11.8623 -12.0064
v -0.0000 -11.8623 -12.1561
v 6.2083 -11.8623 -12.0064
v 12.2637 -11.8623 -11.5611
v 18.0171 -11.8623 -10.8312
v 23.3269 -11.8623 -9.8345
v 28.0623 -11.8623 -8.5957
v 32.1067 -11.8623 -7.1452
v 35.3605 -11.8623 -5.5187
v 37.7437 -11.8623 -3.7564
v 39.1974 -11.8623 -1.9016
v 33.7502 -13.1504 0.0000
v 33.3347 -13.1504 1.6172
v 32.0984 -13.1504 3.1946
v 30.0717 -13.1504 4.6933
v 27.3045 -13.1504 6.0765
v 23.8650 -13.1504 7.3100
v 19.8379 -13.1504 8.3635
v 15.3223 -13.1504 9.2111
v 10.4294 -13.1504 9.8319
v 5.2797 -13.1504 10.2106
v 0.0000 -13.1504 10.3379
v -5.2797 -13.1504 10.2106
v -10.4294 -13.1504 9.8319
v -15.3223 -13.1504 9.2111
v -19.8379 -13.1504 8.3635
v -23.8650 -13.1504 7.3100
v -27.3045 -13.1504 6.0765
v -30.0717 -13.1504 4.6933
v -32.0984 -13.1504 3.1946
v -33.3347 -13.1504 1.6172
v -33.7502 -13.1504 0.0000
v -33.3347 -13.1504 -1.6172
v -32.0984 -13.1504 -3.1946
v -30.0717 -13.1504 -4.6933
v -27.3045 -13.1504 -6.0765
v -23.8650 -13.1504 -7.3100
v -19.8379 -13.1504 -8.3635
v -15.3223 -13.1504 -9.2111
v -10.4294 -13.1504 -9.8319
v -5.2797 -13.1504 -10.2106
v -0.0000 -13.1504 -10.3379
v 5.2797 -13.1504 -10.2106
v 10.4294 -13.1504 -9.8319
v 15.3223 -13.1504 -9.2111
v 19.8379 -13.1504 -8.3635
v 23.8650 -13.1504 -7.3100
v 27.3045 -13.1504 -6.0765
v 30.0717 -13.1504 -4.6933
v 32.0984 -13.1504 -3.1946
v 33.3347 -13.1504 -1.6172
v 26.5174 -14.2075 0.0000
v 26.1909 -14.2075 1.2706
v 25.2195 -14.2075 2.5100
v 23.6271 -14.2075 3.6875
v 21.4530 -14.2075 4.7742
v 18.7506 -14.2075 5.7434
v 15.5865 -14.2075 6.5712
v 12.0386 -14.2075 7.2371
v 8.1943 -14.2075 7.7249
v 4.1482 -14.2075 8.0224
v 0.0000 -14.2075 8.1224
v -4.1482 -14.2075 8.0224
v -8.1943 -14.2075 7.7249
v -12.0386 -14.2075 7.2371
v -15.5865 -14.2075 6.5712
v -18.7506 -14.2075 5.7434
v -21.4530 -14.2075 4.7742
v -23.6271 -14.2075 3.6875
v -25.2195 -14.2075 2.5100
v -26.1909 -14.2075 1.2706
v -26.5174 -14.2075 0.0000
v -26.1909 -14.2075 -1.2706
v -25.2195 -14.2075 -2.5100
v -23.6271 -14.2075 -3.6875
v -21.4530 -14.2075 -4.7742
v -18.7506 -14.2075 -5.7434
v -15.5865 -14.2075 -6.5712
v -12.0386 -14.2075 -7.2371
v -8.1943 -14.2075 -7.7249
v -4.1482 -14.2075 -8.0224
v -0.0000 -14.2075 -8.1224
v 4.1482 -14.2075 -8.0224
v 8.1943 -14.2075 -7.7249
v 12.0386 -14.2075 -7.2371
v 15.5865 -14.2075 -6.5712
v 18.7506 -14.2075 -5.7434
v 21.4530 -14.2075 -4.7742
v 23.6271 -14.2075 -3.6875
v 25.2195 -14.2075 -2.5100
v 26.1909 -14.2075 -1.2706
v 18.2655 -14.9930 0.0000
v 18.0406 -14.9930 0.8752
v 17.3715 -14.9930 1.7289
v 16.2747 -14.9930 2.5400
v 14.7771 -14.9930 3.2886
v 12.9156 -14.9930 3.9561
v 10.7362 -14.9930 4.5263
v 8.2924 -14.9930 4.9850
v 5.6443 -14.9930 5.3210
v 2.8574 -14.9930 5.5260
v 0.0000 -14.9930 5.5948
v -2.8574 -14.9930 5.5260
v -5.6443 -14.9930 5.3210
v -8.2924 -14.9930 4.9850
v -10.7362 -14.9930 4.5263
v -12.9156 -14.9930 3.9561
v -14.7771 -14.9930 3.2886
v -16.2747 -14.9930 2.5400
v -17.3715 -14.9930 1.7289
v -18.0406 -14.9930 0.8752
v -18.2655 -14.9930 0.0000
v -18.0406 -14.9930 -0.8752
v -17.3715 -14.9930 -1.7289
v -16.2747 -14.9930 -2.5400
v -14.7771 -14.9930 -3.2886
v -12.9156 -14.9930 -3.9561
v -10.7362 -14.9930 -4.5263
v -8.2924 -14.9930 -4.9850
v -5.6443 -14.9930 -5.3210
v -2.8574 -14.9930 -5.5260
v -0.0000 -14.9930 -5.5948
v 2.8574 -14.9930 -5.5260
v 5.6443 -14.9930 -5.3210
v 8.2924 -14.9930 -4.9850
v 10.7362 -14.9930 -4.5263
v 12.9156 -14.9930 -3.9561
v 14.7771 -14.9930 -3.2886
v 16.2747 -14.9930 -2.5400
v 17.3715 -14.9930 -1.7289
v 18.0406 -14.9930 -0.8752
v 9.3117 -15.4767 0.0000
v 9.1970 -15.4767 0.4462
v 8.8559 -15.4767 0.8814
v 8.2968 -15.4767 1.2949
v 7.5333 -15.4767 1.6765
v 6.5843 -15.4767 2.0168
v 5.4733 -15.4767 2.3075
v 4.2274 -15.4767 2.5413
v 2.8775 -15.4767 2.7126
v 1.4567 -15.4767 2.8171
v 0.0000 -15.4767 2.8522
v -1.4567 -15.4767 2.8171
v -2.8775 -15.4767 2.7126
v -4.2274 -15.4767 2.5413
v -5.4733 -15.4767 2.3075
v -6.5843 -15.4767 2.0168
v -7.5333 -15.4767 1.6765
v -8.2968 -15.4767 1.2949
v -8.8559 -15.4767 0.8814
v -9.1970 -15.4767 0.4462
v -9.3117 -15.4767 0.0000
v -9.1970 -15.4767 -0.4462
v -8.8559 -15.4767 -0.8814
v -8.2968 -15.4767 -1.2949
v -7.5333 -15.4767 -1.6765
v -6.5843 -15.4767 -2.0168
v -5.4733 -15.4767 -2.3075
v -4.2274 -15.4767 -2.5413
v -2.8775 -15.4767 -2.7126
v -1.4567 -15.4767 -2.8171
v -0.0000 -15.4767 -2.8522
v 1.4567 -15.4767 -2.8171
v 2.8775 -15.4767 -2.7126
v 4.2274 -15.4767 -2.5413
v 5.4733 -15.4767 -2.3075
v 6.5843 -15.4767 -2.0168
v 7.5333 -15.4767 -1.6765
v 8.2968 -15.4767 -1.2949
v 8.8559 -15.4767 -0.8814
v 9.1970 -15.4767 -0.4462
v 0.0000 -15.6400 0.0000
v 0.0000 -15.6400 0.0000
v 0.0000 -15.6400 0.0000
v 0.0000 -15.6400 0.0000
v 0.0000 -15.6400 0.0000
v 0.0000 -15.6400 0.0000
v 0.0000 -15.6400 0.0000
v 0.0000 -15.6400 0.0000
v 0.0000 -15.6400 0.0000
v 0.0000 -15.6400 0.0000
v 0.0000 -15.6400 0.0000
v -0.0000 -15.6400 0.0000
v -0.0000 -15.6400 0.0000
v -0.0000 -15.6400 0.0000
v -0.0000 -15.6400 0.0000
v -0.0000 -15.6400 0.0000
v -0.0000 -15.6400 0.0000
v -0.0000 -15.6400 0.0000
v -0.0000 -15.6400 0.0000
v -0.0000 -15.6400 0.0000
v -0.0000 -15.6400 0.0000
v -0.0000 -15.6400 -0.0000
v -0.0000 -15.6400 -0.0000
v -0.0000 -15.6400 -0.0000
v -0.0000 -15.6400 -0.0000
v -0.0000 -15.6400 -0.0000
v -0.0000 -15.6400 -0.0000
v -0.0000 -15.6400 -0.0000
v -0.0000 -15.6400 -0.0000
v -0.0000 -15.6400 -0.0000
v -0.0000 -15.6400 -0.0000
v 0.0000 -15.6400 -0.0000
v 0.0000 -15.6400 -0.0000
v 0.0000 -15.6400 -0.0000
v 0.0000 -15.6400 -0.0000
v 0.0000 -15.6400 -0.0000
v 0.0000 -15.6400 -0.0000
v 0.0000 -15.6400 -0.0000
v 0.0000 -15.6400 -0.0000
v 0.0000 -15.6400 -0.0000
v -29.6700 -2.2100 0.0000
v -29.6700 -2.2100 0.0000
v -29.6700 -2.2100 0.0000
v -29.6700 -2.2100 0.0000
v -29.6700 -2.2100 0.0000
v -29.6700 -2.2100 0.0000
v -29.6700 -2.2100 0.0000
v -29.6700 -2.2100 0.0000
v -29.6700 -2.2100 0.0000
v -29.6700 -2.2100 0.0000
v -29.6700 -2.2100 0.0000
v -29.6700 -2.2100 0.0000
v -29.6700 -2.2100 0.0000
v -29.6700 -2.2100 0.0000
v -29.6700 -2.2100 0.0000
v -29.6700 -2.2100 0.0000
v -29.6700 -2.2100 0.0000
v -29.6700 -2.2100 0.0000
v -29.6700 -2.2100 0.0000
v -29.6700 -2.2100 0.0000
v -27.7765 -2.3681 0.0000
v -27.8692 -2.3681 0.6493
v -28.1381 -2.3681 1.2351
v -28.5570 -2.3681 1.7000
v -29.0849 -2.3681 1.9985
v -29.6700 -2.3681 2.1013
v -30.2551 -2.3681 1.9985
v -30.7830 -2.3681 1.7000
v -31.2019 -2.3681 1.2351
v -31.4708 -2.3681 0.6493
v -31.5635 -2.3681 0.0000
v -31.4708 -2.3681 -0.6493
v -31.2019 -2.3681 -1.2351
v -30.7830 -2.3681 -1.7000
v -30.2551 -2.3681 -1.9985
v -29.6700 -2.3681 -2.1013
v -29.0849 -2.3681 -1.9985
v -28.5570 -2.3681 -1.7000
v -28.1381 -2.3681 -1.2351
v -27.8692 -2.3681 -0.6493
v -26.0683 -2.8269 0.0000
v -26.2446 -2.8269 1.2351
v -26.7562 -2.8269 2.3493
v -27.5530 -2.8269 3.2336
v -28.5570 -2.8269 3.8013
v -29.6700 -2.8269 3.9969
v -30.7830 -2.8269 3.8013
v -31.7870 -2.8269 3.2336
v -32.5838 -2.8269 2.3493
v -33.0954 -2.8269 1.2351
v -33.2717 -2.8269 0.0000
v -33.0954 -2.8269 -1.2351
v -32.5838 -2.8269 -2.3493
v -31.7870 -2.8269 -3.2336
v -30.7830 -2.8269 -3.8013
v -29.6700 -2.8269 -3.9969
v -28.5570 -2.8269 -3.8013
v -27.5530 -2.8269 -3.2336
v -26.7562 -2.8269 -2.3493
v -26.2446 -2.8269 -1.2351
v -24.7127 -3.5415 0.0000
v -24.9554 -3.5415 1.7000
v -25.6595 -3.5415 3.2336
v -26.7562 -3.5415 4.4507
v -28.1381 -3.5415 5.2321
v -29.6700 -3.5415 5.5013
v -31.2019 -3.5415 5.2321
v -32.5838 -3.5415 4.4507
v -33.6805 -3.5415 3.2336
v -34.3846 -3.5415 1.7000
v -34.6273 -3.5415 0.0000
v -34.3846 -3.5415 -1.7000
v -33.6805 -3.5415 -3.2336
v -32.5838 -3.5415 -4.4507
v -31.2019 -3.5415 -5.2321
v -29.6700 -3.5415 -5.5013
v -28.1381 -3.5415 -5.2321
v -26.7562 -3.5415 -4.4507
v -25.6595 -3.5415 -3.2336
v -24.9554 -3.5415 -1.7000
v -23.8424 -4.4419 0.0000
v -24.1276 -4.4419 1.9985
v -24.9554 -4.4419 3.8013
v -26.2446 -4.4419 5.2321
v -27.8692 -4.4419 6.1507
v -29.6700 -4.4419 6.4672
v -31.4708 -4.4419 6.1507
v -33.0954 -4.4419 5.2321
v -34.3846 -4.4419 3.8013
v -35.2124 -4.4419 1.9985
v -35.4976 -4.4419 0.0000
v -35.2124 -4.4419 -1.9985
v -34.3846 -4.4419 -3.8013
v -33.0954 -4.4419 -5.2321
v -31.4708 -4.4419 -6.1507
v -29.6700 -4.4419 -6.4672
v -27.8692 -4.4419 -6.1507
v -26.2446 -4.4419 -5.2321
v -24.9554 -4.4419 -3.8013
v -24.1276 -4.4419 -1.9985
v -23.5425 -5.4400 0.0000
v -23.8424 -5.4400 2.1013
v -24.7127 -5.4400 3.9969
v -26.0683 -5.4400 5.5013
v -27.7765 -5.4400 6.4672
v -29.6700 -5.4400 6.8000
v -31.5635 -5.4400 6.4672
v -33.2717 -5.4400 5.5013
v -34.6273 -5.4400 3.9969
v -35.4976 -5.4400 2.1013
v -35.7975 -5.4400 0.0000
v -35.4976 -5.4400 -2.1013
v -34.6273 -5.4400 -3.9969
v -33.2717 -5.4400 -5.5013
v -31.5635 -5.4400 -6.4672
v -29.6700 -5.4400 -6.8000
v -27.7765 -5.4400 -6.4672
v -26.0683 -5.4400 -5.5013
v -24.7127 -5.4400 -3.9969
v -23.8424 -5.4400 -2.1013
v -23.8424 -6.4381 0.0000
v -24.1276 -6.4381 1.9985
v -24.9554 -6.4381 3.8013
v -26.2446 -6.4381 5.2321
v -27.8692 -6.4381 6.1507
v -29.6700 -6.4381 6.4672
v -31.4708 -6.4381 6.1507
v -33.0954 -6.4381 5.2321
v -34.3846 -6.4381 3.8013
v -35.2124 -6.4381 1.9985
v -35.4976 -6.4381 0.0000
v -35.2124 -6.4381 -1.9985
v -34.3846 -6.4381 -3.8013
v -33.0954 -6.4381 -5.2321
v -31.4708 -6.4381 -6.1507
v -29.6700 -6.4381 -6.4672
v -27.8692 -6.4381 -6.1507
v -26.2446 -6.4381 -5.2321
v -24.9554 -6.4381 -3.8013
v -24.1276 -6.4381 -1.9985
v -24.7127 -7.3385 0.0000
v -24.9554 -7.3385 1.7000
v -25.6595 -7.3385 3.2336
v -26.7562 -7.3385 4.4507
v -28.1381 -7.3385 5.2321
v -29.6700 -7.3385 5.5013
v -31.2019 -7.3385 5.2321
v -32.5838 -7.3385 4.4507
v -33.6805 -7.3385 3.2336
v -34.3846 -7.3385 1.7000
v -34.6273 -7.3385 0.0000
v -34.3846 -7.3385 -1.7000
v -33.6805 -7.3385 -3.2336
v -32.5838 -7.3385 -4.4507
v -31.2019 -7.3385 -5.2321
v -29.6700 -7.3385 -5.5013
v -28.1381 -7.3385 -5.2321
v -26.7562 -7.3385 -4.4507
v -25.6595 -7.3385 -3.2336
v -24.9554 -7.3385 -1.7000
v -26.0683 -8.0531 0.0000
v -26.2446 -8.0531 1.2351
v -26.7562 -8.0531 2.3493
v -27.5530 -8.0531 3.2336
v -28.5570 -8.0531 3.8013
v -29.6700 -8.0531 3.9969
v -30.7830 -8.0531 3.8013
v -31.7870 -8.0531 3.2336
v -32.5838 -8.0531 2.3493
v -33.0954 -8.0531 1.2351
v -33.2717 -8.0531 0.0000
v -33.0954 -8.0531 -1.2351
v -32.5838 -8.0531 -2.3493
v -31.7870 -8.0531 -3.2336
v -30.7830 -8.0531 -3.8013
v -29.6700 -8.0531 -3.9969
v -28.5570 -8.0531 -3.8013
v -27.5530 -8.0531 -3.2336
v -26.7562 -8.0531 -2.3493
v -26.2446 -8.0531 -1.2351
v -27.7765 -8.5119 0.0000
v -27.8692 -8.5119 0.6493
v -28.1381 -8.5119 1.2351
v -28.5570 -8.5119 1.7000
v -29.0849 -8.5119 1.9985
v -29.6700 -8.5119 2.1013
v -30.2551 -8.5119 1.9985
v -30.7830 -8.5119 1.7000
v -31.2019 -8.5119 1.2351
v -31.4708 -8.5119 0.6493
v -31.5635 -8.5119 0.0000
v -31.4708 -8.5119 -0.6493
v -31.2019 -8.5119 -1.2351
v -30.7830 -8.5119 -1.7000
v -30.2551 -8.5119 -1.9985
v -29.6700 -8.5119 -2.1013
v -29.0849 -8.5119 -1.9985
v -28.5570 -8.5119 -1.7000
v -28.1381 -8.5119 -1.2351
v -27.8692 -8.5119 -0.6493
v -29.6700 -8.6700 0.0000
v -29.6700 -8.6700 0.0000
v -29.6700 -8.6700 0.0000
v -29.6700 -8.6700 0.0000
v -29.6700 -8.6700 0.0000
v -29.6700 -8.6700 0.0000
v -29.6700 -8.6700 0.0000
v -29.6700 -8.6700 0.0000
v -29.6700 -8.6700 0.0000
v -29.6700 -8.6700 0.0000
v -29.6700 -8.6700 0.0000
v -29.6700 -8.6700 -0.0000
v -29.6700 -8.6700 -0.0000
v -29.6700 -8.6700 -0.0000
v -29.6700 -8.6700 -0.0000
v -29.6700 -8.6700 -0.0000
v -29.6700 -8.6700 -0.0000
v -29.6700 -8.6700 -0.0000
v -29.6700 -8.6700 -0.0000
v -29.6700 -8.6700 -0.0000
v 29.6700 -2.2100 0.0000
v 29.6700 -2.2100 0.0000
v 29.6700 -2.2100 0.0000
v 29.6700 -2.2100 0.0000
v 29.6700 -2.2100 0.0000
v 29.6700 -2.2100 0.0000
v 29.6700 -2.2100 0.0000
v 29.6700 -2.2100 0.0000
v 29.6700 -2.2100 0.0000
v 29.6700 -2.2100 0.0000
v 29.6700 -2.2100 0.0000
v 29.6700 -2.2100 0.0000
v 29.6700 -2.2100 0.0000
v 29.6700 -2.2100 0.0000
v 29.6700 -2.2100 0.0000
v 29.6700 -2.2100 0.0000
v 29.6700 -2.2100 0.0000
v 29.6700 -2.2100 0.0000
v 29.6700 -2.2100 0.0000
v 29.6700 -2.2100 0.0000
v 31.5635 -2.3681 0.0000
v 31.4708 -2.3681 0.6493
v 31.2019 -2.3681 1.2351
v 30.7830 -2.3681 1.7000
v 30.2551 -2.3681 1.9985
v 29.6700 -2.3681 2.1013
v 29.0849 -2.3681 1.9985
v 28.5570 -2.3681 1.7000
v 28.1381 -2.3681 1.2351
v 27.8692 -2.3681 0.6493
v 27.7765 -2.3681 0.0000
v 27.8692 -2.3681 -0.6493
v 28.1381 -2.3681 -1.2351
v 28.5570 -2.3681 -1.7000
v 29.0849 -2.3681 -1.9985
v 29.6700 -2.3681 -2.1013
v 30.2551 -2.3681 -1.9985
v 30.7830 -2.3681 -1.7000
v 31.2019 -2.3681 -1.2351
v 31.4708 -2.3681 -0.6493
v 33.2717 -2.8269 0.0000
v 33.0954 -2.8269 1.2351
v 32.5838 -2.8269 2.3493
v 31.7870 -2.8269 3.2336
v 30.7830 -2.8269 3.8013
v 29.6700 -2.8269 3.9969
v 28.5570 -2.8269 3.8013
v 27.5530 -2.8269 3.2336
v 26.7562 -2.8269 2.3493
v 26.2446 -2.8269 1.2351
v 26.0683 -2.8269 0.0000
v 26.2446 -2.8269 -1.2351
v 26.7562 -2.8269 -2.3493
v 27.5530 -2.8269 -3.2336
v 28.5570 -2.8269 -3.8013
v 29.6700 -2.8269 -3.9969
v 30.7830 -2.8269 -3.8013
v 31.7870 -2.8269 -3.2336
v 32.5838 -2.8269 -2.3493
v 33.0954 -2.8269 -1.2351
v 34.6273 -3.5415 0.0000
v 34.3846 -3.5415 1.7000
v 33.6805 -3.5415 3.2336
v 32.5838 -3.5415 4.4507
v 31.2019 -3.5415 5.2321
v 29.6700 -3.5415 5.5013
v 28.1381 -3.5415 5.2321
v 26.7562 -3.5415 4.4507
v 25.6595 -3.5415 3.2336
v 24.9554 -3.5415 1.7000
v 24.7127 -3.5415 0.0000
v 24.9554 -3.5415 -1.7000
v 25.6595 -3.5415 -3.2336
v 26.7562 -3.5415 -4.4507
v 28.1381 -3.5415 -5.2321
v 29.6700 -3.5415 -5.5013
v 31.2019 -3.5415 -5.2321
v 32.5838 -3.5415 -4.4507
v 33.6805 -3.5415 -3.2336
v 34.3846 -3.5415 -1.7000
v 35.4976 -4.4419 0.0000
v 35.2124 -4.4419 1.9985
v 34.3846 -4.4419 3.8013
v 33.0954 -4.4419 5.2321
v 31.4708 -4.4419 6.1507
v 29.6700 -4.4419 6.4672
v 27.8692 -4.4419 6.1507
v 26.2446 -4.4419 5.2321
v 24.9554 -4.4419 3.8013
v 24.1276 -4.4419 1.9985
v 23.8424 -4.4419 0.0000
v 24.1276 -4.4419 -1.9985
v 24.9554 -4.4419 -3.8013
v 26.2446 -4.4419 -5.2321
v 27.8692 -4.4419 -6.1507
v 29.6700 -4.4419 -6.4672
v 31.4708 -4.4419 -6.1507
v 33.0954 -4.4419 -5.2321
v 34.3846 -4.4419 -3.8013
v 35.2124 -4.4419 -1.9985
v 35.7975 -5.4400 0.0000
v 35.4976 -5.4400 2.1013
v 34.6273 -5.4400 3.9969
v 33.2717 -5.4400 5.5013
v 31.5635 -5.4400 6.4672
v 29.6700 -5.4400 6.8000
v 27.7765 -5.4400 6.4672
v 26.0683 -5.4400 5.5013
v 24.7127 -5.4400 3.9969
v 23.8424 -5.4400 2.1013
v 23.5425 -5.4400 0.0000
v 23.8424 -5.4400 -2.1013
v 24.7127 -5.4400 -3.9969
v 26.0683 -5.4400 -5.5013
v 27.7765 -5.4400 -6.4672
v 29.6700 -5.4400 -6.8000
v 31.5635 -5.4400 -6.4672
v 33.2717 -5.4400 -5.5013
v 34.6273 -5.4400 -3.9969
v 35.4976 -5.4400 -2.1013
v 35.4976 -6.4381 0.0000
v 35.2124 -6.4381 1.9985
v 34.3846 -6.4381 3.8013
v 33.0954 -6.4381 5.2321
v 31.4708 -6.4381 6.1507
v 29.6700 -6.4381 6.4672
v 27.8692 -6.4381 6.1507
v 26.2446 -6.4381 5.2321
v 24.9554 -6.4381 3.8013
v 24.1276 -6.4381 1.9985
v 23.8424 -6.4381 0.0000
v 24.1276 -6.4381 -1.9985
v 24.9554 -6.4381 -3.8013
v 26.2446 -6.4381 -5.2321
v 27.8692 -6.4381 -6.1507
v 29.6700 -6.4381 -6.4672
v 31.4708 -6.4381 -6.1507
v 33.0954 -6.4381 -5.2321
v 34.3846 -6.4381 -3.8013
v 35.2124 -6.4381 -1.9985
v 34.6273 -7.3385 0.0000
v 34.3846 -7.3385 1.7000
v 33.6805 -7.3385 3.2336
v 32.5838 -7.3385 4.4507
v 31.2019 -7.3385 5.2321
v 29.6700 -7.3385 5.5013
v 28.1381 -7.3385 5.2321
v 26.7562 -7.3385 4.4507
v 25.6595 -7.3385 3.2336
v 24.9554 -7.3385 1.7000
v 24.7127 -7.3385 0.0000
v 24.9554 -7.3385 -1.7000
v 25.6595 -7.3385 -3.2336
v 26.7562 -7.3385 -4.4507
v 28.1381 -7.3385 -5.2321
v 29.6700 -7.3385 -5.5013
v 31.2019 -7.3385 -5.2321
v 32.5838 -7.3385 -4.4507
v 33.6805 -7.3385 -3.2336
v 34.3846 -7.3385 -1.7000
v 33.2717 -8.0531 0.0000
v 33.0954 -8.0531 1.2351
v 32.5838 -8.0531 2.3493
v 31.7870 -8.0531 3.2336
v 30.7830 -8.0531 3.8013
v 29.6700 -8.0531 3.9969
v 28.5570 -8.0531 3.8013
v 27.5530 -8.0531 3.2336
v 26.7562 -8.0531 2.3493
v 26.2446 -8.0531 1.2351
v 26.0683 -8.0531 0.0000
v 26.2446 -8.0531 -1.2351
v 26.7562 -8.0531 -2.3493
v 27.5530 -8.0531 -3.2336
v 28.5570 -8.0531 -3.8013
v 29.6700 -8.0531 -3.9969
v 30.7830 -8.0531 -3.8013
v 31.7870 -8.0531 -3.2336
v 32.5838 -8.0531 -2.3493
v 33.0954 -8.0531 -1.2351
v 31.5635 -8.5119 0.0000
v 31.4708 -8.5119 0.6493
v 31.2019 -8.5119 1.2351
v 30.7830 -8.5119 1.7000
v 30.2551 -8.5119 1.9985
v 29.6700 -8.5119 2.1013
v 29.0849 -8.5119 1.9985
v 28.5570 -8.5119 1.7000
v 28.1381 -8.5119 1.2351
v 27.8692 -8.5119 0.6493
v 27.7765 -8.5119 0.0000
v 27.8692 -8.5119 -0.6493
v 28.1381 -8.5119 -1.2351
v 28.5570 -8.5119 -1.7000
v 29.0849 -8.5119 -1.9985
v 29.6700 -8.5119 -2.1013
v 30.2551 -8.5119 -1.9985
v 30.7830 -8.5119 -1.7000
v 31.2019 -8.5119 -1.2351
v 31.4708 -8.5119 -0.6493
v 29.6700 -8.6700 0.0000
v 29.6700 -8.6700 0.0000
v 29.6700 -8.6700 0.0000
v 29.6700 -8.6700 0.0000
v 29.6700 -8.6700 0.0000
v 29.6700 -8.6700 0.0000
v 29.6700 -8.6700 0.0000
v 29.6700 -8.6700 0.0000
v 29.6700 -8.6700 0.0000
v 29.6700 -8.6700 0.0000
v 29.6700 -8.6700 0.0000
v 29.6700 -8.6700 -0.0000
v 29.6700 -8.6700 -0.0000
v 29.6700 -8.6700 -0.0000
v 29.6700 -8.6700 -0.0000
v 29.6700 -8.6700 -0.0000
v 29.6700 -8.6700 -0.0000
v 29.6700 -8.6700 -0.0000
v 29.6700 -8.6700 -0.0000
v 29.6700 -8.6700 -0.0000
v -13.0000 -25.7500 -3.2500
v -13.0000 -25.7500 3.2500
v -13.0000 -19.2500 -3.2500
v -13.0000 -19.2500 3.2500
v 13.0000 -25.7500 -3.2500
v 13.0000 -25.7500 3.2500
v 13.0000 -19.2500 -3.2500
v 13.0000 -19.2500 3.2500
v -12.0000 -25.1000 -2.6000
v -12.0000 -25.1000 2.6000
v -12.0000 -19.9000 -2.6000
v -12.0000 -19.9000 2.6000
v -2.0000 -25.1000 -2.6000
v -2.0000 -25.1000 2.6000
v -2.0000 -19.9000 -2.6000
v -2.0000 -19.9000 2.6000
v -7.8000 -19.2500 -0.1000
v -7.8194 -19.3344 -0.0500
v -7.8194 -19.3344 0.0500
v -7.8000 -19.2500 0.1000
v -7.7806 -19.1656 0.0500
v -7.7806 -19.1656 -0.0500
v -21.2850 -16.1500 -0.1000
v -21.3044 -16.2344 -0.0500
v -21.3044 -16.2344 0.0500
v -21.2850 -16.1500 0.1000
v -21.2656 -16.0656 0.0500
v -21.2656 -16.0656 -0.0500
v -2.6000 -19.2500 -0.1000
v -2.6492 -19.3213 -0.0500
v -2.6492 -19.3213 0.0500
v -2.6000 -19.2500 0.1000
v -2.5508 -19.1787 0.0500
v -2.5508 -19.1787 -0.0500
v -7.0950 -16.1500 -0.1000
v -7.1442 -16.2213 -0.0500
v -7.1442 -16.2213 0.0500
v -7.0950 -16.1500 0.1000
v -7.0458 -16.0787 0.0500
v -7.0458 -16.0787 -0.0500
v 2.6000 -19.2500 0.1000
v 2.6492 -19.3213 0.0500
v 2.6492 -19.3213 -0.0500
v 2.6000 -19.2500 -0.1000
v 2.5508 -19.1787 -0.0500
v 2.5508 -19.1787 0.0500
v 7.0950 -16.1500 0.1000
v 7.1442 -16.2213 0.0500
v 7.1442 -16.2213 -0.0500
v 7.0950 -16.1500 -0.1000
v 7.0458 -16.0787 -0.0500
v 7.0458 -16.0787 0.0500
v 7.8000 -19.2500 0.1000
v 7.8194 -19.3344 0.0500
v 7.8194 -19.3344 -0.0500
v 7.8000 -19.2500 -0.1000
v 7.7806 -19.1656 -0.0500
v 7.7806 -19.1656 0.0500
v 21.2850 -16.1500 0.1000
v 21.3044 -16.2344 0.0500
v 21.3044 -16.2344 -0.0500
v 21.2850 -16.1500 -0.1000
v 21.2656 -16.0656 -0.0500
v 21.2656 -16.0656 0.0500
v -65.0000 0.0000 -4.5000
v -65.0000 -1.0013 -4.3872
v -65.0000 -1.9525 -4.0544
v -65.0000 -2.8057 -3.5182
v -65.0000 -3.5182 -2.8057
v -65.0000 -4.0544 -1.9525
v -65.0000 -4.3872 -1.0013
v -65.0000 -4.5000 -0.0000
v -65.0000 -4.3872 1.0013
v -65.0000 -4.0544 1.9525
v -65.0000 -3.5182 2.8057
v -65.0000 -2.8057 3.5182
v -65.0000 -1.9525 4.0544
v -65.0000 -1.0013 4.3872
v -65.0000 -0.0000 4.5000
v -65.0000 1.0013 4.3872
v -65.0000 1.9525 4.0544
v -65.0000 2.8057 3.5182
v -65.0000 3.5182 2.8057
v -65.0000 4.0544 1.9525
v -65.0000 4.3872 1.0013
v -65.0000 4.5000 0.0000
v -65.0000 4.3872 -1.0013
v -65.0000 4.0544 -1.9525
v -65.0000 3.5182 -2.8057
v -65.0000 2.8057 -3.5182
v -65.0000 1.9525 -4.0544
v -65.0000 1.0013 -4.3872
v -67.0000 0.0000 -4.5000
v -67.0000 -1.0013 -4.3872
v -67.0000 -1.9525 -4.0544
v -67.0000 -2.8057 -3.5182
v -67.0000 -3.5182 -2.8057
v -67.0000 -4.0544 -1.9525
v -67.0000 -4.3872 -1.0013
v -67.0000 -4.5000 -0.0000
v -67.0000 -4.3872 1.0013
v -67.0000 -4.0544 1.9525
v -67.0000 -3.5182 2.8057
v -67.0000 -2.8057 3.5182
v -67.0000 -1.9525 4.0544
v -67.0000 -1.0013 4.3872
v -67.0000 -0.0000 4.5000
v -67.0000 1.0013 4.3872
v -67.0000 1.9525 4.0544
v -67.0000 2.8057 3.5182
v -67.0000 3.5182 2.8057
v -67.0000 4.0544 1.9525
v -67.0000 4.3872 1.0013
v -67.0000 4.5000 0.0000
v -67.0000 4.3872 -1.0013
v -67.0000 4.0544 -1.9525
v -67.0000 3.5182 -2.8057
v -67.0000 2.8057 -3.5182
v -67.0000 1.9525 -4.0544
v -67.0000 1.0013 -4.3872
v -65.0000 0.0000 0.0000
v -67.0000 0.0000 0.0000
v 65.0000 0.0000 4.5000
v 65.0000 -1.0013 4.3872
v 65.0000 -1.9525 4.0544
v 65.0000 -2.8057 3.5182
v 65.0000 -3.5182 2.8057
v 65.0000 -4.0544 1.9525
v 65.0000 -4.3872 1.0013
v 65.0000 -4.5000 0.0000
v 65.0000 -4.3872 -1.0013
v 65.0000 -4.0544 -1.9525
v 65.0000 -3.5182 -2.8057
v 65.0000 -2.8057 -3.5182
v 65.0000 -1.9525 -4.0544
v 65.0000 -1.0013 -4.3872
v 65.0000 -0.0000 -4.5000
v 65.0000 1.0013 -4.3872
v 65.0000 1.9525 -4.0544
v 65.0000 2.8057 -3.5182
v 65.0000 3.5182 -2.8057
v 65.0000 4.0544 -1.9525
v 65.0000 4.3872 -1.0013
v 65.0000 4.5000 -0.0000
v 65.0000 4.3872 1.0013
v 65.0000 4.0544 1.9525
v 65.0000 3.5182 2.8057
v 65.0000 2.8057 3.5182
v 65.0000 1.9525 4.0544
v 65.0000 1.0013 4.3872
v 67.0000 0.0000 4.5000
v 67.0000 -1.0013 4.3872
v 67.0000 -1.9525 4.0544
v 67.0000 -2.8057 3.5182
v 67.0000 -3.5182 2.8057
v 67.0000 -4.0544 1.9525
v 67.0000 -4.3872 1.0013
v 67.0000 -4.5000 0.0000
v 67.0000 -4.3872 -1.0013
v 67.0000 -4.0544 -1.9525
v 67.0000 -3.5182 -2.8057
v 67.0000 -2.8057 -3.5182
v 67.0000 -1.9525 -4.0544
v 67.0000 -1.0013 -4.3872
v 67.0000 -0.0000 -4.5000
v 67.0000 1.0013 -4.3872
v 67.0000 1.9525 -4.0544
v 67.0000 2.8057 -3.5182
v 67.0000 3.5182 -2.8057
v 67.0000 4.0544 -1.9525
v 67.0000 4.3872 -1.0013
v 67.0000 4.5000 -0.0000
v 67.0000 4.3872 1.0013
v 67.0000 4.0544 1.9525
v 67.0000 3.5182 2.8057
v 67.0000 2.8057 3.5182
v 67.0000 1.9525 4.0544
v 67.0000 1.0013 4.3872
v 65.0000 0.0000 0.0000
v 67.0000 0.0000 0.0000
v 9.0000 -35.0000 -1.7500
v 8.6586 -35.0000 -1.7164
v 8.3303 -35.0000 -1.6168
v 8.0278 -35.0000 -1.4551
v 7.7626 -35.0000 -1.2374
v 7.5449 -35.0000 -0.9722
v 7.3832 -35.0000 -0.6697
v 7.2836 -35.0000 -0.3414
v 7.2500 -35.0000 -0.0000
v 7.2836 -35.0000 0.3414
v 7.3832 -35.0000 0.6697
v 7.5449 -35.0000 0.9722
v 7.7626 -35.0000 1.2374
v 8.0278 -35.0000 1.4551
v 8.3303 -35.0000 1.6168
v 8.6586 -35.0000 1.7164
v 9.0000 -35.0000 1.7500
v 9.3414 -35.0000 1.7164
v 9.6697 -35.0000 1.6168
v 9.9722 -35.0000 1.4551
v 10.2374 -35.0000 1.2374
v 10.4551 -35.0000 0.9722
v 10.6168 -35.0000 0.6697
v 10.7164 -35.0000 0.3414
v 10.7500 -35.0000 0.0000
v 10.7164 -35.0000 -0.3414
v 10.6168 -35.0000 -0.6697
v 10.4551 -35.0000 -0.9722
v 10.2374 -35.0000 -1.2374
v 9.9722 -35.0000 -1.4551
v 9.6697 -35.0000 -1.6168
v 9.3414 -35.0000 -1.7164
v 9.0000 -24.0000 -1.7500
v 8.6586 -24.0000 -1.7164
v 8.3303 -24.0000 -1.6168
v 8.0278 -24.0000 -1.4551
v 7.7626 -24.0000 -1.2374
v 7.5449 -24.0000 -0.9722
v 7.3832 -24.0000 -0.6697
v 7.2836 -24.0000 -0.3414
v 7.2500 -24.0000 -0.0000
v 7.2836 -24.0000 0.3414
v 7.3832 -24.0000 0.6697
v 7.5449 -24.0000 0.9722
v 7.7626 -24.0000 1.2374
v 8.0278 -24.0000 1.4551
v 8.3303 -24.0000 1.6168
v 8.6586 -24.0000 1.7164
v 9.0000 -24.0000 1.7500
v 9.3414 -24.0000 1.7164
v 9.6697 -24.0000 1.6168
v 9.9722 -24.0000 1.4551
v 10.2374 -24.0000 1.2374
v 10.4551 -24.0000 0.9722
v 10.6168 -24.0000 0.6697
v 10.7164 -24.0000 0.3414
v 10.7500 -24.0000 0.0000
v 10.7164 -24.0000 -0.3414
v 10.6168 -24.0000 -0.6697
v 10.4551 -24.0000 -0.9722
v 10.2374 -24.0000 -1.2374
v 9.9722 -24.0000 -1.4551
v 9.6697 -24.0000 -1.6168
v 9.3414 -24.0000 -1.7164
v 9.0000 -35.0000 0.0000
v 9.0000 -24.0000 0.0000
v 9.0000 -23.8000 -1.6100
v 8.6859 -23.8000 -1.5791
v 8.3839 -23.8000 -1.4874
v 8.1055 -23.8000 -1.3387
v 7.8616 -23.8000 -1.1384
v 7.6613 -23.8000 -0.8945
v 7.5126 -23.8000 -0.6161
v 7.4209 -23.8000 -0.3141
v 7.3900 -23.8000 -0.0000
v 7.4209 -23.8000 0.3141
v 7.5126 -23.8000 0.6161
v 7.6613 -23.8000 0.8945
v 7.8616 -23.8000 1.1384
v 8.1055 -23.8000 1.3387
v 8.3839 -23.8000 1.4874
v 8.6859 -23.8000 1.5791
v 9.0000 -23.8000 1.6100
v 9.3141 -23.8000 1.5791
v 9.6161 -23.8000 1.4874
v 9.8945 -23.8000 1.3387
v 10.1384 -23.8000 1.1384
v 10.3387 -23.8000 0.8945
v 10.4874 -23.8000 0.6161
v 10.5791 -23.8000 0.3141
v 10.6100 -23.8000 0.0000
v 10.5791 -23.8000 -0.3141
v 10.4874 -23.8000 -0.6161
v 10.3387 -23.8000 -0.8945
v 10.1384 -23.8000 -1.1384
v 9.8945 -23.8000 -1.3387
v 9.6161 -23.8000 -1.4874
v 9.3141 -23.8000 -1.5791
v 9.0000 -18.0000 -1.6100
v 8.6859 -18.0000 -1.5791
v 8.3839 -18.0000 -1.4874
v 8.1055 -18.0000 -1.3387
v 7.8616 -18.0000 -1.1384
v 7.6613 -18.0000 -0.8945
v 7.5126 -18.0000 -0.6161
v 7.4209 -18.0000 -0.3141
v 7.3900 -18.0000 -0.0000
v 7.4209 -18.0000 0.3141
v 7.5126 -18.0000 0.6161
v 7.6613 -18.0000 0.8945
v 7.8616 -18.0000 1.1384
v 8.1055 -18.0000 1.3387
v 8.3839 -18.0000 1.4874
v 8.6859 -18.0000 1.5791
v 9.0000 -18.0000 1.6100
v 9.3141 -18.0000 1.5791
v 9.6161 -18.0000 1.4874
v 9.8945 -18.0000 1.3387
v 10.1384 -18.0000 1.1384
v 10.3387 -18.0000 0.8945
v 10.4874 -18.0000 0.6161
v 10.5791 -18.0000 0.3141
v 10.6100 -18.0000 0.0000
v 10.5791 -18.0000 -0.3141
v 10.4874 -18.0000 -0.6161
v 10.3387 -18.0000 -0.8945
v 10.1384 -18.0000 -1.1384
v 9.8945 -18.0000 -1.3387
v 9.6161 -18.0000 -1.4874
v 9.3141 -18.0000 -1.5791
v 9.0000 -23.8000 0.0000
v 9.0000 -18.0000 0.0000
v 9.0000 -18.0000 -1.6100
v 8.6859 -18.0000 -1.5791
v 8.3839 -18.0000 -1.4874
v 8.1055 -18.0000 -1.3387
v 7.8616 -18.0000 -1.1384
v 7.6613 -18.0000 -0.8945
v 7.5126 -18.0000 -0.6161
v 7.4209 -18.0000 -0.3141
v 7.3900 -18.0000 -0.0000
v 7.4209 -18.0000 0.3141
v 7.5126 -18.0000 0.6161
v 7.6613 -18.0000 0.8945
v 7.8616 -18.0000 1.1384
v 8.1055 -18.0000 1.3387
v 8.3839 -18.0000 1.4874
v 8.6859 -18.0000 1.5791
v 9.0000 -18.0000 1.6100
v 9.3141 -18.0000 1.5791
v 9.6161 -18.0000 1.4874
v 9.8945 -18.0000 1.3387
v 10.1384 -18.0000 1.1384
v 10.3387 -18.0000 0.8945
v 10.4874 -18.0000 0.6161
v 10.5791 -18.0000 0.3141
v 10.6100 -18.0000 0.0000
v 10.5791 -18.0000 -0.3141
v 10.4874 -18.0000 -0.6161
v 10.3387 -18.0000 -0.8945
v 10.1384 -18.0000 -1.1384
v 9.8945 -18.0000 -1.3387
v 9.6161 -18.0000 -1.4874
v 9.3141 -18.0000 -1.5791
v 9.0000 -14.8000 -0.4375
v 8.9146 -14.8000 -0.4291
v 8.8326 -14.8000 -0.4042
v 8.7569 -14.8000 -0.3638
v 8.6906 -14.8000 -0.3094
v 8.6362 -14.8000 -0.2431
v 8.5958 -14.8000 -0.1674
v 8.5709 -14.8000 -0.0854
v 8.5625 -14.8000 -0.0000
v 8.5709 -14.8000 0.0854
v 8.5958 -14.8000 0.1674
v 8.6362 -14.8000 0.2431
v 8.6906 -14.8000 0.3094
v 8.7569 -14.8000 0.3638
v 8.8326 -14.8000 0.4042
v 8.9146 -14.8000 0.4291
v 9.0000 -14.8000 0.4375
v 9.0854 -14.8000 0.4291
v 9.1674 -14.8000 0.4042
v 9.2431 -14.8000 0.3638
v 9.3094 -14.8000 0.3094
v 9.3638 -14.8000 0.2431
v 9.4042 -14.8000 0.1674
v 9.4291 -14.8000 0.0854
v 9.4375 -14.8000 0.0000
v 9.4291 -14.8000 -0.0854
v 9.4042 -14.8000 -0.1674
v 9.3638 -14.8000 -0.2431
v 9.3094 -14.8000 -0.3094
v 9.2431 -14.8000 -0.3638
v 9.1674 -14.8000 -0.4042
v 9.0854 -14.8000 -0.4291
v 9.0000 -18.0000 0.0000
v 9.0000 -14.8000 0.0000
v 9.6364 -35.0000 0.9864
v 9.5025 -35.0000 0.9598
v 9.3889 -35.0000 0.8839
v 9.3130 -35.0000 0.7703
v 9.2864 -35.0000 0.6364
v 9.3130 -35.0000 0.5025
v 9.3889 -35.0000 0.3889
v 9.5025 -35.0000 0.3130
v 9.6364 -35.0000 0.2864
v 9.7703 -35.0000 0.3130
v 9.8839 -35.0000 0.3889
v 9.9598 -35.0000 0.5025
v 9.9864 -35.0000 0.6364
v 9.9598 -35.0000 0.7703
v 9.8839 -35.0000 0.8839
v 9.7703 -35.0000 0.9598
v 9.6364 -36.6000 1.2564
v 9.3991 -36.6000 1.2092
v 9.1980 -36.6000 1.0748
v 9.0636 -36.6000 0.8737
v 9.0164 -36.6000 0.6364
v 9.0636 -36.6000 0.3991
v 9.1980 -36.6000 0.1980
v 9.3991 -36.6000 0.0636
v 9.6364 -36.6000 0.0164
v 9.8737 -36.6000 0.0636
v 10.0748 -36.6000 0.1980
v 10.2092 -36.6000 0.3991
v 10.2564 -36.6000 0.6364
v 10.2092 -36.6000 0.8737
v 10.0748 -36.6000 1.0748
v 9.8737 -36.6000 1.2092
v 9.6364 -35.0000 0.6364
v 9.6364 -36.6000 0.6364
v 8.3636 -35.0000 0.9864
v 8.2297 -35.0000 0.9598
v 8.1161 -35.0000 0.8839
v 8.0402 -35.0000 0.7703
v 8.0136 -35.0000 0.6364
v 8.0402 -35.0000 0.5025
v 8.1161 -35.0000 0.3889
v 8.2297 -35.0000 0.3130
v 8.3636 -35.0000 0.2864
v 8.4975 -35.0000 0.3130
v 8.6111 -35.0000 0.3889
v 8.6870 -35.0000 0.5025
v 8.7136 -35.0000 0.6364
v 8.6870 -35.0000 0.7703
v 8.6111 -35.0000 0.8839
v 8.4975 -35.0000 0.9598
v 8.3636 -36.6000 1.2564
v 8.1263 -36.6000 1.2092
v 7.9252 -36.6000 1.0748
v 7.7908 -36.6000 0.8737
v 7.7436 -36.6000 0.6364
v 7.7908 -36.6000 0.3991
v 7.9252 -36.6000 0.1980
v 8.1263 -36.6000 0.0636
v 8.3636 -36.6000 0.0164
v 8.6009 -36.6000 0.0636
v 8.8020 -36.6000 0.1980
v 8.9364 -36.6000 0.3991
v 8.9836 -36.6000 0.6364
v 8.9364 -36.6000 0.8737
v 8.8020 -36.6000 1.0748
v 8.6009 -36.6000 1.2092
v 8.3636 -35.0000 0.6364
v 8.3636 -36.6000 0.6364
v 8.3636 -35.0000 -0.2864
v 8.2297 -35.0000 -0.3130
v 8.1161 -35.0000 -0.3889
v 8.0402 -35.0000 -0.5025
v 8.0136 -35.0000 -0.6364
v 8.0402 -35.0000 -0.7703
v 8.1161 -35.0000 -0.8839
v 8.2297 -35.0000 -0.9598
v 8.3636 -35.0000 -0.9864
v 8.4975 -35.0000 -0.9598
v 8.6111 -35.0000 -0.8839
v 8.6870 -35.0000 -0.7703
v 8.7136 -35.0000 -0.6364
v 8.6870 -35.0000 -0.5025
v 8.6111 -35.0000 -0.3889
v 8.4975 -35.0000 -0.3130
v 8.3636 -36.6000 -0.0164
v 8.1263 -36.6000 -0.0636
v 7.9252 -36.6000 -0.1980
v 7.7908 -36.6000 -0.3991
v 7.7436 -36.6000 -0.6364
v 7.7908 -36.6000 -0.8737
v 7.9252 -36.6000 -1.0748
v 8.1263 -36.6000 -1.2092
v 8.3636 -36.6000 -1.2564
v 8.6009 -36.6000 -1.2092
v 8.8020 -36.6000 -1.0748
v 8.9364 -36.6000 -0.8737
v 8.9836 -36.6000 -0.6364
v 8.9364 -36.6000 -0.3991
v 8.8020 -36.6000 -0.1980
v 8.6009 -36.6000 -0.0636
v 8.3636 -35.0000 -0.6364
v 8.3636 -36.6000 -0.6364
v 9.6364 -35.0000 -0.2864
v 9.5025 -35.0000 -0.3130
v 9.3889 -35.0000 -0.3889
v 9.3130 -35.0000 -0.5025
v 9.2864 -35.0000 -0.6364
v 9.3130 -35.0000 -0.7703
v 9.3889 -35.0000 -0.8839
v 9.5025 -35.0000 -0.9598
v 9.6364 -35.0000 -0.9864
v 9.7703 -35.0000 -0.9598
v 9.8839 -35.0000 -0.8839
v 9.9598 -35.0000 -0.7703
v 9.9864 -35.0000 -0.6364
v 9.9598 -35.0000 -0.5025
v 9.8839 -35.0000 -0.3889
v 9.7703 -35.0000 -0.3130
v 9.6364 -36.6000 -0.0164
v 9.3991 -36.6000 -0.0636
v 9.1980 -36.6000 -0.1980
v 9.0636 -36.6000 -0.3991
v 9.0164 -36.6000 -0.6364
v 9.0636 -36.6000 -0.8737
v 9.1980 -36.6000 -1.0748
v 9.3991 -36.6000 -1.2092
v 9.6364 -36.6000 -1.2564
v 9.8737 -36.6000 -1.2092
v 10.0748 -36.6000 -1.0748
v 10.2092 -36.6000 -0.8737
v 10.2564 -36.6000 -0.6364
v 10.2092 -36.6000 -0.3991
v 10.0748 -36.6000 -0.1980
v 9.8737 -36.6000 -0.0636
v 9.6364 -35.0000 -0.6364
v 9.6364 -36.6000 -0.6364
v -16.1200 -25.7500 4.4100
v -16.1729 -25.7500 4.4272
v -16.2056 -25.7500 4.4722
v -16.2056 -25.7500 4.5278
v -16.1729 -25.7500 4.5728
v -16.1200 -25.7500 4.5900
v -16.0671 -25.7500 4.5728
v -16.0344 -25.7500 4.5278
v -16.0344 -25.7500 4.4722
v -16.0671 -25.7500 4.4272
v -16.1200 -24.9000 4.4100
v -16.1729 -24.9000 4.4272
v -16.2056 -24.9000 4.4722
v -16.2056 -24.9000 4.5278
v -16.1729 -24.9000 4.5728
v -16.1200 -24.9000 4.5900
v -16.0671 -24.9000 4.5728
v -16.0344 -24.9000 4.5278
v -16.0344 -24.9000 4.4722
v -16.0671 -24.9000 4.4272
v -16.1200 -25.7500 4.5000
v -16.1200 -24.9000 4.5000
v -15.8800 -25.7500 4.4100
v -15.9329 -25.7500 4.4272
v -15.9656 -25.7500 4.4722
v -15.9656 -25.7500 4.5278
v -15.9329 -25.7500 4.5728
v -15.8800 -25.7500 4.5900
v -15.8271 -25.7500 4.5728
v -15.7944 -25.7500 4.5278
v -15.7944 -25.7500 4.4722
v -15.8271 -25.7500 4.4272
v -15.8800 -24.9000 4.4100
v -15.9329 -24.9000 4.4272
v -15.9656 -24.9000 4.4722
v -15.9656 -24.9000 4.5278
v -15.9329 -24.9000 4.5728
v -15.8800 -24.9000 4.5900
v -15.8271 -24.9000 4.5728
v -15.7944 -24.9000 4.5278
v -15.7944 -24.9000 4.4722
v -15.8271 -24.9000 4.4272
v -15.8800 -25.7500 4.5000
v -15.8800 -24.9000 4.5000
v -16.0000 -24.9000 4.3000
v -16.1000 -24.9000 4.3268
v -16.1732 -24.9000 4.4000
v -16.2000 -24.9000 4.5000
v -16.1732 -24.9000 4.6000
v -16.1000 -24.9000 4.6732
v -16.0000 -24.9000 4.7000
v -15.9000 -24.9000 4.6732
v -15.8268 -24.9000 4.6000
v -15.8000 -24.9000 4.5000
v -15.8268 -24.9000 4.4000
v -15.9000 -24.9000 4.3268
v -16.0000 -24.2500 4.3000
v -16.1000 -24.2500 4.3268
v -16.1732 -24.2500 4.4000
v -16.2000 -24.2500 4.5000
v -16.1732 -24.2500 4.6000
v -16.1000 -24.2500 4.6732
v -16.0000 -24.2500 4.7000
v -15.9000 -24.2500 4.6732
v -15.8268 -24.2500 4.6000
v -15.8000 -24.2500 4.5000
v -15.8268 -24.2500 4.4000
v -15.9000 -24.2500 4.3268
v -16.0000 -24.9000 4.5000
v -16.0000 -24.2500 4.5000
v -16.0000 -23.9600 4.5000
v -16.0000 -23.9600 4.5000
v -16.0000 -23.9600 4.5000
v -16.0000 -23.9600 4.5000
v -16.0000 -23.9600 4.5000
v -16.0000 -23.9600 4.5000
v -16.0000 -23.9600 4.5000
v -16.0000 -23.9600 4.5000
v -16.0000 -23.9600 4.5000
v -16.0000 -23.9600 4.5000
v -16.0000 -23.9600 4.5000
v -16.0000 -23.9600 4.5000
v -15.9579 -23.9699 4.5000
v -15.9635 -23.9699 4.5210
v -15.9790 -23.9699 4.5365
v -16.0000 -23.9699 4.5421
v -16.0210 -23.9699 4.5365
v -16.0365 -23.9699 4.5210
v -16.0421 -23.9699 4.5000
v -16.0365 -23.9699 4.4790
v -16.0210 -23.9699 4.4635
v -16.0000 -23.9699 4.4579
v -15.9790 -23.9699 4.4635
v -15.9635 -23.9699 4.4790
v -15.9222 -23.9981 4.5000
v -15.9326 -23.9981 4.5389
v -15.9611 -23.9981 4.5674
v -16.0000 -23.9981 4.5778
v -16.0389 -23.9981 4.5674
v -16.0674 -23.9981 4.5389
v -16.0778 -23.9981 4.5000
v -16.0674 -23.9981 4.4611
v -16.0389 -23.9981 4.4326
v -16.0000 -23.9981 4.4222
v -15.9611 -23.9981 4.4326
v -15.9326 -23.9981 4.4611
v -15.8984 -24.0403 4.5000
v -15.9120 -24.0403 4.5508
v -15.9492 -24.0403 4.5880
v -16.0000 -24.0403 4.6016
v -16.0508 -24.0403 4.5880
v -16.0880 -24.0403 4.5508
v -16.1016 -24.0403 4.5000
v -16.0880 -24.0403 4.4492
v -16.0508 -24.0403 4.4120
v -16.0000 -24.0403 4.3984
v -15.9492 -24.0403 4.4120
v -15.9120 -24.0403 4.4492
v -15.8900 -24.0900 4.5000
v -15.9047 -24.0900 4.5550
v -15.9450 -24.0900 4.5953
v -16.0000 -24.0900 4.6100
v -16.0550 -24.0900 4.5953
v -16.0953 -24.0900 4.5550
v -16.1100 -24.0900 4.5000
v -16.0953 -24.0900 4.4450
v -16.0550 -24.0900 4.4047
v -16.0000 -24.0900 4.3900
v -15.9450 -24.0900 4.4047
v -15.9047 -24.0900 4.4450
v -15.8984 -24.1397 4.5000
v -15.9120 -24.1397 4.5508
v -15.9492 -24.1397 4.5880
v -16.0000 -24.1397 4.6016
v -16.0508 -24.1397 4.5880
v -16.0880 -24.1397 4.5508
v -16.1016 -24.1397 4.5000
v -16.0880 -24.1397 4.4492
v -16.0508 -24.1397 4.4120
v -16.0000 -24.1397 4.3984
v -15.9492 -24.1397 4.4120
v -15.9120 -24.1397 4.4492
v -15.9222 -24.1819 4.5000
v -15.9326 -24.1819 4.5389
v -15.9611 -24.1819 4.5674
v -16.0000 -24.1819 4.5778
v -16.0389 -24.1819 4.5674
v -16.0674 -24.1819 4.5389
v -16.0778 -24.1819 4.5000
v -16.0674 -24.1819 4.4611
v -16.0389 -24.1819 4.4326
v -16.0000 -24.1819 4.4222
v -15.9611 -24.1819 4.4326
v -15.9326 -24.1819 4.4611
v -15.9579 -24.2101 4.5000
v -15.9635 -24.2101 4.5210
v -15.9790 -24.2101 4.5365
v -16.0000 -24.2101 4.5421
v -16.0210 -24.2101 4.5365
v -16.0365 -24.2101 4.5210
v -16.0421 -24.2101 4.5000
v -16.0365 -24.2101 4.4790
v -16.0210 -24.2101 4.4635
v -16.0000 -24.2101 4.4579
v -15.9790 -24.2101 4.4635
v -15.9635 -24.2101 4.4790
v -16.0000 -24.2200 4.5000
v -16.0000 -24.2200 4.5000
v -16.0000 -24.2200 4.5000
v -16.0000 -24.2200 4.5000
v -16.0000 -24.2200 4.5000
v -16.0000 -24.2200 4.5000
v -16.0000 -24.2200 4.5000
v -16.0000 -24.2200 4.5000
v -16.0000 -24.2200 4.5000
v -16.0000 -24.2200 4.5000
v -16.0000 -24.2200 4.5000
v -16.0000 -24.2200 4.5000
g envelope
usemtl hull
f 2 57 58
f 3 58 59
f 4 59 60
f 5 60 61
f 6 61 62
f 7 62 63
f 8 63 64
f 9 64 65
f 10 65 66
f 11 66 67
f 12 67 68
f 13 68 69
f 14 69 70
f 15 70 71
f 16 71 72
f 17 72 73
f 18 73 74
f 19 74 75
f 20 75 76
f 21 76 77
f 22 77 78
f 23 78 79
f 24 79 80
f 25 80 81
f 26 81 82
f 27 82 83
f 28 83 84
f 29 84 85
f 30 85 86
f 31 86 87
f 32 87 88
f 33 88 89
f 34 89 90
f 35 90 91
f 36 91 92
f 37 92 93
f 38 93 94
f 39 94 95
f 40 95 96
f 41 96 97
f 42 97 98
f 43 98 99
f 44 99 100
f 45 100 101
f 46 101 102
f 47 102 103
f 48 103 104
f 49 104 105
f 50 105 106
f 51 106 107
f 52 107 108
f 53 108 109
f 54 109 110
f 55 110 111
f 56 111 112
f 1 112 57
f 57 113 58
f 58 113 114
f 58 114 59
f 59 114 115
f 59 115 60
f 60 115 116
f 60 116 61
f 61 116 117
f 61 117 62
f 62 117 118
f 62 118 63
f 63 118 119
f 63 119 64
f 64 119 120
f 64 120 65
f 65 120 121
f 65 121 66
f 66 121 122
f 66 122 67
f 67 122 123
f 67 123 68
f 68 123 124
f 68 124 69
f 69 124 125
f 69 125 70
f 70 125 126
f 70 126 71
f 71 126 127
f 71 127 72
f 72 127 128
f 72 128 73
f 73 128 129
f 73 129 74
f 74 129 130
f 74 130 75
f 75 130 131
f 75 131 76
f 76 131 132
f 76 132 77
f 77 132 133
f 77 133 78
f 78 133 134
f 78 134 79
f 79 134 135
f 79 135 80
f 80 135 136
f 80 136 81
f 81 136 137
f 81 137 82
f 82 137 138
f 82 138 83
f 83 138 139
f 83 139 84
f 84 139 140
f 84 140 85
f 85 140 141
f 85 141 86
f 86 141 142
f 86 142 87
f 87 142 143
f 87 143 88
f 88 143 144
f 88 144 89
f 89 144 145
f 89 145 90
f 90 145 146
f 90 146 91
f 91 146 147
f 91 147 92
f 92 147 148
f 92 148 93
f 93 148 149
f 93 149 94
f 94 149 150
f 94 150 95
f 95 150 151
f 95 151 96
f 96 151 152
f 96 152 97
f 97 152 153
f 97 153 98
f 98 153 154
f 98 154 99
f 99 154 155
f 99 155 100
f 100 155 156
f 100 156 101
f 101 156 157
f 101 157 102
f 102 157 158
f 102 158 103
f 103 158 159
f 103 159 104
f 104 159 160
f 104 160 105
f 105 160 161
f 105 161 106
f 106 161 162
f 106 162 107
f 107 162 163
f 107 163 108
f 108 163 164
f 108 164 109
f 109 164 165
f 109 165 110
f 110 165 166
f 110 166 111
f 111 166 167
f 111 167 112
f 112 167 168
f 112 168 57
f 57 168 113
f 113 169 114
f 114 169 170
f 114 170 115
f 115 170 171
f 115 171 116
f 116 171 172
f 116 172 117
f 117 172 173
f 117 173 118
f 118 173 174
f 118 174 119
f 119 174 175
f 119 175 120
f 120 175 176
f 120 176 121
f 121 176 177
f 121 177 122
f 122 177 178
f 122 178 123
f 123 178 179
f 123 179 124
f 124 179 180
f 124 180 125
f 125 180 181
f 125 181 126
f 126 181 182
f 126 182 127
f 127 182 183
f 127 183 128
f 128 183 184
f 128 184 129
f 129 184 185
f 129 185 130
f 130 185 186
f 130 186 131
f 131 186 187
f 131 187 132
f 132 187 188
f 132 188 133
f 133 188 189
f 133 189 134
f 134 189 190
f 134 190 135
f 135 190 191
f 135 191 136
f 136 191 192
f 136 192 137
f 137 192 193
f 137 193 138
f 138 193 194
f 138 194 139
f 139 194 195
f 139 195 140
f 140 195 196
f 140 196 141
f 141 196 197
f 141 197 142
f 142 197 198
f 142 198 143
f 143 198 199
f 143 199 144
f 144 199 200
f 144 200 145
f 145 200 201
f 145 201 146
f 146 201 202
f 146 202 147
f 147 202 203
f 147 203 148
f 148 203 204
f 148 204 149
f 149 204 205
f 149 205 150
f 150 205 206
f 150 206 151
f 151 206 207
f 151 207 152
f 152 207 208
f 152 208 153
f 153 208 209
f 153 209 154
f 154 209 210
f 154 210 155
f 155 210 211
f 155 211 156
f 156 211 212
f 156 212 157
f 157 212 213
f 157 213 158
f 158 213 214
f 158 214 159
f 159 214 215
f 159 215 160
f 160 215 216
f 160 216 161
f 161 216 217
f 161 217 162
f 162 217 218
f 162 218 163
f 163 218 219
f 163 219 164
f 164 219 220
f 164 220 165
f 165 220 221
f 165 221 166
f 166 221 222
f 166 222 167
f 167 222 223
f 167 223 168
f 168 223 224
f 168 224 113
f 113 224 169
f 169 225 170
f 170 225 226
f 170 226 171
f 171 226 227
f 171 227 172
f 172 227 228
f 172 228 173
f 173 228 229
f 173 229 174
f 174 229 230
f 174 230 175
f 175 230 231
f 175 231 176
f 176 231 232
f 176 232 177
f 177 232 233
f 177 233 178
f 178 233 234
f 178 234 179
f 179 234 235
f 179 235 180
f 180 235 236
f 180 236 181
f 181 236 237
f 181 237 182
f 182 237 238
f 182 238 183
f 183 238 239
f 183 239 184
f 184 239 240
f 184 240 185
f 185 240 241
f 185 241 186
f 186 241 242
f 186 242 187
f 187 242 243
f 187 243 188
f 188 243 244
f 188 244 189
f 189 244 245
f 189 245 190
f 190 245 246
f 190 246 191
f 191 246 247
f 191 247 192
f 192 247 248
f 192 248 193
f 193 248 249
f 193 249 194
f 194 249 250
f 194 250 195
f 195 250 251
f 195 251 196
f 196 251 252
f 196 252 197
f 197 252 253
f 197 253 198
f 198 253 254
f 198 254 199
f 199 254 255
f 199 255 200
f 200 255 256
f 200 256 201
f 201 256 257
f 201 257 202
f 202 257 258
f 202 258 203
f 203 258 259
f 203 259 204
f 204 259 260
f 204 260 205
f 205 260 261
f 205 261 206
f 206 261 262
f 206 262 207
f 207 262 263
f 207 263 208
f 208 263 264
f 208 264 209
f 209 264 265
f 209 265 210
f 210 265 266
f 210 266 211
f 211 266 267
f 211 267 212
f 212 267 268
f 212 268 213
f 213 268 269
f 213 269 214
f 214 269 270
f 214 270 215
f 215 270 271
f 215 271 216
f 216 271 272
f 216 272 217
f 217 272 273
f 217 273 218
f 218 273 274
f 218 274 219
f 219 274 275
f 219 275 220
f 220 275 276
f 220 276 221
f 221 276 277
f 221 277 222
f 222 277 278
f 222 278 223
f 223 278 279
f 223 279 224
f 224 279 280
f 224 280 169
f 169 280 225
f 225 281 226
f 226 281 282
f 226 282 227
f 227 282 283
f 227 283 228
f 228 283 284
f 228 284 229
f 229 284 285
f 229 285 230
f 230 285 286
f 230 286 231
f 231 286 287
f 231 287 232
f 232 287 288
f 232 288 233
f 233 288 289
f 233 289 234
f 234 289 290
f 234 290 235
f 235 290 291
f 235 291 236
f 236 291 292
f 236 292 237
f 237 292 293
f 237 293 238
f 238 293 294
f 238 294 239
f 239 294 295
f 239 295 240
f 240 295 296
f 240 296 241
f 241 296 297
f 241 297 242
f 242 297 298
f 242 298 243
f 243 298 299
f 243 299 244
f 244 299 300
f 244 300 245
f 245 300 301
f 245 301 246
f 246 301 302
f 246 302 247
f 247 302 303
f 247 303 248
f 248 303 304
f 248 304 249
f 249 304 305
f 249 305 250
f 250 305 306
f 250 306 251
f 251 306 307
f 251 307 252
f 252 307 308
f 252 308 253
f 253 308 309
f 253 309 254
f 254 309 310
f 254 310 255
f 255 310 311
f 255 311 256
f 256 311 312
f 256 312 257
f 257 312 313
f 257 313 258
f 258 313 314
f 258 314 259
f 259 314 315
f 259 315 260
f 260 315 316
f 260 316 261
f 261 316 317
f 261 317 262
f 262 317 318
f 262 318 263
f 263 318 319
f 263 319 264
f 264 319 320
f 264 320 265
f 265 320 321
f 265 321 266
f 266 321 322
f 266 322 267
f 267 322 323
f 267 323 268
f 268 323 324
f 268 324 269
f 269 324 325
f 269 325 270
f 270 325 326
f 270 326 271
f 271 326 327
f 271 327 272
f 272 327 328
f 272 328 273
f 273 328 329
f 273 329 274
f 274 329 330
f 274 330 275
f 275 330 331
f 275 331 276
f 276 331 332
f 276 332 277
f 277 332 333
f 277 333 278
f 278 333 334
f 278 334 279
f 279 334 335
f 279 335 280
f 280 335 336
f 280 336 225
f 225 336 281
f 281 337 282
f 282 337 338
f 282 338 283
f 283 338 339
f 283 339 284
f 284 339 340
f 284 340 285
f 285 340 341
f 285 341 286
f 286 341 342
f 286 342 287
f 287 342 343
f 287 343 288
f 288 343 344
f 288 344 289
f 289 344 345
f 289 345 290
f 290 345 346
f 290 346 291
f 291 346 347
f 291 347 292
f 292 347 348
f 292 348 293
f 293 348 349
f 293 349 294
f 294 349 350
f 294 350 295
f 295 350 351
f 295 351 296
f 296 351 352
f 296 352 297
f 297 352 353
f 297 353 298
f 298 353 354
f 298 354 299
f 299 354 355
f 299 355 300
f 300 355 356
f 300 356 301
f 301 356 357
f 301 357 302
f 302 357 358
f 302 358 303
f 303 358 359
f 303 359 304
f 304 359 360
f 304 360 305
f 305 360 361
f 305 361 306
f 306 361 362
f 306 362 307
f 307 362 363
f 307 363 308
f 308 363 364
f 308 364 309
f 309 364 365
f 309 365 310
f 310 365 366
f 310 366 311
f 311 366 367
f 311 367 312
f 312 367 368
f 312 368 313
f 313 368 369
f 313 369 314
f 314 369 370
f 314 370 315
f 315 370 371
f 315 371 316
f 316 371 372
f 316 372 317
f 317 372 373
f 317 373 318
f 318 373 374
f 318 374 319
f 319 374 375
f 319 375 320
f 320 375 376
f 320 376 321
f 321 376 377
f 321 377 322
f 322 377 378
f 322 378 323
f 323 378 379
f 323 379 324
f 324 379 380
f 324 380 325
f 325 380 381
f 325 381 326
f 326 381 382
f 326 382 327
f 327 382 383
f 327 383 328
f 328 383 384
f 328 384 329
f 329 384 385
f 329 385 330
f 330 385 386
f 330 386 331
f 331 386 387
f 331 387 332
f 332 387 388
f 332 388 333
f 333 388 389
f 333 389 334
f 334 389 390
f 334 390 335
f 335 390 391
f 335 391 336
f 336 391 392
f 336 392 281
f 281 392 337
f 337 393 338
f 338 393 394
f 338 394 339
f 339 394 395
f 339 395 340
f 340 395 396
f 340 396 341
f 341 396 397
f 341 397 342
f 342 397 398
f 342 398 343
f 343 398 399
f 343 399 344
f 344 399 400
f 344 400 345
f 345 400 401
f 345 401 346
f 346 401 402
f 346 402 347
f 347 402 403
f 347 403 348
f 348 403 404
f 348 404 349
f 349 404 405
f 349 405 350
f 350 405 406
f 350 406 351
f 351 406 407
f 351 407 352
f 352 407 408
f 352 408 353
f 353 408 409
f 353 409 354
f 354 409 410
f 354 410 355
f 355 410 411
f 355 411 356
f 356 411 412
f 356 412 357
f 357 412 413
f 357 413 358
f 358 413 414
f 358 414 359
f 359 414 415
f 359 415 360
f 360 415 416
f 360 416 361
f 361 416 417
f 361 417 362
f 362 417 418
f 362 418 363
f 363 418 419
f 363 419 364
f 364 419 420
f 364 420 365
f 365 420 421
f 365 421 366
f 366 421 422
f 366 422 367
f 367 422 423
f 367 423 368
f 368 423 424
f 368 424 369
f 369 424 425
f 369 425 370
f 370 425 426
f 370 426 371
f 371 426 427
f 371 427 372
f 372 427 428
f 372 428 373
f 373 428 429
f 373 429 374
f 374 429 430
f 374 430 375
f 375 430 431
f 375 431 376
f 376 431 432
f 376 432 377
f 377 432 433
f 377 433 378
f 378 433 434
f 378 434 379
f 379 434 435
f 379 435 380
f 380 435 436
f 380 436 381
f 381 436 437
f 381 437 382
f 382 437 438
f 382 438 383
f 383 438 439
f 383 439 384
f 384 439 440
f 384 440 385
f 385 440 441
f 385 441 386
f 386 441 442
f 386 442 387
f 387 442 443
f 387 443 388
f 388 443 444
f 388 444 389
f 389 444 445
f 389 445 390
f 390 445 446
f 390 446 391
f 391 446 447
f 391 447 392
f 392 447 448
f 392 448 337
f 337 448 393
f 393 449 394
f 394 449 450
f 394 450 395
f 395 450 451
f 395 451 396
f 396 451 452
f 396 452 397
f 397 452 453
f 397 453 398
f 398 453 454
f 398 454 399
f 399 454 455
f 399 455 400
f 400 455 456
f 400 456 401
f 401 456 457
f 401 457 402
f 402 457 458
f 402 458 403
f 403 458 459
f 403 459 404
f 404 459 460
f 404 460 405
f 405 460 461
f 405 461 406
f 406 461 462
f 406 462 407
f 407 462 463
f 407 463 408
f 408 463 464
f 408 464 409
f 409 464 465
f 409 465 410
f 410 465 466
f 410 466 411
f 411 466 467
f 411 467 412
f 412 467 468
f 412 468 413
f 413 468 469
f 413 469 414
f 414 469 470
f 414 470 415
f 415 470 471
f 415 471 416
f 416 471 472
f 416 472 417
f 417 472 473
f 417 473 418
f 418 473 474
f 418 474 419
f 419 474 475
f 419 475 420
f 420 475 476
f 420 476 421
f 421 476 477
f 421 477 422
f 422 477 478
f 422 478 423
f 423 478 479
f 423 479 424
f 424 479 480
f 424 480 425
f 425 480 481
f 425 481 426
f 426 481 482
f 426 482 427
f 427 482 483
f 427 483 428
f 428 483 484
f 428 484 429
f 429 484 485
f 429 485 430
f 430 485 486
f 430 486 431
f 431 486 487
f 431 487 432
f 432 487 488
f 432 488 433
f 433 488 489
f 433 489 434
f 434 489 490
f 434 490 435
f 435 490 491
f 435 491 436
f 436 491 492
f 436 492 437
f 437 492 493
f 437 493 438
f 438 493 494
f 438 494 439
f 439 494 495
f 439 495 440
f 440 495 496
f 440 496 441
f 441 496 497
f 441 497 442
f 442 497 498
f 442 498 443
f 443 498 499
f 443 499 444
f 444 499 500
f 444 500 445
f 445 500 501
f 445 501 446
f 446 501 502
f 446 502 447
f 447 502 503
f 447 503 448
f 448 503 504
f 448 504 393
f 393 504 449
f 449 505 450
f 450 505 506
f 450 506 451
f 451 506 507
f 451 507 452
f 452 507 508
f 452 508 453
f 453 508 509
f 453 509 454
f 454 509 510
f 454 510 455
f 455 510 511
f 455 511 456
f 456 511 512
f 456 512 457
f 457 512 513
f 457 513 458
f 458 513 514
f 458 514 459
f 459 514 515
f 459 515 460
f 460 515 516
f 460 516 461
f 461 516 517
f 461 517 462
f 462 517 518
f 462 518 463
f 463 518 519
f 463 519 464
f 464 519 520
f 464 520 465
f 465 520 521
f 465 521 466
f 466 521 522
f 466 522 467
f 467 522 523
f 467 523 468
f 468 523 524
f 468 524 469
f 469 524 525
f 469 525 470
f 470 525 526
f 470 526 471
f 471 526 527
f 471 527 472
f 472 527 528
f 472 528 473
f 473 528 529
f 473 529 474
f 474 529 530
f 474 530 475
f 475 530 531
f 475 531 476
f 476 531 532
f 476 532 477
f 477 532 533
f 477 533 478
f 478 533 534
f 478 534 479
f 479 534 535
f 479 535 480
f 480 535 536
f 480 536 481
f 481 536 537
f 481 537 482
f 482 537 538
f 482 538 483
f 483 538 539
f 483 539 484
f 484 539 540
f 484 540 485
f 485 540 541
f 485 541 486
f 486 541 542
f 486 542 487
f 487 542 543
f 487 543 488
f 488 543 544
f 488 544 489
f 489 544 545
f 489 545 490
f 490 545 546
f 490 546 491
f 491 546 547
f 491 547 492
f 492 547 548
f 492 548 493
f 493 548 549
f 493 549 494
f 494 549 550
f 494 550 495
f 495 550 551
f 495 551 496
f 496 551 552
f 496 552 497
f 497 552 553
f 497 553 498
f 498 553 554
f 498 554 499
f 499 554 555
f 499 555 500
f 500 555 556
f 500 556 501
f 501 556 557
f 501 557 502
f 502 557 558
f 502 558 503
f 503 558 559
f 503 559 504
f 504 559 560
f 504 560 449
f 449 560 505
f 505 561 506
f 506 561 562
f 506 562 507
f 507 562 563
f 507 563 508
f 508 563 564
f 508 564 509
f 509 564 565
f 509 565 510
f 510 565 566
f 510 566 511
f 511 566 567
f 511 567 512
f 512 567 568
f 512 568 513
f 513 568 569
f 513 569 514
f 514 569 570
f 514 570 515
f 515 570 571
f 515 571 516
f 516 571 572
f 516 572 517
f 517 572 573
f 517 573 518
f 518 573 574
f 518 574 519
f 519 574 575
f 519 575 520
f 520 575 576
f 520 576 521
f 521 576 577
f 521 577 522
f 522 577 578
f 522 578 523
f 523 578 579
f 523 579 524
f 524 579 580
f 524 580 525
f 525 580 581
f 525 581 526
f 526 581 582
f 526 582 527
f 527 582 583
f 527 583 528
f 528 583 584
f 528 584 529
f 529 584 585
f 529 585 530
f 530 585 586
f 530 586 531
f 531 586 587
f 531 587 532
f 532 587 588
f 532 588 533
f 533 588 589
f 533 589 534
f 534 589 590
f 534 590 535
f 535 590 591
f 535 591 536
f 536 591 592
f 536 592 537
f 537 592 593
f 537 593 538
f 538 593 594
f 538 594 539
f 539 594 595
f 539 595 540
f 540 595 596
f 540 596 541
f 541 596 597
f 541 597 542
f 542 597 598
f 542 598 543
f 543 598 599
f 543 599 544
f 544 599 600
f 544 600 545
f 545 600 601
f 545 601 546
f 546 601 602
f 546 602 547
f 547 602 603
f 547 603 548
f 548 603 604
f 548 604 549
f 549 604 605
f 549 605 550
f 550 605 606
f 550 606 551
f 551 606 607
f 551 607 552
f 552 607 608
f 552 608 553
f 553 608 609
f 553 609 554
f 554 609 610
f 554 610 555
f 555 610 611
f 555 611 556
f 556 611 612
f 556 612 557
f 557 612 613
f 557 613 558
f 558 613 614
f 558 614 559
f 559 614 615
f 559 615 560
f 560 615 616
f 560 616 505
f 505 616 561
f 561 617 562
f 562 617 618
f 562 618 563
f 563 618 619
f 563 619 564
f 564 619 620
f 564 620 565
f 565 620 621
f 565 621 566
f 566 621 622
f 566 622 567
f 567 622 623
f 567 623 568
f 568 623 624
f 568 624 569
f 569 624 625
f 569 625 570
f 570 625 626
f 570 626 571
f 571 626 627
f 571 627 572
f 572 627 628
f 572 628 573
f 573 628 629
f 573 629 574
f 574 629 630
f 574 630 575
f 575 630 631
f 575 631 576
f 576 631 632
f 576 632 577
f 577 632 633
f 577 633 578
f 578 633 634
f 578 634 579
f 579 634 635
f 579 635 580
f 580 635 636
f 580 636 581
f 581 636 637
f 581 637 582
f 582 637 638
f 582 638 583
f 583 638 639
f 583 639 584
f 584 639 640
f 584 640 585
f 585 640 641
f 585 641 586
f 586 641 642
f 586 642 587
f 587 642 643
f 587 643 588
f 588 643 644
f 588 644 589
f 589 644 645
f 589 645 590
f 590 645 646
f 590 646 591
f 591 646 647
f 591 647 592
f 592 647 648
f 592 648 593
f 593 648 649
f 593 649 594
f 594 649 650
f 594 650 595
f 595 650 651
f 595 651 596
f 596 651 652
f 596 652 597
f 597 652 653
f 597 653 598
f 598 653 654
f 598 654 599
f 599 654 655
f 599 655 600
f 600 655 656
f 600 656 601
f 601 656 657
f 601 657 602
f 602 657 658
f 602 658 603
f 603 658 659
f 603 659 604
f 604 659 660
f 604 660 605
f 605 660 661
f 605 661 606
f 606 661 662
f 606 662 607
f 607 662 663
f 607 663 608
f 608 663 664
f 608 664 609
f 609 664 665
f 609 665 610
f 610 665 666
f 610 666 611
f 611 666 667
f 611 667 612
f 612 667 668
f 612 668 613
f 613 668 669
f 613 669 614
f 614 669 670
f 614 670 615
f 615 670 671
f 615 671 616
f 616 671 672
f 616 672 561
f 561 672 617
f 617 673 618
f 618 673 674
f 618 674 619
f 619 674 675
f 619 675 620
f 620 675 676
f 620 676 621
f 621 676 677
f 621 677 622
f 622 677 678
f 622 678 623
f 623 678 679
f 623 679 624
f 624 679 680
f 624 680 625
f 625 680 681
f 625 681 626
f 626 681 682
f 626 682 627
f 627 682 683
f 627 683 628
f 628 683 684
f 628 684 629
f 629 684 685
f 629 685 630
f 630 685 686
f 630 686 631
f 631 686 687
f 631 687 632
f 632 687 688
f 632 688 633
f 633 688 689
f 633 689 634
f 634 689 690
f 634 690 635
f 635 690 691
f 635 691 636
f 636 691 692
f 636 692 637
f 637 692 693
f 637 693 638
f 638 693 694
f 638 694 639
f 639 694 695
f 639 695 640
f 640 695 696
f 640 696 641
f 641 696 697
f 641 697 642
f 642 697 698
f 642 698 643
f 643 698 699
f 643 699 644
f 644 699 700
f 644 700 645
f 645 700 701
f 645 701 646
f 646 701 702
f 646 702 647
f 647 702 703
f 647 703 648
f 648 703 704
f 648 704 649
f 649 704 705
f 649 705 650
f 650 705 706
f 650 706 651
f 651 706 707
f 651 707 652
f 652 707 708
f 652 708 653
f 653 708 709
f 653 709 654
f 654 709 710
f 654 710 655
f 655 710 711
f 655 711 656
f 656 711 712
f 656 712 657
f 657 712 713
f 657 713 658
f 658 713 714
f 658 714 659
f 659 714 715
f 659 715 660
f 660 715 716
f 660 716 661
f 661 716 717
f 661 717 662
f 662 717 718
f 662 718 663
f 663 718 719
f 663 719 664
f 664 719 720
f 664 720 665
f 665 720 721
f 665 721 666
f 666 721 722
f 666 722 667
f 667 722 723
f 667 723 668
f 668 723 724
f 668 724 669
f 669 724 725
f 669 725 670
f 670 725 726
f 670 726 671
f 671 726 727
f 671 727 672
f 672 727 728
f 672 728 617
f 617 728 673
f 673 729 674
f 674 729 730
f 674 730 675
f 675 730 731
f 675 731 676
f 676 731 732
f 676 732 677
f 677 732 733
f 677 733 678
f 678 733 734
f 678 734 679
f 679 734 735
f 679 735 680
f 680 735 736
f 680 736 681
f 681 736 737
f 681 737 682
f 682 737 738
f 682 738 683
f 683 738 739
f 683 739 684
f 684 739 740
f 684 740 685
f 685 740 741
f 685 741 686
f 686 741 742
f 686 742 687
f 687 742 743
f 687 743 688
f 688 743 744
f 688 744 689
f 689 744 745
f 689 745 690
f 690 745 746
f 690 746 691
f 691 746 747
f 691 747 692
f 692 747 748
f 692 748 693
f 693 748 749
f 693 749 694
f 694 749 750
f 694 750 695
f 695 750 751
f 695 751 696
f 696 751 752
f 696 752 697
f 697 752 753
f 697 753 698
f 698 753 754
f 698 754 699
f 699 754 755
f 699 755 700
f 700 755 756
f 700 756 701
f 701 756 757
f 701 757 702
f 702 757 758
f 702 758 703
f 703 758 759
f 703 759 704
f 704 759 760
f 704 760 705
f 705 760 761
f 705 761 706
f 706 761 762
f 706 762 707
f 707 762 763
f 707 763 708
f 708 763 764
f 708 764 709
f 709 764 765
f 709 765 710
f 710 765 766
f 710 766 711
f 711 766 767
f 711 767 712
f 712 767 768
f 712 768 713
f 713 768 769
f 713 769 714
f 714 769 770
f 714 770 715
f 715 770 771
f 715 771 716
f 716 771 772
f 716 772 717
f 717 772 773
f 717 773 718
f 718 773 774
f 718 774 719
f 719 774 775
f 719 775 720
f 720 775 776
f 720 776 721
f 721 776 777
f 721 777 722
f 722 777 778
f 722 778 723
f 723 778 779
f 723 779 724
f 724 779 780
f 724 780 725
f 725 780 781
f 725 781 726
f 726 781 782
f 726 782 727
f 727 782 783
f 727 783 728
f 728 783 784
f 728 784 673
f 673 784 729
f 729 785 730
f 730 785 786
f 730 786 731
f 731 786 787
f 731 787 732
f 732 787 788
f 732 788 733
f 733 788 789
f 733 789 734
f 734 789 790
f 734 790 735
f 735 790 791
f 735 791 736
f 736 791 792
f 736 792 737
f 737 792 793
f 737 793 738
f 738 793 794
f 738 794 739
f 739 794 795
f 739 795 740
f 740 795 796
f 740 796 741
f 741 796 797
f 741 797 742
f 742 797 798
f 742 798 743
f 743 798 799
f 743 799 744
f 744 799 800
f 744 800 745
f 745 800 801
f 745 801 746
f 746 801 802
f 746 802 747
f 747 802 803
f 747 803 748
f 748 803 804
f 748 804 749
f 749 804 805
f 749 805 750
f 750 805 806
f 750 806 751
f 751 806 807
f 751 807 752
f 752 807 808
f 752 808 753
f 753 808 809
f 753 809 754
f 754 809 810
f 754 810 755
f 755 810 811
f 755 811 756
f 756 811 812
f 756 812 757
f 757 812 813
f 757 813 758
f 758 813 814
f 758 814 759
f 759 814 815
f 759 815 760
f 760 815 816
f 760 816 761
f 761 816 817
f 761 817 762
f 762 817 818
f 762 818 763
f 763 818 819
f 763 819 764
f 764 819 820
f 764 820 765
f 765 820 821
f 765 821 766
f 766 821 822
f 766 822 767
f 767 822 823
f 767 823 768
f 768 823 824
f 768 824 769
f 769 824 825
f 769 825 770
f 770 825 826
f 770 826 771
f 771 826 827
f 771 827 772
f 772 827 828
f 772 828 773
f 773 828 829
f 773 829 774
f 774 829 830
f 774 830 775
f 775 830 831
f 775 831 776
f 776 831 832
f 776 832 777
f 777 832 833
f 777 833 778
f 778 833 834
f 778 834 779
f 779 834 835
f 779 835 780
f 780 835 836
f 780 836 781
f 781 836 837
f 781 837 782
f 782 837 838
f 782 838 783
f 783 838 839
f 783 839 784
f 784 839 840
f 784 840 729
f 729 840 785
f 785 841 786
f 786 841 842
f 786 842 787
f 787 842 843
f 787 843 788
f 788 843 844
f 788 844 789
f 789 844 845
f 789 845 790
f 790 845 846
f 790 846 791
f 791 846 847
f 791 847 792
f 792 847 848
f 792 848 793
f 793 848 849
f 793 849 794
f 794 849 850
f 794 850 795
f 795 850 851
f 795 851 796
f 796 851 852
f 796 852 797
f 797 852 853
f 797 853 798
f 798 853 854
f 798 854 799
f 799 854 855
f 799 855 800
f 800 855 856
f 800 856 801
f 801 856 857
f 801 857 802
f 802 857 858
f 802 858 803
f 803 858 859
f 803 859 804
f 804 859 860
f 804 860 805
f 805 860 861
f 805 861 806
f 806 861 862
f 806 862 807
f 807 862 863
f 807 863 808
f 808 863 864
f 808 864 809
f 809 864 865
f 809 865 810
f 810 865 866
f 810 866 811
f 811 866 867
f 811 867 812
f 812 867 868
f 812 868 813
f 813 868 869
f 813 869 814
f 814 869 870
f 814 870 815
f 815 870 871
f 815 871 816
f 816 871 872
f 816 872 817
f 817 872 873
f 817 873 818
f 818 873 874
f 818 874 819
f 819 874 875
f 819 875 820
f 820 875 876
f 820 876 821
f 821 876 877
f 821 877 822
f 822 877 878
f 822 878 823
f 823 878 879
f 823 879 824
f 824 879 880
f 824 880 825
f 825 880 881
f 825 881 826
f 826 881 882
f 826 882 827
f 827 882 883
f 827 883 828
f 828 883 884
f 828 884 829
f 829 884 885
f 829 885 830
f 830 885 886
f 830 886 831
f 831 886 887
f 831 887 832
f 832 887 888
f 832 888 833
f 833 888 889
f 833 889 834
f 834 889 890
f 834 890 835
f 835 890 891
f 835 891 836
f 836 891 892
f 836 892 837
f 837 892 893
f 837 893 838
f 838 893 894
f 838 894 839
f 839 894 895
f 839 895 840
f 840 895 896
f 840 896 785
f 785 896 841
f 841 897 842
f 842 897 898
f 842 898 843
f 843 898 899
f 843 899 844
f 844 899 900
f 844 900 845
f 845 900 901
f 845 901 846
f 846 901 902
f 846 902 847
f 847 902 903
f 847 903 848
f 848 903 904
f 848 904 849
f 849 904 905
f 849 905 850
f 850 905 906
f 850 906 851
f 851 906 907
f 851 907 852
f 852 907 908
f 852 908 853
f 853 908 909
f 853 909 854
f 854 909 910
f 854 910 855
f 855 910 911
f 855 911 856
f 856 911 912
f 856 912 857
f 857 912 913
f 857 913 858
f 858 913 914
f 858 914 859
f 859 914 915
f 859 915 860
f 860 915 916
f 860 916 861
f 861 916 917
f 861 917 862
f 862 917 918
f 862 918 863
f 863 918 919
f 863 919 864
f 864 919 920
f 864 920 865
f 865 920 921
f 865 921 866
f 866 921 922
f 866 922 867
f 867 922 923
f 867 923 868
f 868 923 924
f 868 924 869
f 869 924 925
f 869 925 870
f 870 925 926
f 870 926 871
f 871 926 927
f 871 927 872
f 872 927 928
f 872 928 873
f 873 928 929
f 873 929 874
f 874 929 930
f 874 930 875
f 875 930 931
f 875 931 876
f 876 931 932
f 876 932 877
f 877 932 933
f 877 933 878
f 878 933 934
f 878 934 879
f 879 934 935
f 879 935 880
f 880 935 936
f 880 936 881
f 881 936 937
f 881 937 882
f 882 937 938
f 882 938 883
f 883 938 939
f 883 939 884
f 884 939 940
f 884 940 885
f 885 940 941
f 885 941 886
f 886 941 942
f 886 942 887
f 887 942 943
f 887 943 888
f 888 943 944
f 888 944 889
f 889 944 945
f 889 945 890
f 890 945 946
f 890 946 891
f 891 946 947
f 891 947 892
f 892 947 948
f 892 948 893
f 893 948 949
f 893 949 894
f 894 949 950
f 894 950 895
f 895 950 951
f 895 951 896
f 896 951 952
f 896 952 841
f 841 952 897
f 897 953 898
f 898 953 954
f 898 954 899
f 899 954 955
f 899 955 900
f 900 955 956
f 900 956 901
f 901 956 957
f 901 957 902
f 902 957 958
f 902 958 903
f 903 958 959
f 903 959 904
f 904 959 960
f 904 960 905
f 905 960 961
f 905 961 906
f 906 961 962
f 906 962 907
f 907 962 963
f 907 963 908
f 908 963 964
f 908 964 909
f 909 964 965
f 909 965 910
f 910 965 966
f 910 966 911
f 911 966 967
f 911 967 912
f 912 967 968
f 912 968 913
f 913 968 969
f 913 969 914
f 914 969 970
f 914 970 915
f 915 970 971
f 915 971 916
f 916 971 972
f 916 972 917
f 917 972 973
f 917 973 918
f 918 973 974
f 918 974 919
f 919 974 975
f 919 975 920
f 920 975 976
f 920 976 921
f 921 976 977
f 921 977 922
f 922 977 978
f 922 978 923
f 923 978 979
f 923 979 924
f 924 979 980
f 924 980 925
f 925 980 981
f 925 981 926
f 926 981 982
f 926 982 927
f 927 982 983
f 927 983 928
f 928 983 984
f 928 984 929
f 929 984 985
f 929 985 930
f 930 985 986
f 930 986 931
f 931 986 987
f 931 987 932
f 932 987 988
f 932 988 933
f 933 988 989
f 933 989 934
f 934 989 990
f 934 990 935
f 935 990 991
f 935 991 936
f 936 991 992
f 936 992 937
f 937 992 993
f 937 993 938
f 938 993 994
f 938 994 939
f 939 994 995
f 939 995 940
f 940 995 996
f 940 996 941
f 941 996 997
f 941 997 942
f 942 997 998
f 942 998 943
f 943 998 999
f 943 999 944
f 944 999 1000
f 944 1000 945
f 945 1000 1001
f 945 1001 946
f 946 1001 1002
f 946 1002 947
f 947 1002 1003
f 947 1003 948
f 948 1003 1004
f 948 1004 949
f 949 1004 1005
f 949 1005 950
f 950 1005 1006
f 950 1006 951
f 951 1006 1007
f 951 1007 952
f 952 1007 1008
f 952 1008 897
f 897 1008 953
f 953 1009 954
f 954 1009 1010
f 954 1010 955
f 955 1010 1011
f 955 1011 956
f 956 1011 1012
f 956 1012 957
f 957 1012 1013
f 957 1013 958
f 958 1013 1014
f 958 1014 959
f 959 1014 1015
f 959 1015 960
f 960 1015 1016
f 960 1016 961
f 961 1016 1017
f 961 1017 962
f 962 1017 1018
f 962 1018 963
f 963 1018 1019
f 963 1019 964
f 964 1019 1020
f 964 1020 965
f 965 1020 1021
f 965 1021 966
f 966 1021 1022
f 966 1022 967
f 967 1022 1023
f 967 1023 968
f 968 1023 1024
f 968 1024 969
f 969 1024 1025
f 969 1025 970
f 970 1025 1026
f 970 1026 971
f 971 1026 1027
f 971 1027 972
f 972 1027 1028
f 972 1028 973
f 973 1028 1029
f 973 1029 974
f 974 1029 1030
f 974 1030 975
f 975 1030 1031
f 975 1031 976
f 976 1031 1032
f 976 1032 977
f 977 1032 1033
f 977 1033 978
f 978 1033 1034
f 978 1034 979
f 979 1034 1035
f 979 1035 980
f 980 1035 1036
f 980 1036 981
f 981 1036 1037
f 981 1037 982
f 982 1037 1038
f 982 1038 983
f 983 1038 1039
f 983 1039 984
f 984 1039 1040
f 984 1040 985
f 985 1040 1041
f 985 1041 986
f 986 1041 1042
f 986 1042 987
f 987 1042 1043
f 987 1043 988
f 988 1043 1044
f 988 1044 989
f 989 1044 1045
f 989 1045 990
f 990 1045 1046
f 990 1046 991
f 991 1046 1047
f 991 1047 992
f 992 1047 1048
f 992 1048 993
f 993 1048 1049
f 993 1049 994
f 994 1049 1050
f 994 1050 995
f 995 1050 1051
f 995 1051 996
f 996 1051 1052
f 996 1052 997
f 997 1052 1053
f 997 1053 998
f 998 1053 1054
f 998 1054 999
f 999 1054 1055
f 999 1055 1000
f 1000 1055 1056
f 1000 1056 1001
f 1001 1056 1057
f 1001 1057 1002
f 1002 1057 1058
f 1002 1058 1003
f 1003 1058 1059
f 1003 1059 1004
f 1004 1059 1060
f 1004 1060 1005
f 1005 1060 1061
f 1005 1061 1006
f 1006 1061 1062
f 1006 1062 1007
f 1007 1062 1063
f 1007 1063 1008
f 1008 1063 1064
f 1008 1064 953
f 953 1064 1009
f 1009 1065 1010
f 1010 1065 1066
f 1010 1066 1011
f 1011 1066 1067
f 1011 1067 1012
f 1012 1067 1068
f 1012 1068 1013
f 1013 1068 1069
f 1013 1069 1014
f 1014 1069 1070
f 1014 1070 1015
f 1015 1070 1071
f 1015 1071 1016
f 1016 1071 1072
f 1016 1072 1017
f 1017 1072 1073
f 1017 1073 1018
f 1018 1073 1074
f 1018 1074 1019
f 1019 1074 1075
f 1019 1075 1020
f 1020 1075 1076
f 1020 1076 1021
f 1021 1076 1077
f 1021 1077 1022
f 1022 1077 1078
f 1022 1078 1023
f 1023 1078 1079
f 1023 1079 1024
f 1024 1079 1080
f 1024 1080 1025
f 1025 1080 1081
f 1025 1081 1026
f 1026 1081 1082
f 1026 1082 1027
f 1027 1082 1083
f 1027 1083 1028
f 1028 1083 1084
f 1028 1084 1029
f 1029 1084 1085
f 1029 1085 1030
f 1030 1085 1086
f 1030 1086 1031
f 1031 1086 1087
f 1031 1087 1032
f 1032 1087 1088
f 1032 1088 1033
f 1033 1088 1089
f 1033 1089 1034
f 1034 1089 1090
f 1034 1090 1035
f 1035 1090 1091
f 1035 1091 1036
f 1036 1091 1092
f 1036 1092 1037
f 1037 1092 1093
f 1037 1093 1038
f 1038 1093 1094
f 1038 1094 1039
f 1039 1094 1095
f 1039 1095 1040
f 1040 1095 1096
f 1040 1096 1041
f 1041 1096 1097
f 1041 1097 1042
f 1042 1097 1098
f 1042 1098 1043
f 1043 1098 1099
f 1043 1099 1044
f 1044 1099 1100
f 1044 1100 1045
f 1045 1100 1101
f 1045 1101 1046
f 1046 1101 1102
f 1046 1102 1047
f 1047 1102 1103
f 1047 1103 1048
f 1048 1103 1104
f 1048 1104 1049
f 1049 1104 1105
f 1049 1105 1050
f 1050 1105 1106
f 1050 1106 1051
f 1051 1106 1107
f 1051 1107 1052
f 1052 1107 1108
f 1052 1108 1053
f 1053 1108 1109
f 1053 1109 1054
f 1054 1109 1110
f 1054 1110 1055
f 1055 1110 1111
f 1055 1111 1056
f 1056 1111 1112
f 1056 1112 1057
f 1057 1112 1113
f 1057 1113 1058
f 1058 1113 1114
f 1058 1114 1059
f 1059 1114 1115
f 1059 1115 1060
f 1060 1115 1116
f 1060 1116 1061
f 1061 1116 1117
f 1061 1117 1062
f 1062 1117 1118
f 1062 1118 1063
f 1063 1118 1119
f 1063 1119 1064
f 1064 1119 1120
f 1064 1120 1009
f 1009 1120 1065
f 1065 1121 1066
f 1066 1121 1122
f 1066 1122 1067
f 1067 1122 1123
f 1067 1123 1068
f 1068 1123 1124
f 1068 1124 1069
f 1069 1124 1125
f 1069 1125 1070
f 1070 1125 1126
f 1070 1126 1071
f 1071 1126 1127
f 1071 1127 1072
f 1072 1127 1128
f 1072 1128 1073
f 1073 1128 1129
f 1073 1129 1074
f 1074 1129 1130
f 1074 1130 1075
f 1075 1130 1131
f 1075 1131 1076
f 1076 1131 1132
f 1076 1132 1077
f 1077 1132 1133
f 1077 1133 1078
f 1078 1133 1134
f 1078 1134 1079
f 1079 1134 1135
f 1079 1135 1080
f 1080 1135 1136
f 1080 1136 1081
f 1081 1136 1137
f 1081 1137 1082
f 1082 1137 1138
f 1082 1138 1083
f 1083 1138 1139
f 1083 1139 1084
f 1084 1139 1140
f 1084 1140 1085
f 1085 1140 1141
f 1085 1141 1086
f 1086 1141 1142
f 1086 1142 1087
f 1087 1142 1143
f 1087 1143 1088
f 1088 1143 1144
f 1088 1144 1089
f 1089 1144 1145
f 1089 1145 1090
f 1090 1145 1146
f 1090 1146 1091
f 1091 1146 1147
f 1091 1147 1092
f 1092 1147 1148
f 1092 1148 1093
f 1093 1148 1149
f 1093 1149 1094
f 1094 1149 1150
f 1094 1150 1095
f 1095 1150 1151
f 1095 1151 1096
f 1096 1151 1152
f 1096 1152 1097
f 1097 1152 1153
f 1097 1153 1098
f 1098 1153 1154
f 1098 1154 1099
f 1099 1154 1155
f 1099 1155 1100
f 1100 1155 1156
f 1100 1156 1101
f 1101 1156 1157
f 1101 1157 1102
f 1102 1157 1158
f 1102 1158 1103
f 1103 1158 1159
f 1103 1159 1104
f 1104 1159 1160
f 1104 1160 1105
f 1105 1160 1161
f 1105 1161 1106
f 1106 1161 1162
f 1106 1162 1107
f 1107 1162 1163
f 1107 1163 1108
f 1108 1163 1164
f 1108 1164 1109
f 1109 1164 1165
f 1109 1165 1110
f 1110 1165 1166
f 1110 1166 1111
f 1111 1166 1167
f 1111 1167 1112
f 1112 1167 1168
f 1112 1168 1113
f 1113 1168 1169
f 1113 1169 1114
f 1114 1169 1170
f 1114 1170 1115
f 1115 1170 1171
f 1115 1171 1116
f 1116 1171 1172
f 1116 1172 1117
f 1117 1172 1173
f 1117 1173 1118
f 1118 1173 1174
f 1118 1174 1119
f 1119 1174 1175
f 1119 1175 1120
f 1120 1175 1176
f 1120 1176 1065
f 1065 1176 1121
f 1121 1177 1122
f 1122 1177 1178
f 1122 1178 1123
f 1123 1178 1179
f 1123 1179 1124
f 1124 1179 1180
f 1124 1180 1125
f 1125 1180 1181
f 1125 1181 1126
f 1126 1181 1182
f 1126 1182 1127
f 1127 1182 1183
f 1127 1183 1128
f 1128 1183 1184
f 1128 1184 1129
f 1129 1184 1185
f 1129 1185 1130
f 1130 1185 1186
f 1130 1186 1131
f 1131 1186 1187
f 1131 1187 1132
f 1132 1187 1188
f 1132 1188 1133
f 1133 1188 1189
f 1133 1189 1134
f 1134 1189 1190
f 1134 1190 1135
f 1135 1190 1191
f 1135 1191 1136
f 1136 1191 1192
f 1136 1192 1137
f 1137 1192 1193
f 1137 1193 1138
f 1138 1193 1194
f 1138 1194 1139
f 1139 1194 1195
f 1139 1195 1140
f 1140 1195 1196
f 1140 1196 1141
f 1141 1196 1197
f 1141 1197 1142
f 1142 1197 1198
f 1142 1198 1143
f 1143 1198 1199
f 1143 1199 1144
f 1144 1199 1200
f 1144 1200 1145
f 1145 1200 1201
f 1145 1201 1146
f 1146 1201 1202
f 1146 1202 1147
f 1147 1202 1203
f 1147 1203 1148
f 1148 1203 1204
f 1148 1204 1149
f 1149 1204 1205
f 1149 1205 1150
f 1150 1205 1206
f 1150 1206 1151
f 1151 1206 1207
f 1151 1207 1152
f 1152 1207 1208
f 1152 1208 1153
f 1153 1208 1209
f 1153 1209 1154
f 1154 1209 1210
f 1154 1210 1155
f 1155 1210 1211
f 1155 1211 1156
f 1156 1211 1212
f 1156 1212 1157
f 1157 1212 1213
f 1157 1213 1158
f 1158 1213 1214
f 1158 1214 1159
f 1159 1214 1215
f 1159 1215 1160
f 1160 1215 1216
f 1160 1216 1161
f 1161 1216 1217
f 1161 1217 1162
f 1162 1217 1218
f 1162 1218 1163
f 1163 1218 1219
f 1163 1219 1164
f 1164 1219 1220
f 1164 1220 1165
f 1165 1220 1221
f 1165 1221 1166
f 1166 1221 1222
f 1166 1222 1167
f 1167 1222 1223
f 1167 1223 1168
f 1168 1223 1224
f 1168 1224 1169
f 1169 1224 1225
f 1169 1225 1170
f 1170 1225 1226
f 1170 1226 1171
f 1171 1226 1227
f 1171 1227 1172
f 1172 1227 1228
f 1172 1228 1173
f 1173 1228 1229
f 1173 1229 1174
f 1174 1229 1230
f 1174 1230 1175
f 1175 1230 1231
f 1175 1231 1176
f 1176 1231 1232
f 1176 1232 1121
f 1121 1232 1177
f 1177 1233 1178
f 1178 1233 1234
f 1178 1234 1179
f 1179 1234 1235
f 1179 1235 1180
f 1180 1235 1236
f 1180 1236 1181
f 1181 1236 1237
f 1181 1237 1182
f 1182 1237 1238
f 1182 1238 1183
f 1183 1238 1239
f 1183 1239 1184
f 1184 1239 1240
f 1184 1240 1185
f 1185 1240 1241
f 1185 1241 1186
f 1186 1241 1242
f 1186 1242 1187
f 1187 1242 1243
f 1187 1243 1188
f 1188 1243 1244
f 1188 1244 1189
f 1189 1244 1245
f 1189 1245 1190
f 1190 1245 1246
f 1190 1246 1191
f 1191 1246 1247
f 1191 1247 1192
f 1192 1247 1248
f 1192 1248 1193
f 1193 1248 1249
f 1193 1249 1194
f 1194 1249 1250
f 1194 1250 1195
f 1195 1250 1251
f 1195 1251 1196
f 1196 1251 1252
f 1196 1252 1197
f 1197 1252 1253
f 1197 1253 1198
f 1198 1253 1254
f 1198 1254 1199
f 1199 1254 1255
f 1199 1255 1200
f 1200 1255 1256
f 1200 1256 1201
f 1201 1256 1257
f 1201 1257 1202
f 1202 1257 1258
f 1202 1258 1203
f 1203 1258 1259
f 1203 1259 1204
f 1204 1259 1260
f 1204 1260 1205
f 1205 1260 1261
f 1205 1261 1206
f 1206 1261 1262
f 1206 1262 1207
f 1207 1262 1263
f 1207 1263 1208
f 1208 1263 1264
f 1208 1264 1209
f 1209 1264 1265
f 1209 1265 1210
f 1210 1265 1266
f 1210 1266 1211
f 1211 1266 1267
f 1211 1267 1212
f 1212 1267 1268
f 1212 1268 1213
f 1213 1268 1269
f 1213 1269 1214
f 1214 1269 1270
f 1214 1270 1215
f 1215 1270 1271
f 1215 1271 1216
f 1216 1271 1272
f 1216 1272 1217
f 1217 1272 1273
f 1217 1273 1218
f 1218 1273 1274
f 1218 1274 1219
f 1219 1274 1275
f 1219 1275 1220
f 1220 1275 1276
f 1220 1276 1221
f 1221 1276 1277
f 1221 1277 1222
f 1222 1277 1278
f 1222 1278 1223
f 1223 1278 1279
f 1223 1279 1224
f 1224 1279 1280
f 1224 1280 1225
f 1225 1280 1281
f 1225 1281 1226
f 1226 1281 1282
f 1226 1282 1227
f 1227 1282 1283
f 1227 1283 1228
f 1228 1283 1284
f 1228 1284 1229
f 1229 1284 1285
f 1229 1285 1230
f 1230 1285 1286
f 1230 1286 1231
f 1231 1286 1287
f 1231 1287 1232
f 1232 1287 1288
f 1232 1288 1177
f 1177 1288 1233
f 1233 1289 1234
f 1234 1289 1290
f 1234 1290 1235
f 1235 1290 1291
f 1235 1291 1236
f 1236 1291 1292
f 1236 1292 1237
f 1237 1292 1293
f 1237 1293 1238
f 1238 1293 1294
f 1238 1294 1239
f 1239 1294 1295
f 1239 1295 1240
f 1240 1295 1296
f 1240 1296 1241
f 1241 1296 1297
f 1241 1297 1242
f 1242 1297 1298
f 1242 1298 1243
f 1243 1298 1299
f 1243 1299 1244
f 1244 1299 1300
f 1244 1300 1245
f 1245 1300 1301
f 1245 1301 1246
f 1246 1301 1302
f 1246 1302 1247
f 1247 1302 1303
f 1247 1303 1248
f 1248 1303 1304
f 1248 1304 1249
f 1249 1304 1305
f 1249 1305 1250
f 1250 1305 1306
f 1250 1306 1251
f 1251 1306 1307
f 1251 1307 1252
f 1252 1307 1308
f 1252 1308 1253
f 1253 1308 1309
f 1253 1309 1254
f 1254 1309 1310
f 1254 1310 1255
f 1255 1310 1311
f 1255 1311 1256
f 1256 1311 1312
f 1256 1312 1257
f 1257 1312 1313
f 1257 1313 1258
f 1258 1313 1314
f 1258 1314 1259
f 1259 1314 1315
f 1259 1315 1260
f 1260 1315 1316
f 1260 1316 1261
f 1261 1316 1317
f 1261 1317 1262
f 1262 1317 1318
f 1262 1318 1263
f 1263 1318 1319
f 1263 1319 1264
f 1264 1319 1320
f 1264 1320 1265
f 1265 1320 1321
f 1265 1321 1266
f 1266 1321 1322
f 1266 1322 1267
f 1267 1322 1323
f 1267 1323 1268
f 1268 1323 1324
f 1268 1324 1269
f 1269 1324 1325
f 1269 1325 1270
f 1270 1325 1326
f 1270 1326 1271
f 1271 1326 1327
f 1271 1327 1272
f 1272 1327 1328
f 1272 1328 1273
f 1273 1328 1329
f 1273 1329 1274
f 1274 1329 1330
f 1274 1330 1275
f 1275 1330 1331
f 1275 1331 1276
f 1276 1331 1332
f 1276 1332 1277
f 1277 1332 1333
f 1277 1333 1278
f 1278 1333 1334
f 1278 1334 1279
f 1279 1334 1335
f 1279 1335 1280
f 1280 1335 1336
f 1280 1336 1281
f 1281 1336 1337
f 1281 1337 1282
f 1282 1337 1338
f 1282 1338 1283
f 1283 1338 1339
f 1283 1339 1284
f 1284 1339 1340
f 1284 1340 1285
f 1285 1340 1341
f 1285 1341 1286
f 1286 1341 1342
f 1286 1342 1287
f 1287 1342 1343
f 1287 1343 1288
f 1288 1343 1344
f 1288 1344 1233
f 1233 1344 1289
f 1289 1345 1290
f 1290 1345 1346
f 1290 1346 1291
f 1291 1346 1347
f 1291 1347 1292
f 1292 1347 1348
f 1292 1348 1293
f 1293 1348 1349
f 1293 1349 1294
f 1294 1349 1350
f 1294 1350 1295
f 1295 1350 1351
f 1295 1351 1296
f 1296 1351 1352
f 1296 1352 1297
f 1297 1352 1353
f 1297 1353 1298
f 1298 1353 1354
f 1298 1354 1299
f 1299 1354 1355
f 1299 1355 1300
f 1300 1355 1356
f 1300 1356 1301
f 1301 1356 1357
f 1301 1357 1302
f 1302 1357 1358
f 1302 1358 1303
f 1303 1358 1359
f 1303 1359 1304
f 1304 1359 1360
f 1304 1360 1305
f 1305 1360 1361
f 1305 1361 1306
f 1306 1361 1362
f 1306 1362 1307
f 1307 1362 1363
f 1307 1363 1308
f 1308 1363 1364
f 1308 1364 1309
f 1309 1364 1365
f 1309 1365 1310
f 1310 1365 1366
f 1310 1366 1311
f 1311 1366 1367
f 1311 1367 1312
f 1312 1367 1368
f 1312 1368 1313
f 1313 1368 1369
f 1313 1369 1314
f 1314 1369 1370
f 1314 1370 1315
f 1315 1370 1371
f 1315 1371 1316
f 1316 1371 1372
f 1316 1372 1317
f 1317 1372 1373
f 1317 1373 1318
f 1318 1373 1374
f 1318 1374 1319
f 1319 1374 1375
f 1319 1375 1320
f 1320 1375 1376
f 1320 1376 1321
f 1321 1376 1377
f 1321 1377 1322
f 1322 1377 1378
f 1322 1378 1323
f 1323 1378 1379
f 1323 1379 1324
f 1324 1379 1380
f 1324 1380 1325
f 1325 1380 1381
f 1325 1381 1326
f 1326 1381 1382
f 1326 1382 1327
f 1327 1382 1383
f 1327 1383 1328
f 1328 1383 1384
f 1328 1384 1329
f 1329 1384 1385
f 1329 1385 1330
f 1330 1385 1386
f 1330 1386 1331
f 1331 1386 1387
f 1331 1387 1332
f 1332 1387 1388
f 1332 1388 1333
f 1333 1388 1389
f 1333 1389 1334
f 1334 1389 1390
f 1334 1390 1335
f 1335 1390 1391
f 1335 1391 1336
f 1336 1391 1392
f 1336 1392 1337
f 1337 1392 1393
f 1337 1393 1338
f 1338 1393 1394
f 1338 1394 1339
f 1339 1394 1395
f 1339 1395 1340
f 1340 1395 1396
f 1340 1396 1341
f 1341 1396 1397
f 1341 1397 1342
f 1342 1397 1398
f 1342 1398 1343
f 1343 1398 1399
f 1343 1399 1344
f 1344 1399 1400
f 1344 1400 1289
f 1289 1400 1345
f 1345 1401 1346
f 1346 1401 1402
f 1346 1402 1347
f 1347 1402 1403
f 1347 1403 1348
f 1348 1403 1404
f 1348 1404 1349
f 1349 1404 1405
f 1349 1405 1350
f 1350 1405 1406
f 1350 1406 1351
f 1351 1406 1407
f 1351 1407 1352
f 1352 1407 1408
f 1352 1408 1353
f 1353 1408 1409
f 1353 1409 1354
f 1354 1409 1410
f 1354 1410 1355
f 1355 1410 1411
f 1355 1411 1356
f 1356 1411 1412
f 1356 1412 1357
f 1357 1412 1413
f 1357 1413 1358
f 1358 1413 1414
f 1358 1414 1359
f 1359 1414 1415
f 1359 1415 1360
f 1360 1415 1416
f 1360 1416 1361
f 1361 1416 1417
f 1361 1417 1362
f 1362 1417 1418
f 1362 1418 1363
f 1363 1418 1419
f 1363 1419 1364
f 1364 1419 1420
f 1364 1420 1365
f 1365 1420 1421
f 1365 1421 1366
f 1366 1421 1422
f 1366 1422 1367
f 1367 1422 1423
f 1367 1423 1368
f 1368 1423 1424
f 1368 1424 1369
f 1369 1424 1425
f 1369 1425 1370
f 1370 1425 1426
f 1370 1426 1371
f 1371 1426 1427
f 1371 1427 1372
f 1372 1427 1428
f 1372 1428 1373
f 1373 1428 1429
f 1373 1429 1374
f 1374 1429 1430
f 1374 1430 1375
f 1375 1430 1431
f 1375 1431 1376
f 1376 1431 1432
f 1376 1432 1377
f 1377 1432 1433
f 1377 1433 1378
f 1378 1433 1434
f 1378 1434 1379
f 1379 1434 1435
f 1379 1435 1380
f 1380 1435 1436
f 1380 1436 1381
f 1381 1436 1437
f 1381 1437 1382
f 1382 1437 1438
f 1382 1438 1383
f 1383 1438 1439
f 1383 1439 1384
f 1384 1439 1440
f 1384 1440 1385
f 1385 1440 1441
f 1385 1441 1386
f 1386 1441 1442
f 1386 1442 1387
f 1387 1442 1443
f 1387 1443 1388
f 1388 1443 1444
f 1388 1444 1389
f 1389 1444 1445
f 1389 1445 1390
f 1390 1445 1446
f 1390 1446 1391
f 1391 1446 1447
f 1391 1447 1392
f 1392 1447 1448
f 1392 1448 1393
f 1393 1448 1449
f 1393 1449 1394
f 1394 1449 1450
f 1394 1450 1395
f 1395 1450 1451
f 1395 1451 1396
f 1396 1451 1452
f 1396 1452 1397
f 1397 1452 1453
f 1397 1453 1398
f 1398 1453 1454
f 1398 1454 1399
f 1399 1454 1455
f 1399 1455 1400
f 1400 1455 1456
f 1400 1456 1345
f 1345 1456 1401
f 1401 1457 1402
f 1402 1457 1458
f 1402 1458 1403
f 1403 1458 1459
f 1403 1459 1404
f 1404 1459 1460
f 1404 1460 1405
f 1405 1460 1461
f 1405 1461 1406
f 1406 1461 1462
f 1406 1462 1407
f 1407 1462 1463
f 1407 1463 1408
f 1408 1463 1464
f 1408 1464 1409
f 1409 1464 1465
f 1409 1465 1410
f 1410 1465 1466
f 1410 1466 1411
f 1411 1466 1467
f 1411 1467 1412
f 1412 1467 1468
f 1412 1468 1413
f 1413 1468 1469
f 1413 1469 1414
f 1414 1469 1470
f 1414 1470 1415
f 1415 1470 1471
f 1415 1471 1416
f 1416 1471 1472
f 1416 1472 1417
f 1417 1472 1473
f 1417 1473 1418
f 1418 1473 1474
f 1418 1474 1419
f 1419 1474 1475
f 1419 1475 1420
f 1420 1475 1476
f 1420 1476 1421
f 1421 1476 1477
f 1421 1477 1422
f 1422 1477 1478
f 1422 1478 1423
f 1423 1478 1479
f 1423 1479 1424
f 1424 1479 1480
f 1424 1480 1425
f 1425 1480 1481
f 1425 1481 1426
f 1426 1481 1482
f 1426 1482 1427
f 1427 1482 1483
f 1427 1483 1428
f 1428 1483 1484
f 1428 1484 1429
f 1429 1484 1485
f 1429 1485 1430
f 1430 1485 1486
f 1430 1486 1431
f 1431 1486 1487
f 1431 1487 1432
f 1432 1487 1488
f 1432 1488 1433
f 1433 1488 1489
f 1433 1489 1434
f 1434 1489 1490
f 1434 1490 1435
f 1435 1490 1491
f 1435 1491 1436
f 1436 1491 1492
f 1436 1492 1437
f 1437 1492 1493
f 1437 1493 1438
f 1438 1493 1494
f 1438 1494 1439
f 1439 1494 1495
f 1439 1495 1440
f 1440 1495 1496
f 1440 1496 1441
f 1441 1496 1497
f 1441 1497 1442
f 1442 1497 1498
f 1442 1498 1443
f 1443 1498 1499
f 1443 1499 1444
f 1444 1499 1500
f 1444 1500 1445
f 1445 1500 1501
f 1445 1501 1446
f 1446 1501 1502
f 1446 1502 1447
f 1447 1502 1503
f 1447 1503 1448
f 1448 1503 1504
f 1448 1504 1449
f 1449 1504 1505
f 1449 1505 1450
f 1450 1505 1506
f 1450 1506 1451
f 1451 1506 1507
f 1451 1507 1452
f 1452 1507 1508
f 1452 1508 1453
f 1453 1508 1509
f 1453 1509 1454
f 1454 1509 1510
f 1454 1510 1455
f 1455 1510 1511
f 1455 1511 1456
f 1456 1511 1512
f 1456 1512 1401
f 1401 1512 1457
f 1457 1513 1458
f 1458 1513 1514
f 1458 1514 1459
f 1459 1514 1515
f 1459 1515 1460
f 1460 1515 1516
f 1460 1516 1461
f 1461 1516 1517
f 1461 1517 1462
f 1462 1517 1518
f 1462 1518 1463
f 1463 1518 1519
f 1463 1519 1464
f 1464 1519 1520
f 1464 1520 1465
f 1465 1520 1521
f 1465 1521 1466
f 1466 1521 1522
f 1466 1522 1467
f 1467 1522 1523
f 1467 1523 1468
f 1468 1523 1524
f 1468 1524 1469
f 1469 1524 1525
f 1469 1525 1470
f 1470 1525 1526
f 1470 1526 1471
f 1471 1526 1527
f 1471 1527 1472
f 1472 1527 1528
f 1472 1528 1473
f 1473 1528 1529
f 1473 1529 1474
f 1474 1529 1530
f 1474 1530 1475
f 1475 1530 1531
f 1475 1531 1476
f 1476 1531 1532
f 1476 1532 1477
f 1477 1532 1533
f 1477 1533 1478
f 1478 1533 1534
f 1478 1534 1479
f 1479 1534 1535
f 1479 1535 1480
f 1480 1535 1536
f 1480 1536 1481
f 1481 1536 1537
f 1481 1537 1482
f 1482 1537 1538
f 1482 1538 1483
f 1483 1538 1539
f 1483 1539 1484
f 1484 1539 1540
f 1484 1540 1485
f 1485 1540 1541
f 1485 1541 1486
f 1486 1541 1542
f 1486 1542 1487
f 1487 1542 1543
f 1487 1543 1488
f 1488 1543 1544
f 1488 1544 1489
f 1489 1544 1545
f 1489 1545 1490
f 1490 1545 1546
f 1490 1546 1491
f 1491 1546 1547
f 1491 1547 1492
f 1492 1547 1548
f 1492 1548 1493
f 1493 1548 1549
f 1493 1549 1494
f 1494 1549 1550
f 1494 1550 1495
f 1495 1550 1551
f 1495 1551 1496
f 1496 1551 1552
f 1496 1552 1497
f 1497 1552 1553
f 1497 1553 1498
f 1498 1553 1554
f 1498 1554 1499
f 1499 1554 1555
f 1499 1555 1500
f 1500 1555 1556
f 1500 1556 1501
f 1501 1556 1557
f 1501 1557 1502
f 1502 1557 1558
f 1502 1558 1503
f 1503 1558 1559
f 1503 1559 1504
f 1504 1559 1560
f 1504 1560 1505
f 1505 1560 1561
f 1505 1561 1506
f 1506 1561 1562
f 1506 1562 1507
f 1507 1562 1563
f 1507 1563 1508
f 1508 1563 1564
f 1508 1564 1509
f 1509 1564 1565
f 1509 1565 1510
f 1510 1565 1566
f 1510 1566 1511
f 1511 1566 1567
f 1511 1567 1512
f 1512 1567 1568
f 1512 1568 1457
f 1457 1568 1513
f 1513 1569 1514
f 1514 1570 1515
f 1515 1571 1516
f 1516 1572 1517
f 1517 1573 1518
f 1518 1574 1519
f 1519 1575 1520
f 1520 1576 1521
f 1521 1577 1522
f 1522 1578 1523
f 1523 1579 1524
f 1524 1580 1525
f 1525 1581 1526
f 1526 1582 1527
f 1527 1583 1528
f 1528 1584 1529
f 1529 1585 1530
f 1530 1586 1531
f 1531 1587 1532
f 1532 1588 1533
f 1533 1589 1534
f 1534 1590 1535
f 1535 1591 1536
f 1536 1592 1537
f 1537 1593 1538
f 1538 1594 1539
f 1539 1595 1540
f 1540 1596 1541
f 1541 1597 1542
f 1542 1598 1543
f 1543 1599 1544
f 1544 1600 1545
f 1545 1601 1546
f 1546 1602 1547
f 1547 1603 1548
f 1548 1604 1549
f 1549 1605 1550
f 1550 1606 1551
f 1551 1607 1552
f 1552 1608 1553
f 1553 1609 1554
f 1554 1610 1555
f 1555 1611 1556
f 1556 1612 1557
f 1557 1613 1558
f 1558 1614 1559
f 1559 1615 1560
f 1560 1616 1561
f 1561 1617 1562
f 1562 1618 1563
f 1563 1619 1564
f 1564 1620 1565
f 1565 1621 1566
f 1566 1622 1567
f 1567 1623 1568
f 1568 1624 1513
g solar_crown
usemtl solar
f 1625 1626 1670
f 1626 1671 1670
f 1626 1627 1671
f 1627 1672 1671
f 1627 1628 1672
f 1628 1673 1672
f 1628 1629 1673
f 1629 1674 1673
f 1629 1630 1674
f 1630 1675 1674
f 1630 1631 1675
f 1631 1676 1675
f 1631 1632 1676
f 1632 1677 1676
f 1632 1633 1677
f 1633 1678 1677
f 1633 1634 1678
f 1634 1679 1678
f 1634 1635 1679
f 1635 1680 1679
f 1635 1636 1680
f 1636 1681 1680
f 1636 1637 1681
f 1637 1682 1681
f 1637 1638 1682
f 1638 1683 1682
f 1638 1639 1683
f 1639 1684 1683
f 1639 1640 1684
f 1640 1685 1684
f 1640 1641 1685
f 1641 1686 1685
f 1641 1642 1686
f 1642 1687 1686
f 1642 1643 1687
f 1643 1688 1687
f 1643 1644 1688
f 1644 1689 1688
f 1644 1645 1689
f 1645 1690 1689
f 1645 1646 1690
f 1646 1691 1690
f 1646 1647 1691
f 1647 1692 1691
f 1647 1648 1692
f 1648 1693 1692
f 1648 1649 1693
f 1649 1694 1693
f 1649 1650 1694
f 1650 1695 1694
f 1650 1651 1695
f 1651 1696 1695
f 1651 1652 1696
f 1652 1697 1696
f 1652 1653 1697
f 1653 1698 1697
f 1653 1654 1698
f 1654 1699 1698
f 1654 1655 1699
f 1655 1700 1699
f 1655 1656 1700
f 1656 1701 1700
f 1656 1657 1701
f 1657 1702 1701
f 1657 1658 1702
f 1658 1703 1702
f 1658 1659 1703
f 1659 1704 1703
f 1659 1660 1704
f 1660 1705 1704
f 1660 1661 1705
f 1661 1706 1705
f 1661 1662 1706
f 1662 1707 1706
f 1662 1663 1707
f 1663 1708 1707
f 1663 1664 1708
f 1664 1709 1708
f 1664 1665 1709
f 1665 1710 1709
f 1665 1666 1710
f 1666 1711 1710
f 1666 1667 1711
f 1667 1712 1711
f 1667 1668 1712
f 1668 1713 1712
f 1668 1669 1713
f 1669 1714 1713
f 1670 1671 1715
f 1671 1716 1715
f 1671 1672 1716
f 1672 1717 1716
f 1672 1673 1717
f 1673 1718 1717
f 1673 1674 1718
f 1674 1719 1718
f 1674 1675 1719
f 1675 1720 1719
f 1675 1676 1720
f 1676 1721 1720
f 1676 1677 1721
f 1677 1722 1721
f 1677 1678 1722
f 1678 1723 1722
f 1678 1679 1723
f 1679 1724 1723
f 1679 1680 1724
f 1680 1725 1724
f 1680 1681 1725
f 1681 1726 1725
f 1681 1682 1726
f 1682 1727 1726
f 1682 1683 1727
f 1683 1728 1727
f 1683 1684 1728
f 1684 1729 1728
f 1684 1685 1729
f 1685 1730 1729
f 1685 1686 1730
f 1686 1731 1730
f 1686 1687 1731
f 1687 1732 1731
f 1687 1688 1732
f 1688 1733 1732
f 1688 1689 1733
f 1689 1734 1733
f 1689 1690 1734
f 1690 1735 1734
f 1690 1691 1735
f 1691 1736 1735
f 1691 1692 1736
f 1692 1737 1736
f 1692 1693 1737
f 1693 1738 1737
f 1693 1694 1738
f 1694 1739 1738
f 1694 1695 1739
f 1695 1740 1739
f 1695 1696 1740
f 1696 1741 1740
f 1696 1697 1741
f 1697 1742 1741
f 1697 1698 1742
f 1698 1743 1742
f 1698 1699 1743
f 1699 1744 1743
f 1699 1700 1744
f 1700 1745 1744
f 1700 1701 1745
f 1701 1746 1745
f 1701 1702 1746
f 1702 1747 1746
f 1702 1703 1747
f 1703 1748 1747
f 1703 1704 1748
f 1704 1749 1748
f 1704 1705 1749
f 1705 1750 1749
f 1705 1706 1750
f 1706 1751 1750
f 1706 1707 1751
f 1707 1752 1751
f 1707 1708 1752
f 1708 1753 1752
f 1708 1709 1753
f 1709 1754 1753
f 1709 1710 1754
f 1710 1755 1754
f 1710 1711 1755
f 1711 1756 1755
f 1711 1712 1756
f 1712 1757 1756
f 1712 1713 1757
f 1713 1758 1757
f 1713 1714 1758
f 1714 1759 1758
f 1715 1716 1760
f 1716 1761 1760
f 1716 1717 1761
f 1717 1762 1761
f 1717 1718 1762
f 1718 1763 1762
f 1718 1719 1763
f 1719 1764 1763
f 1719 1720 1764
f 1720 1765 1764
f 1720 1721 1765
f 1721 1766 1765
f 1721 1722 1766
f 1722 1767 1766
f 1722 1723 1767
f 1723 1768 1767
f 1723 1724 1768
f 1724 1769 1768
f 1724 1725 1769
f 1725 1770 1769
f 1725 1726 1770
f 1726 1771 1770
f 1726 1727 1771
f 1727 1772 1771
f 1727 1728 1772
f 1728 1773 1772
f 1728 1729 1773
f 1729 1774 1773
f 1729 1730 1774
f 1730 1775 1774
f 1730 1731 1775
f 1731 1776 1775
f 1731 1732 1776
f 1732 1777 1776
f 1732 1733 1777
f 1733 1778 1777
f 1733 1734 1778
f 1734 1779 1778
f 1734 1735 1779
f 1735 1780 1779
f 1735 1736 1780
f 1736 1781 1780
f 1736 1737 1781
f 1737 1782 1781
f 1737 1738 1782
f 1738 1783 1782
f 1738 1739 1783
f 1739 1784 1783
f 1739 1740 1784
f 1740 1785 1784
f 1740 1741 1785
f 1741 1786 1785
f 1741 1742 1786
f 1742 1787 1786
f 1742 1743 1787
f 1743 1788 1787
f 1743 1744 1788
f 1744 1789 1788
f 1744 1745 1789
f 1745 1790 1789
f 1745 1746 1790
f 1746 1791 1790
f 1746 1747 1791
f 1747 1792 1791
f 1747 1748 1792
f 1748 1793 1792
f 1748 1749 1793
f 1749 1794 1793
f 1749 1750 1794
f 1750 1795 1794
f 1750 1751 1795
f 1751 1796 1795
f 1751 1752 1796
f 1752 1797 1796
f 1752 1753 1797
f 1753 1798 1797
f 1753 1754 1798
f 1754 1799 1798
f 1754 1755 1799
f 1755 1800 1799
f 1755 1756 1800
f 1756 1801 1800
f 1756 1757 1801
f 1757 1802 1801
f 1757 1758 1802
f 1758 1803 1802
f 1758 1759 1803
f 1759 1804 1803
f 1760 1761 1805
f 1761 1806 1805
f 1761 1762 1806
f 1762 1807 1806
f 1762 1763 1807
f 1763 1808 1807
f 1763 1764 1808
f 1764 1809 1808
f 1764 1765 1809
f 1765 1810 1809
f 1765 1766 1810
f 1766 1811 1810
f 1766 1767 1811
f 1767 1812 1811
f 1767 1768 1812
f 1768 1813 1812
f 1768 1769 1813
f 1769 1814 1813
f 1769 1770 1814
f 1770 1815 1814
f 1770 1771 1815
f 1771 1816 1815
f 1771 1772 1816
f 1772 1817 1816
f 1772 1773 1817
f 1773 1818 1817
f 1773 1774 1818
f 1774 1819 1818
f 1774 1775 1819
f 1775 1820 1819
f 1775 1776 1820
f 1776 1821 1820
f 1776 1777 1821
f 1777 1822 1821
f 1777 1778 1822
f 1778 1823 1822
f 1778 1779 1823
f 1779 1824 1823
f 1779 1780 1824
f 1780 1825 1824
f 1780 1781 1825
f 1781 1826 1825
f 1781 1782 1826
f 1782 1827 1826
f 1782 1783 1827
f 1783 1828 1827
f 1783 1784 1828
f 1784 1829 1828
f 1784 1785 1829
f 1785 1830 1829
f 1785 1786 1830
f 1786 1831 1830
f 1786 1787 1831
f 1787 1832 1831
f 1787 1788 1832
f 1788 1833 1832
f 1788 1789 1833
f 1789 1834 1833
f 1789 1790 1834
f 1790 1835 1834
f 1790 1791 1835
f 1791 1836 1835
f 1791 1792 1836
f 1792 1837 1836
f 1792 1793 1837
f 1793 1838 1837
f 1793 1794 1838
f 1794 1839 1838
f 1794 1795 1839
f 1795 1840 1839
f 1795 1796 1840
f 1796 1841 1840
f 1796 1797 1841
f 1797 1842 1841
f 1797 1798 1842
f 1798 1843 1842
f 1798 1799 1843
f 1799 1844 1843
f 1799 1800 1844
f 1800 1845 1844
f 1800 1801 1845
f 1801 1846 1845
f 1801 1802 1846
f 1802 1847 1846
f 1802 1803 1847
f 1803 1848 1847
f 1803 1804 1848
f 1804 1849 1848
f 1805 1806 1850
f 1806 1851 1850
f 1806 1807 1851
f 1807 1852 1851
f 1807 1808 1852
f 1808 1853 1852
f 1808 1809 1853
f 1809 1854 1853
f 1809 1810 1854
f 1810 1855 1854
f 1810 1811 1855
f 1811 1856 1855
f 1811 1812 1856
f 1812 1857 1856
f 1812 1813 1857
f 1813 1858 1857
f 1813 1814 1858
f 1814 1859 1858
f 1814 1815 1859
f 1815 1860 1859
f 1815 1816 1860
f 1816 1861 1860
f 1816 1817 1861
f 1817 1862 1861
f 1817 1818 1862
f 1818 1863 1862
f 1818 1819 1863
f 1819 1864 1863
f 1819 1820 1864
f 1820 1865 1864
f 1820 1821 1865
f 1821 1866 1865
f 1821 1822 1866
f 1822 1867 1866
f 1822 1823 1867
f 1823 1868 1867
f 1823 1824 1868
f 1824 1869 1868
f 1824 1825 1869
f 1825 1870 1869
f 1825 1826 1870
f 1826 1871 1870
f 1826 1827 1871
f 1827 1872 1871
f 1827 1828 1872
f 1828 1873 1872
f 1828 1829 1873
f 1829 1874 1873
f 1829 1830 1874
f 1830 1875 1874
f 1830 1831 1875
f 1831 1876 1875
f 1831 1832 1876
f 1832 1877 1876
f 1832 1833 1877
f 1833 1878 1877
f 1833 1834 1878
f 1834 1879 1878
f 1834 1835 1879
f 1835 1880 1879
f 1835 1836 1880
f 1836 1881 1880
f 1836 1837 1881
f 1837 1882 1881
f 1837 1838 1882
f 1838 1883 1882
f 1838 1839 1883
f 1839 1884 1883
f 1839 1840 1884
f 1840 1885 1884
f 1840 1841 1885
f 1841 1886 1885
f 1841 1842 1886
f 1842 1887 1886
f 1842 1843 1887
f 1843 1888 1887
f 1843 1844 1888
f 1844 1889 1888
f 1844 1845 1889
f 1845 1890 1889
f 1845 1846 1890
f 1846 1891 1890
f 1846 1847 1891
f 1847 1892 1891
f 1847 1848 1892
f 1848 1893 1892
f 1848 1849 1893
f 1849 1894 1893
f 1850 1851 1895
f 1851 1896 1895
f 1851 1852 1896
f 1852 1897 1896
f 1852 1853 1897
f 1853 1898 1897
f 1853 1854 1898
f 1854 1899 1898
f 1854 1855 1899
f 1855 1900 1899
f 1855 1856 1900
f 1856 1901 1900
f 1856 1857 1901
f 1857 1902 1901
f 1857 1858 1902
f 1858 1903 1902
f 1858 1859 1903
f 1859 1904 1903
f 1859 1860 1904
f 1860 1905 1904
f 1860 1861 1905
f 1861 1906 1905
f 1861 1862 1906
f 1862 1907 1906
f 1862 1863 1907
f 1863 1908 1907
f 1863 1864 1908
f 1864 1909 1908
f 1864 1865 1909
f 1865 1910 1909
f 1865 1866 1910
f 1866 1911 1910
f 1866 1867 1911
f 1867 1912 1911
f 1867 1868 1912
f 1868 1913 1912
f 1868 1869 1913
f 1869 1914 1913
f 1869 1870 1914
f 1870 1915 1914
f 1870 1871 1915
f 1871 1916 1915
f 1871 1872 1916
f 1872 1917 1916
f 1872 1873 1917
f 1873 1918 1917
f 1873 1874 1918
f 1874 1919 1918
f 1874 1875 1919
f 1875 1920 1919
f 1875 1876 1920
f 1876 1921 1920
f 1876 1877 1921
f 1877 1922 1921
f 1877 1878 1922
f 1878 1923 1922
f 1878 1879 1923
f 1879 1924 1923
f 1879 1880 1924
f 1880 1925 1924
f 1880 1881 1925
f 1881 1926 1925
f 1881 1882 1926
f 1882 1927 1926
f 1882 1883 1927
f 1883 1928 1927
f 1883 1884 1928
f 1884 1929 1928
f 1884 1885 1929
f 1885 1930 1929
f 1885 1886 1930
f 1886 1931 1930
f 1886 1887 1931
f 1887 1932 1931
f 1887 1888 1932
f 1888 1933 1932
f 1888 1889 1933
f 1889 1934 1933
f 1889 1890 1934
f 1890 1935 1934
f 1890 1891 1935
f 1891 1936 1935
f 1891 1892 1936
f 1892 1937 1936
f 1892 1893 1937
f 1893 1938 1937
f 1893 1894 1938
f 1894 1939 1938
f 1895 1896 1940
f 1896 1941 1940
f 1896 1897 1941
f 1897 1942 1941
f 1897 1898 1942
f 1898 1943 1942
f 1898 1899 1943
f 1899 1944 1943
f 1899 1900 1944
f 1900 1945 1944
f 1900 1901 1945
f 1901 1946 1945
f 1901 1902 1946
f 1902 1947 1946
f 1902 1903 1947
f 1903 1948 1947
f 1903 1904 1948
f 1904 1949 1948
f 1904 1905 1949
f 1905 1950 1949
f 1905 1906 1950
f 1906 1951 1950
f 1906 1907 1951
f 1907 1952 1951
f 1907 1908 1952
f 1908 1953 1952
f 1908 1909 1953
f 1909 1954 1953
f 1909 1910 1954
f 1910 1955 1954
f 1910 1911 1955
f 1911 1956 1955
f 1911 1912 1956
f 1912 1957 1956
f 1912 1913 1957
f 1913 1958 1957
f 1913 1914 1958
f 1914 1959 1958
f 1914 1915 1959
f 1915 1960 1959
f 1915 1916 1960
f 1916 1961 1960
f 1916 1917 1961
f 1917 1962 1961
f 1917 1918 1962
f 1918 1963 1962
f 1918 1919 1963
f 1919 1964 1963
f 1919 1920 1964
f 1920 1965 1964
f 1920 1921 1965
f 1921 1966 1965
f 1921 1922 1966
f 1922 1967 1966
f 1922 1923 1967
f 1923 1968 1967
f 1923 1924 1968
f 1924 1969 1968
f 1924 1925 1969
f 1925 1970 1969
f 1925 1926 1970
f 1926 1971 1970
f 1926 1927 1971
f 1927 1972 1971
f 1927 1928 1972
f 1928 1973 1972
f 1928 1929 1973
f 1929 1974 1973
f 1929 1930 1974
f 1930 1975 1974
f 1930 1931 1975
f 1931 1976 1975
f 1931 1932 1976
f 1932 1977 1976
f 1932 1933 1977
f 1933 1978 1977
f 1933 1934 1978
f 1934 1979 1978
f 1934 1935 1979
f 1935 1980 1979
f 1935 1936 1980
f 1936 1981 1980
f 1936 1937 1981
f 1937 1982 1981
f 1937 1938 1982
f 1938 1983 1982
f 1938 1939 1983
f 1939 1984 1983
f 1940 1941 1985
f 1941 1986 1985
f 1941 1942 1986
f 1942 1987 1986
f 1942 1943 1987
f 1943 1988 1987
f 1943 1944 1988
f 1944 1989 1988
f 1944 1945 1989
f 1945 1990 1989
f 1945 1946 1990
f 1946 1991 1990
f 1946 1947 1991
f 1947 1992 1991
f 1947 1948 1992
f 1948 1993 1992
f 1948 1949 1993
f 1949 1994 1993
f 1949 1950 1994
f 1950 1995 1994
f 1950 1951 1995
f 1951 1996 1995
f 1951 1952 1996
f 1952 1997 1996
f 1952 1953 1997
f 1953 1998 1997
f 1953 1954 1998
f 1954 1999 1998
f 1954 1955 1999
f 1955 2000 1999
f 1955 1956 2000
f 1956 2001 2000
f 1956 1957 2001
f 1957 2002 2001
f 1957 1958 2002
f 1958 2003 2002
f 1958 1959 2003
f 1959 2004 2003
f 1959 1960 2004
f 1960 2005 2004
f 1960 1961 2005
f 1961 2006 2005
f 1961 1962 2006
f 1962 2007 2006
f 1962 1963 2007
f 1963 2008 2007
f 1963 1964 2008
f 1964 2009 2008
f 1964 1965 2009
f 1965 2010 2009
f 1965 1966 2010
f 1966 2011 2010
f 1966 1967 2011
f 1967 2012 2011
f 1967 1968 2012
f 1968 2013 2012
f 1968 1969 2013
f 1969 2014 2013
f 1969 1970 2014
f 1970 2015 2014
f 1970 1971 2015
f 1971 2016 2015
f 1971 1972 2016
f 1972 2017 2016
f 1972 1973 2017
f 1973 2018 2017
f 1973 1974 2018
f 1974 2019 2018
f 1974 1975 2019
f 1975 2020 2019
f 1975 1976 2020
f 1976 2021 2020
f 1976 1977 2021
f 1977 2022 2021
f 1977 1978 2022
f 1978 2023 2022
f 1978 1979 2023
f 1979 2024 2023
f 1979 1980 2024
f 1980 2025 2024
f 1980 1981 2025
f 1981 2026 2025
f 1981 1982 2026
f 1982 2027 2026
f 1982 1983 2027
f 1983 2028 2027
f 1983 1984 2028
f 1984 2029 2028
f 1985 1986 2030
f 1986 2031 2030
f 1986 1987 2031
f 1987 2032 2031
f 1987 1988 2032
f 1988 2033 2032
f 1988 1989 2033
f 1989 2034 2033
f 1989 1990 2034
f 1990 2035 2034
f 1990 1991 2035
f 1991 2036 2035
f 1991 1992 2036
f 1992 2037 2036
f 1992 1993 2037
f 1993 2038 2037
f 1993 1994 2038
f 1994 2039 2038
f 1994 1995 2039
f 1995 2040 2039
f 1995 1996 2040
f 1996 2041 2040
f 1996 1997 2041
f 1997 2042 2041
f 1997 1998 2042
f 1998 2043 2042
f 1998 1999 2043
f 1999 2044 2043
f 1999 2000 2044
f 2000 2045 2044
f 2000 2001 2045
f 2001 2046 2045
f 2001 2002 2046
f 2002 2047 2046
f 2002 2003 2047
f 2003 2048 2047
f 2003 2004 2048
f 2004 2049 2048
f 2004 2005 2049
f 2005 2050 2049
f 2005 2006 2050
f 2006 2051 2050
f 2006 2007 2051
f 2007 2052 2051
f 2007 2008 2052
f 2008 2053 2052
f 2008 2009 2053
f 2009 2054 2053
f 2009 2010 2054
f 2010 2055 2054
f 2010 2011 2055
f 2011 2056 2055
f 2011 2012 2056
f 2012 2057 2056
f 2012 2013 2057
f 2013 2058 2057
f 2013 2014 2058
f 2014 2059 2058
f 2014 2015 2059
f 2015 2060 2059
f 2015 2016 2060
f 2016 2061 2060
f 2016 2017 2061
f 2017 2062 2061
f 2017 2018 2062
f 2018 2063 2062
f 2018 2019 2063
f 2019 2064 2063
f 2019 2020 2064
f 2020 2065 2064
f 2020 2021 2065
f 2021 2066 2065
f 2021 2022 2066
f 2022 2067 2066
f 2022 2023 2067
f 2023 2068 2067
f 2023 2024 2068
f 2024 2069 2068
f 2024 2025 2069
f 2025 2070 2069
f 2025 2026 2070
f 2026 2071 2070
f 2026 2027 2071
f 2027 2072 2071
f 2027 2028 2072
f 2028 2073 2072
f 2028 2029 2073
f 2029 2074 2073
f 2030 2031 2075
f 2031 2076 2075
f 2031 2032 2076
f 2032 2077 2076
f 2032 2033 2077
f 2033 2078 2077
f 2033 2034 2078
f 2034 2079 2078
f 2034 2035 2079
f 2035 2080 2079
f 2035 2036 2080
f 2036 2081 2080
f 2036 2037 2081
f 2037 2082 2081
f 2037 2038 2082
f 2038 2083 2082
f 2038 2039 2083
f 2039 2084 2083
f 2039 2040 2084
f 2040 2085 2084
f 2040 2041 2085
f 2041 2086 2085
f 2041 2042 2086
f 2042 2087 2086
f 2042 2043 2087
f 2043 2088 2087
f 2043 2044 2088
f 2044 2089 2088
f 2044 2045 2089
f 2045 2090 2089
f 2045 2046 2090
f 2046 2091 2090
f 2046 2047 2091
f 2047 2092 2091
f 2047 2048 2092
f 2048 2093 2092
f 2048 2049 2093
f 2049 2094 2093
f 2049 2050 2094
f 2050 2095 2094
f 2050 2051 2095
f 2051 2096 2095
f 2051 2052 2096
f 2052 2097 2096
f 2052 2053 2097
f 2053 2098 2097
f 2053 2054 2098
f 2054 2099 2098
f 2054 2055 2099
f 2055 2100 2099
f 2055 2056 2100
f 2056 2101 2100
f 2056 2057 2101
f 2057 2102 2101
f 2057 2058 2102
f 2058 2103 2102
f 2058 2059 2103
f 2059 2104 2103
f 2059 2060 2104
f 2060 2105 2104
f 2060 2061 2105
f 2061 2106 2105
f 2061 2062 2106
f 2062 2107 2106
f 2062 2063 2107
f 2063 2108 2107
f 2063 2064 2108
f 2064 2109 2108
f 2064 2065 2109
f 2065 2110 2109
f 2065 2066 2110
f 2066 2111 2110
f 2066 2067 2111
f 2067 2112 2111
f 2067 2068 2112
f 2068 2113 2112
f 2068 2069 2113
f 2069 2114 2113
f 2069 2070 2114
f 2070 2115 2114
f 2070 2071 2115
f 2071 2116 2115
f 2071 2072 2116
f 2072 2117 2116
f 2072 2073 2117
f 2073 2118 2117
f 2073 2074 2118
f 2074 2119 2118
g helium_cells
usemtl helium
f 2121 2152 2153
f 2122 2153 2154
f 2123 2154 2155
f 2124 2155 2156
f 2125 2156 2157
f 2126 2157 2158
f 2127 2158 2159
f 2128 2159 2160
f 2129 2160 2161
f 2130 2161 2162
f 2131 2162 2163
f 2132 2163 2164
f 2133 2164 2165
f 2134 2165 2166
f 2135 2166 2167
f 2136 2167 2168
f 2137 2168 2169
f 2138 2169 2170
f 2139 2170 2171
f 2140 2171 2172
f 2141 2172 2173
f 2142 2173 2174
f 2143 2174 2175
f 2144 2175 2176
f 2145 2176 2177
f 2146 2177 2178
f 2147 2178 2179
f 2148 2179 2180
f 2149 2180 2181
f 2150 2181 2182
f 2151 2182 2183
f 2120 2183 2152
f 2152 2184 2153
f 2153 2184 2185
f 2153 2185 2154
f 2154 2185 2186
f 2154 2186 2155
f 2155 2186 2187
f 2155 2187 2156
f 2156 2187 2188
f 2156 2188 2157
f 2157 2188 2189
f 2157 2189 2158
f 2158 2189 2190
f 2158 2190 2159
f 2159 2190 2191
f 2159 2191 2160
f 2160 2191 2192
f 2160 2192 2161
f 2161 2192 2193
f 2161 2193 2162
f 2162 2193 2194
f 2162 2194 2163
f 2163 2194 2195
f 2163 2195 2164
f 2164 2195 2196
f 2164 2196 2165
f 2165 2196 2197
f 2165 2197 2166
f 2166 2197 2198
f 2166 2198 2167
f 2167 2198 2199
f 2167 2199 2168
f 2168 2199 2200
f 2168 2200 2169
f 2169 2200 2201
f 2169 2201 2170
f 2170 2201 2202
f 2170 2202 2171
f 2171 2202 2203
f 2171 2203 2172
f 2172 2203 2204
f 2172 2204 2173
f 2173 2204 2205
f 2173 2205 2174
f 2174 2205 2206
f 2174 2206 2175
f 2175 2206 2207
f 2175 2207 2176
f 2176 2207 2208
f 2176 2208 2177
f 2177 2208 2209
f 2177 2209 2178
f 2178 2209 2210
f 2178 2210 2179
f 2179 2210 2211
f 2179 2211 2180
f 2180 2211 2212
f 2180 2212 2181
f 2181 2212 2213
f 2181 2213 2182
f 2182 2213 2214
f 2182 2214 2183
f 2183 2214 2215
f 2183 2215 2152
f 2152 2215 2184
f 2184 2216 2185
f 2185 2216 2217
f 2185 2217 2186
f 2186 2217 2218
f 2186 2218 2187
f 2187 2218 2219
f 2187 2219 2188
f 2188 2219 2220
f 2188 2220 2189
f 2189 2220 2221
f 2189 2221 2190
f 2190 2221 2222
f 2190 2222 2191
f 2191 2222 2223
f 2191 2223 2192
f 2192 2223 2224
f 2192 2224 2193
f 2193 2224 2225
f 2193 2225 2194
f 2194 2225 2226
f 2194 2226 2195
f 2195 2226 2227
f 2195 2227 2196
f 2196 2227 2228
f 2196 2228 2197
f 2197 2228 2229
f 2197 2229 2198
f 2198 2229 2230
f 2198 2230 2199
f 2199 2230 2231
f 2199 2231 2200
f 2200 2231 2232
f 2200 2232 2201
f 2201 2232 2233
f 2201 2233 2202
f 2202 2233 2234
f 2202 2234 2203
f 2203 2234 2235
f 2203 2235 2204
f 2204 2235 2236
f 2204 2236 2205
f 2205 2236 2237
f 2205 2237 2206
f 2206 2237 2238
f 2206 2238 2207
f 2207 2238 2239
f 2207 2239 2208
f 2208 2239 2240
f 2208 2240 2209
f 2209 2240 2241
f 2209 2241 2210
f 2210 2241 2242
f 2210 2242 2211
f 2211 2242 2243
f 2211 2243 2212
f 2212 2243 2244
f 2212 2244 2213
f 2213 2244 2245
f 2213 2245 2214
f 2214 2245 2246
f 2214 2246 2215
f 2215 2246 2247
f 2215 2247 2184
f 2184 2247 2216
f 2216 2248 2217
f 2217 2248 2249
f 2217 2249 2218
f 2218 2249 2250
f 2218 2250 2219
f 2219 2250 2251
f 2219 2251 2220
f 2220 2251 2252
f 2220 2252 2221
f 2221 2252 2253
f 2221 2253 2222
f 2222 2253 2254
f 2222 2254 2223
f 2223 2254 2255
f 2223 2255 2224
f 2224 2255 2256
f 2224 2256 2225
f 2225 2256 2257
f 2225 2257 2226
f 2226 2257 2258
f 2226 2258 2227
f 2227 2258 2259
f 2227 2259 2228
f 2228 2259 2260
f 2228 2260 2229
f 2229 2260 2261
f 2229 2261 2230
f 2230 2261 2262
f 2230 2262 2231
f 2231 2262 2263
f 2231 2263 2232
f 2232 2263 2264
f 2232 2264 2233
f 2233 2264 2265
f 2233 2265 2234
f 2234 2265 2266
f 2234 2266 2235
f 2235 2266 2267
f 2235 2267 2236
f 2236 2267 2268
f 2236 2268 2237
f 2237 2268 2269
f 2237 2269 2238
f 2238 2269 2270
f 2238 2270 2239
f 2239 2270 2271
f 2239 2271 2240
f 2240 2271 2272
f 2240 2272 2241
f 2241 2272 2273
f 2241 2273 2242
f 2242 2273 2274
f 2242 2274 2243
f 2243 2274 2275
f 2243 2275 2244
f 2244 2275 2276
f 2244 2276 2245
f 2245 2276 2277
f 2245 2277 2246
f 2246 2277 2278
f 2246 2278 2247
f 2247 2278 2279
f 2247 2279 2216
f 2216 2279 2248
f 2248 2280 2249
f 2249 2280 2281
f 2249 2281 2250
f 2250 2281 2282
f 2250 2282 2251
f 2251 2282 2283
f 2251 2283 2252
f 2252 2283 2284
f 2252 2284 2253
f 2253 2284 2285
f 2253 2285 2254
f 2254 2285 2286
f 2254 2286 2255
f 2255 2286 2287
f 2255 2287 2256
f 2256 2287 2288
f 2256 2288 2257
f 2257 2288 2289
f 2257 2289 2258
f 2258 2289 2290
f 2258 2290 2259
f 2259 2290 2291
f 2259 2291 2260
f 2260 2291 2292
f 2260 2292 2261
f 2261 2292 2293
f 2261 2293 2262
f 2262 2293 2294
f 2262 2294 2263
f 2263 2294 2295
f 2263 2295 2264
f 2264 2295 2296
f 2264 2296 2265
f 2265 2296 2297
f 2265 2297 2266
f 2266 2297 2298
f 2266 2298 2267
f 2267 2298 2299
f 2267 2299 2268
f 2268 2299 2300
f 2268 2300 2269
f 2269 2300 2301
f 2269 2301 2270
f 2270 2301 2302
f 2270 2302 2271
f 2271 2302 2303
f 2271 2303 2272
f 2272 2303 2304
f 2272 2304 2273
f 2273 2304 2305
f 2273 2305 2274
f 2274 2305 2306
f 2274 2306 2275
f 2275 2306 2307
f 2275 2307 2276
f 2276 2307 2308
f 2276 2308 2277
f 2277 2308 2309
f 2277 2309 2278
f 2278 2309 2310
f 2278 2310 2279
f 2279 2310 2311
f 2279 2311 2248
f 2248 2311 2280
f 2280 2312 2281
f 2281 2312 2313
f 2281 2313 2282
f 2282 2313 2314
f 2282 2314 2283
f 2283 2314 2315
f 2283 2315 2284
f 2284 2315 2316
f 2284 2316 2285
f 2285 2316 2317
f 2285 2317 2286
f 2286 2317 2318
f 2286 2318 2287
f 2287 2318 2319
f 2287 2319 2288
f 2288 2319 2320
f 2288 2320 2289
f 2289 2320 2321
f 2289 2321 2290
f 2290 2321 2322
f 2290 2322 2291
f 2291 2322 2323
f 2291 2323 2292
f 2292 2323 2324
f 2292 2324 2293
f 2293 2324 2325
f 2293 2325 2294
f 2294 2325 2326
f 2294 2326 2295
f 2295 2326 2327
f 2295 2327 2296
f 2296 2327 2328
f 2296 2328 2297
f 2297 2328 2329
f 2297 2329 2298
f 2298 2329 2330
f 2298 2330 2299
f 2299 2330 2331
f 2299 2331 2300
f 2300 2331 2332
f 2300 2332 2301
f 2301 2332 2333
f 2301 2333 2302
f 2302 2333 2334
f 2302 2334 2303
f 2303 2334 2335
f 2303 2335 2304
f 2304 2335 2336
f 2304 2336 2305
f 2305 2336 2337
f 2305 2337 2306
f 2306 2337 2338
f 2306 2338 2307
f 2307 2338 2339
f 2307 2339 2308
f 2308 2339 2340
f 2308 2340 2309
f 2309 2340 2341
f 2309 2341 2310
f 2310 2341 2342
f 2310 2342 2311
f 2311 2342 2343
f 2311 2343 2280
f 2280 2343 2312
f 2312 2344 2313
f 2313 2344 2345
f 2313 2345 2314
f 2314 2345 2346
f 2314 2346 2315
f 2315 2346 2347
f 2315 2347 2316
f 2316 2347 2348
f 2316 2348 2317
f 2317 2348 2349
f 2317 2349 2318
f 2318 2349 2350
f 2318 2350 2319
f 2319 2350 2351
f 2319 2351 2320
f 2320 2351 2352
f 2320 2352 2321
f 2321 2352 2353
f 2321 2353 2322
f 2322 2353 2354
f 2322 2354 2323
f 2323 2354 2355
f 2323 2355 2324
f 2324 2355 2356
f 2324 2356 2325
f 2325 2356 2357
f 2325 2357 2326
f 2326 2357 2358
f 2326 2358 2327
f 2327 2358 2359
f 2327 2359 2328
f 2328 2359 2360
f 2328 2360 2329
f 2329 2360 2361
f 2329 2361 2330
f 2330 2361 2362
f 2330 2362 2331
f 2331 2362 2363
f 2331 2363 2332
f 2332 2363 2364
f 2332 2364 2333
f 2333 2364 2365
f 2333 2365 2334
f 2334 2365 2366
f 2334 2366 2335
f 2335 2366 2367
f 2335 2367 2336
f 2336 2367 2368
f 2336 2368 2337
f 2337 2368 2369
f 2337 2369 2338
f 2338 2369 2370
f 2338 2370 2339
f 2339 2370 2371
f 2339 2371 2340
f 2340 2371 2372
f 2340 2372 2341
f 2341 2372 2373
f 2341 2373 2342
f 2342 2373 2374
f 2342 2374 2343
f 2343 2374 2375
f 2343 2375 2312
f 2312 2375 2344
f 2344 2376 2345
f 2345 2376 2377
f 2345 2377 2346
f 2346 2377 2378
f 2346 2378 2347
f 2347 2378 2379
f 2347 2379 2348
f 2348 2379 2380
f 2348 2380 2349
f 2349 2380 2381
f 2349 2381 2350
f 2350 2381 2382
f 2350 2382 2351
f 2351 2382 2383
f 2351 2383 2352
f 2352 2383 2384
f 2352 2384 2353
f 2353 2384 2385
f 2353 2385 2354
f 2354 2385 2386
f 2354 2386 2355
f 2355 2386 2387
f 2355 2387 2356
f 2356 2387 2388
f 2356 2388 2357
f 2357 2388 2389
f 2357 2389 2358
f 2358 2389 2390
f 2358 2390 2359
f 2359 2390 2391
f 2359 2391 2360
f 2360 2391 2392
f 2360 2392 2361
f 2361 2392 2393
f 2361 2393 2362
f 2362 2393 2394
f 2362 2394 2363
f 2363 2394 2395
f 2363 2395 2364
f 2364 2395 2396
f 2364 2396 2365
f 2365 2396 2397
f 2365 2397 2366
f 2366 2397 2398
f 2366 2398 2367
f 2367 2398 2399
f 2367 2399 2368
f 2368 2399 2400
f 2368 2400 2369
f 2369 2400 2401
f 2369 2401 2370
f 2370 2401 2402
f 2370 2402 2371
f 2371 2402 2403
f 2371 2403 2372
f 2372 2403 2404
f 2372 2404 2373
f 2373 2404 2405
f 2373 2405 2374
f 2374 2405 2406
f 2374 2406 2375
f 2375 2406 2407
f 2375 2407 2344
f 2344 2407 2376
f 2376 2408 2377
f 2377 2408 2409
f 2377 2409 2378
f 2378 2409 2410
f 2378 2410 2379
f 2379 2410 2411
f 2379 2411 2380
f 2380 2411 2412
f 2380 2412 2381
f 2381 2412 2413
f 2381 2413 2382
f 2382 2413 2414
f 2382 2414 2383
f 2383 2414 2415
f 2383 2415 2384
f 2384 2415 2416
f 2384 2416 2385
f 2385 2416 2417
f 2385 2417 2386
f 2386 2417 2418
f 2386 2418 2387
f 2387 2418 2419
f 2387 2419 2388
f 2388 2419 2420
f 2388 2420 2389
f 2389 2420 2421
f 2389 2421 2390
f 2390 2421 2422
f 2390 2422 2391
f 2391 2422 2423
f 2391 2423 2392
f 2392 2423 2424
f 2392 2424 2393
f 2393 2424 2425
f 2393 2425 2394
f 2394 2425 2426
f 2394 2426 2395
f 2395 2426 2427
f 2395 2427 2396
f 2396 2427 2428
f 2396 2428 2397
f 2397 2428 2429
f 2397 2429 2398
f 2398 2429 2430
f 2398 2430 2399
f 2399 2430 2431
f 2399 2431 2400
f 2400 2431 2432
f 2400 2432 2401
f 2401 2432 2433
f 2401 2433 2402
f 2402 2433 2434
f 2402 2434 2403
f 2403 2434 2435
f 2403 2435 2404
f 2404 2435 2436
f 2404 2436 2405
f 2405 2436 2437
f 2405 2437 2406
f 2406 2437 2438
f 2406 2438 2407
f 2407 2438 2439
f 2407 2439 2376
f 2376 2439 2408
f 2408 2440 2409
f 2409 2440 2441
f 2409 2441 2410
f 2410 2441 2442
f 2410 2442 2411
f 2411 2442 2443
f 2411 2443 2412
f 2412 2443 2444
f 2412 2444 2413
f 2413 2444 2445
f 2413 2445 2414
f 2414 2445 2446
f 2414 2446 2415
f 2415 2446 2447
f 2415 2447 2416
f 2416 2447 2448
f 2416 2448 2417
f 2417 2448 2449
f 2417 2449 2418
f 2418 2449 2450
f 2418 2450 2419
f 2419 2450 2451
f 2419 2451 2420
f 2420 2451 2452
f 2420 2452 2421
f 2421 2452 2453
f 2421 2453 2422
f 2422 2453 2454
f 2422 2454 2423
f 2423 2454 2455
f 2423 2455 2424
f 2424 2455 2456
f 2424 2456 2425
f 2425 2456 2457
f 2425 2457 2426
f 2426 2457 2458
f 2426 2458 2427
f 2427 2458 2459
f 2427 2459 2428
f 2428 2459 2460
f 2428 2460 2429
f 2429 2460 2461
f 2429 2461 2430
f 2430 2461 2462
f 2430 2462 2431
f 2431 2462 2463
f 2431 2463 2432
f 2432 2463 2464
f 2432 2464 2433
f 2433 2464 2465
f 2433 2465 2434
f 2434 2465 2466
f 2434 2466 2435
f 2435 2466 2467
f 2435 2467 2436
f 2436 2467 2468
f 2436 2468 2437
f 2437 2468 2469
f 2437 2469 2438
f 2438 2469 2470
f 2438 2470 2439
f 2439 2470 2471
f 2439 2471 2408
f 2408 2471 2440
f 2440 2472 2441
f 2441 2472 2473
f 2441 2473 2442
f 2442 2473 2474
f 2442 2474 2443
f 2443 2474 2475
f 2443 2475 2444
f 2444 2475 2476
f 2444 2476 2445
f 2445 2476 2477
f 2445 2477 2446
f 2446 2477 2478
f 2446 2478 2447
f 2447 2478 2479
f 2447 2479 2448
f 2448 2479 2480
f 2448 2480 2449
f 2449 2480 2481
f 2449 2481 2450
f 2450 2481 2482
f 2450 2482 2451
f 2451 2482 2483
f 2451 2483 2452
f 2452 2483 2484
f 2452 2484 2453
f 2453 2484 2485
f 2453 2485 2454
f 2454 2485 2486
f 2454 2486 2455
f 2455 2486 2487
f 2455 2487 2456
f 2456 2487 2488
f 2456 2488 2457
f 2457 2488 2489
f 2457 2489 2458
f 2458 2489 2490
f 2458 2490 2459
f 2459 2490 2491
f 2459 2491 2460
f 2460 2491 2492
f 2460 2492 2461
f 2461 2492 2493
f 2461 2493 2462
f 2462 2493 2494
f 2462 2494 2463
f 2463 2494 2495
f 2463 2495 2464
f 2464 2495 2496
f 2464 2496 2465
f 2465 2496 2497
f 2465 2497 2466
f 2466 2497 2498
f 2466 2498 2467
f 2467 2498 2499
f 2467 2499 2468
f 2468 2499 2500
f 2468 2500 2469
f 2469 2500 2501
f 2469 2501 2470
f 2470 2501 2502
f 2470 2502 2471
f 2471 2502 2503
f 2471 2503 2440
f 2440 2503 2472
f 2472 2504 2473
f 2473 2504 2505
f 2473 2505 2474
f 2474 2505 2506
f 2474 2506 2475
f 2475 2506 2507
f 2475 2507 2476
f 2476 2507 2508
f 2476 2508 2477
f 2477 2508 2509
f 2477 2509 2478
f 2478 2509 2510
f 2478 2510 2479
f 2479 2510 2511
f 2479 2511 2480
f 2480 2511 2512
f 2480 2512 2481
f 2481 2512 2513
f 2481 2513 2482
f 2482 2513 2514
f 2482 2514 2483
f 2483 2514 2515
f 2483 2515 2484
f 2484 2515 2516
f 2484 2516 2485
f 2485 2516 2517
f 2485 2517 2486
f 2486 2517 2518
f 2486 2518 2487
f 2487 2518 2519
f 2487 2519 2488
f 2488 2519 2520
f 2488 2520 2489
f 2489 2520 2521
f 2489 2521 2490
f 2490 2521 2522
f 2490 2522 2491
f 2491 2522 2523
f 2491 2523 2492
f 2492 2523 2524
f 2492 2524 2493
f 2493 2524 2525
f 2493 2525 2494
f 2494 2525 2526
f 2494 2526 2495
f 2495 2526 2527
f 2495 2527 2496
f 2496 2527 2528
f 2496 2528 2497
f 2497 2528 2529
f 2497 2529 2498
f 2498 2529 2530
f 2498 2530 2499
f 2499 2530 2531
f 2499 2531 2500
f 2500 2531 2532
f 2500 2532 2501
f 2501 2532 2533
f 2501 2533 2502
f 2502 2533 2534
f 2502 2534 2503
f 2503 2534 2535
f 2503 2535 2472
f 2472 2535 2504
f 2504 2536 2505
f 2505 2536 2537
f 2505 2537 2506
f 2506 2537 2538
f 2506 2538 2507
f 2507 2538 2539
f 2507 2539 2508
f 2508 2539 2540
f 2508 2540 2509
f 2509 2540 2541
f 2509 2541 2510
f 2510 2541 2542
f 2510 2542 2511
f 2511 2542 2543
f 2511 2543 2512
f 2512 2543 2544
f 2512 2544 2513
f 2513 2544 2545
f 2513 2545 2514
f 2514 2545 2546
f 2514 2546 2515
f 2515 2546 2547
f 2515 2547 2516
f 2516 2547 2548
f 2516 2548 2517
f 2517 2548 2549
f 2517 2549 2518
f 2518 2549 2550
f 2518 2550 2519
f 2519 2550 2551
f 2519 2551 2520
f 2520 2551 2552
f 2520 2552 2521
f 2521 2552 2553
f 2521 2553 2522
f 2522 2553 2554
f 2522 2554 2523
f 2523 2554 2555
f 2523 2555 2524
f 2524 2555 2556
f 2524 2556 2525
f 2525 2556 2557
f 2525 2557 2526
f 2526 2557 2558
f 2526 2558 2527
f 2527 2558 2559
f 2527 2559 2528
f 2528 2559 2560
f 2528 2560 2529
f 2529 2560 2561
f 2529 2561 2530
f 2530 2561 2562
f 2530 2562 2531
f 2531 2562 2563
f 2531 2563 2532
f 2532 2563 2564
f 2532 2564 2533
f 2533 2564 2565
f 2533 2565 2534
f 2534 2565 2566
f 2534 2566 2535
f 2535 2566 2567
f 2535 2567 2504
f 2504 2567 2536
f 2536 2568 2537
f 2537 2568 2569
f 2537 2569 2538
f 2538 2569 2570
f 2538 2570 2539
f 2539 2570 2571
f 2539 2571 2540
f 2540 2571 2572
f 2540 2572 2541
f 2541 2572 2573
f 2541 2573 2542
f 2542 2573 2574
f 2542 2574 2543
f 2543 2574 2575
f 2543 2575 2544
f 2544 2575 2576
f 2544 2576 2545
f 2545 2576 2577
f 2545 2577 2546
f 2546 2577 2578
f 2546 2578 2547
f 2547 2578 2579
f 2547 2579 2548
f 2548 2579 2580
f 2548 2580 2549
f 2549 2580 2581
f 2549 2581 2550
f 2550 2581 2582
f 2550 2582 2551
f 2551 2582 2583
f 2551 2583 2552
f 2552 2583 2584
f 2552 2584 2553
f 2553 2584 2585
f 2553 2585 2554
f 2554 2585 2586
f 2554 2586 2555
f 2555 2586 2587
f 2555 2587 2556
f 2556 2587 2588
f 2556 2588 2557
f 2557 2588 2589
f 2557 2589 2558
f 2558 2589 2590
f 2558 2590 2559
f 2559 2590 2591
f 2559 2591 2560
f 2560 2591 2592
f 2560 2592 2561
f 2561 2592 2593
f 2561 2593 2562
f 2562 2593 2594
f 2562 2594 2563
f 2563 2594 2595
f 2563 2595 2564
f 2564 2595 2596
f 2564 2596 2565
f 2565 2596 2597
f 2565 2597 2566
f 2566 2597 2598
f 2566 2598 2567
f 2567 2598 2599
f 2567 2599 2536
f 2536 2599 2568
f 2568 2600 2569
f 2569 2600 2601
f 2569 2601 2570
f 2570 2601 2602
f 2570 2602 2571
f 2571 2602 2603
f 2571 2603 2572
f 2572 2603 2604
f 2572 2604 2573
f 2573 2604 2605
f 2573 2605 2574
f 2574 2605 2606
f 2574 2606 2575
f 2575 2606 2607
f 2575 2607 2576
f 2576 2607 2608
f 2576 2608 2577
f 2577 2608 2609
f 2577 2609 2578
f 2578 2609 2610
f 2578 2610 2579
f 2579 2610 2611
f 2579 2611 2580
f 2580 2611 2612
f 2580 2612 2581
f 2581 2612 2613
f 2581 2613 2582
f 2582 2613 2614
f 2582 2614 2583
f 2583 2614 2615
f 2583 2615 2584
f 2584 2615 2616
f 2584 2616 2585
f 2585 2616 2617
f 2585 2617 2586
f 2586 2617 2618
f 2586 2618 2587
f 2587 2618 2619
f 2587 2619 2588
f 2588 2619 2620
f 2588 2620 2589
f 2589 2620 2621
f 2589 2621 2590
f 2590 2621 2622
f 2590 2622 2591
f 2591 2622 2623
f 2591 2623 2592
f 2592 2623 2624
f 2592 2624 2593
f 2593 2624 2625
f 2593 2625 2594
f 2594 2625 2626
f 2594 2626 2595
f 2595 2626 2627
f 2595 2627 2596
f 2596 2627 2628
f 2596 2628 2597
f 2597 2628 2629
f 2597 2629 2598
f 2598 2629 2630
f 2598 2630 2599
f 2599 2630 2631
f 2599 2631 2568
f 2568 2631 2600
f 2600 2632 2601
f 2601 2633 2602
f 2602 2634 2603
f 2603 2635 2604
f 2604 2636 2605
f 2605 2637 2606
f 2606 2638 2607
f 2607 2639 2608
f 2608 2640 2609
f 2609 2641 2610
f 2610 2642 2611
f 2611 2643 2612
f 2612 2644 2613
f 2613 2645 2614
f 2614 2646 2615
f 2615 2647 2616
f 2616 2648 2617
f 2617 2649 2618
f 2618 2650 2619
f 2619 2651 2620
f 2620 2652 2621
f 2621 2653 2622
f 2622 2654 2623
f 2623 2655 2624
f 2624 2656 2625
f 2625 2657 2626
f 2626 2658 2627
f 2627 2659 2628
f 2628 2660 2629
f 2629 2661 2630
f 2630 2662 2631
f 2631 2663 2600
f 2665 2696 2697
f 2666 2697 2698
f 2667 2698 2699
f 2668 2699 2700
f 2669 2700 2701
f 2670 2701 2702
f 2671 2702 2703
f 2672 2703 2704
f 2673 2704 2705
f 2674 2705 2706
f 2675 2706 2707
f 2676 2707 2708
f 2677 2708 2709
f 2678 2709 2710
f 2679 2710 2711
f 2680 2711 2712
f 2681 2712 2713
f 2682 2713 2714
f 2683 2714 2715
f 2684 2715 2716
f 2685 2716 2717
f 2686 2717 2718
f 2687 2718 2719
f 2688 2719 2720
f 2689 2720 2721
f 2690 2721 2722
f 2691 2722 2723
f 2692 2723 2724
f 2693 2724 2725
f 2694 2725 2726
f 2695 2726 2727
f 2664 2727 2696
f 2696 2728 2697
f 2697 2728 2729
f 2697 2729 2698
f 2698 2729 2730
f 2698 2730 2699
f 2699 2730 2731
f 2699 2731 2700
f 2700 2731 2732
f 2700 2732 2701
f 2701 2732 2733
f 2701 2733 2702
f 2702 2733 2734
f 2702 2734 2703
f 2703 2734 2735
f 2703 2735 2704
f 2704 2735 2736
f 2704 2736 2705
f 2705 2736 2737
f 2705 2737 2706
f 2706 2737 2738
f 2706 2738 2707
f 2707 2738 2739
f 2707 2739 2708
f 2708 2739 2740
f 2708 2740 2709
f 2709 2740 2741
f 2709 2741 2710
f 2710 2741 2742
f 2710 2742 2711
f 2711 2742 2743
f 2711 2743 2712
f 2712 2743 2744
f 2712 2744 2713
f 2713 2744 2745
f 2713 2745 2714
f 2714 2745 2746
f 2714 2746 2715
f 2715 2746 2747
f 2715 2747 2716
f 2716 2747 2748
f 2716 2748 2717
f 2717 2748 2749
f 2717 2749 2718
f 2718 2749 2750
f 2718 2750 2719
f 2719 2750 2751
f 2719 2751 2720
f 2720 2751 2752
f 2720 2752 2721
f 2721 2752 2753
f 2721 2753 2722
f 2722 2753 2754
f 2722 2754 2723
f 2723 2754 2755
f 2723 2755 2724
f 2724 2755 2756
f 2724 2756 2725
f 2725 2756 2757
f 2725 2757 2726
f 2726 2757 2758
f 2726 2758 2727
f 2727 2758 2759
f 2727 2759 2696
f 2696 2759 2728
f 2728 2760 2729
f 2729 2760 2761
f 2729 2761 2730
f 2730 2761 2762
f 2730 2762 2731
f 2731 2762 2763
f 2731 2763 2732
f 2732 2763 2764
f 2732 2764 2733
f 2733 2764 2765
f 2733 2765 2734
f 2734 2765 2766
f 2734 2766 2735
f 2735 2766 2767
f 2735 2767 2736
f 2736 2767 2768
f 2736 2768 2737
f 2737 2768 2769
f 2737 2769 2738
f 2738 2769 2770
f 2738 2770 2739
f 2739 2770 2771
f 2739 2771 2740
f 2740 2771 2772
f 2740 2772 2741
f 2741 2772 2773
f 2741 2773 2742
f 2742 2773 2774
f 2742 2774 2743
f 2743 2774 2775
f 2743 2775 2744
f 2744 2775 2776
f 2744 2776 2745
f 2745 2776 2777
f 2745 2777 2746
f 2746 2777 2778
f 2746 2778 2747
f 2747 2778 2779
f 2747 2779 2748
f 2748 2779 2780
f 2748 2780 2749
f 2749 2780 2781
f 2749 2781 2750
f 2750 2781 2782
f 2750 2782 2751
f 2751 2782 2783
f 2751 2783 2752
f 2752 2783 2784
f 2752 2784 2753
f 2753 2784 2785
f 2753 2785 2754
f 2754 2785 2786
f 2754 2786 2755
f 2755 2786 2787
f 2755 2787 2756
f 2756 2787 2788
f 2756 2788 2757
f 2757 2788 2789
f 2757 2789 2758
f 2758 2789 2790
f 2758 2790 2759
f 2759 2790 2791
f 2759 2791 2728
f 2728 2791 2760
f 2760 2792 2761
f 2761 2792 2793
f 2761 2793 2762
f 2762 2793 2794
f 2762 2794 2763
f 2763 2794 2795
f 2763 2795 2764
f 2764 2795 2796
f 2764 2796 2765
f 2765 2796 2797
f 2765 2797 2766
f 2766 2797 2798
f 2766 2798 2767
f 2767 2798 2799
f 2767 2799 2768
f 2768 2799 2800
f 2768 2800 2769
f 2769 2800 2801
f 2769 2801 2770
f 2770 2801 2802
f 2770 2802 2771
f 2771 2802 2803
f 2771 2803 2772
f 2772 2803 2804
f 2772 2804 2773
f 2773 2804 2805
f 2773 2805 2774
f 2774 2805 2806
f 2774 2806 2775
f 2775 2806 2807
f 2775 2807 2776
f 2776 2807 2808
f 2776 2808 2777
f 2777 2808 2809
f 2777 2809 2778
f 2778 2809 2810
f 2778 2810 2779
f 2779 2810 2811
f 2779 2811 2780
f 2780 2811 2812
f 2780 2812 2781
f 2781 2812 2813
f 2781 2813 2782
f 2782 2813 2814
f 2782 2814 2783
f 2783 2814 2815
f 2783 2815 2784
f 2784 2815 2816
f 2784 2816 2785
f 2785 2816 2817
f 2785 2817 2786
f 2786 2817 2818
f 2786 2818 2787
f 2787 2818 2819
f 2787 2819 2788
f 2788 2819 2820
f 2788 2820 2789
f 2789 2820 2821
f 2789 2821 2790
f 2790 2821 2822
f 2790 2822 2791
f 2791 2822 2823
f 2791 2823 2760
f 2760 2823 2792
f 2792 2824 2793
f 2793 2824 2825
f 2793 2825 2794
f 2794 2825 2826
f 2794 2826 2795
f 2795 2826 2827
f 2795 2827 2796
f 2796 2827 2828
f 2796 2828 2797
f 2797 2828 2829
f 2797 2829 2798
f 2798 2829 2830
f 2798 2830 2799
f 2799 2830 2831
f 2799 2831 2800
f 2800 2831 2832
f 2800 2832 2801
f 2801 2832 2833
f 2801 2833 2802
f 2802 2833 2834
f 2802 2834 2803
f 2803 2834 2835
f 2803 2835 2804
f 2804 2835 2836
f 2804 2836 2805
f 2805 2836 2837
f 2805 2837 2806
f 2806 2837 2838
f 2806 2838 2807
f 2807 2838 2839
f 2807 2839 2808
f 2808 2839 2840
f 2808 2840 2809
f 2809 2840 2841
f 2809 2841 2810
f 2810 2841 2842
f 2810 2842 2811
f 2811 2842 2843
f 2811 2843 2812
f 2812 2843 2844
f 2812 2844 2813
f 2813 2844 2845
f 2813 2845 2814
f 2814 2845 2846
f 2814 2846 2815
f 2815 2846 2847
f 2815 2847 2816
f 2816 2847 2848
f 2816 2848 2817
f 2817 2848 2849
f 2817 2849 2818
f 2818 2849 2850
f 2818 2850 2819
f 2819 2850 2851
f 2819 2851 2820
f 2820 2851 2852
f 2820 2852 2821
f 2821 2852 2853
f 2821 2853 2822
f 2822 2853 2854
f 2822 2854 2823
f 2823 2854 2855
f 2823 2855 2792
f 2792 2855 2824
f 2824 2856 2825
f 2825 2856 2857
f 2825 2857 2826
f 2826 2857 2858
f 2826 2858 2827
f 2827 2858 2859
f 2827 2859 2828
f 2828 2859 2860
f 2828 2860 2829
f 2829 2860 2861
f 2829 2861 2830
f 2830 2861 2862
f 2830 2862 2831
f 2831 2862 2863
f 2831 2863 2832
f 2832 2863 2864
f 2832 2864 2833
f 2833 2864 2865
f 2833 2865 2834
f 2834 2865 2866
f 2834 2866 2835
f 2835 2866 2867
f 2835 2867 2836
f 2836 2867 2868
f 2836 2868 2837
f 2837 2868 2869
f 2837 2869 2838
f 2838 2869 2870
f 2838 2870 2839
f 2839 2870 2871
f 2839 2871 2840
f 2840 2871 2872
f 2840 2872 2841
f 2841 2872 2873
f 2841 2873 2842
f 2842 2873 2874
f 2842 2874 2843
f 2843 2874 2875
f 2843 2875 2844
f 2844 2875 2876
f 2844 2876 2845
f 2845 2876 2877
f 2845 2877 2846
f 2846 2877 2878
f 2846 2878 2847
f 2847 2878 2879
f 2847 2879 2848
f 2848 2879 2880
f 2848 2880 2849
f 2849 2880 2881
f 2849 2881 2850
f 2850 2881 2882
f 2850 2882 2851
f 2851 2882 2883
f 2851 2883 2852
f 2852 2883 2884
f 2852 2884 2853
f 2853 2884 2885
f 2853 2885 2854
f 2854 2885 2886
f 2854 2886 2855
f 2855 2886 2887
f 2855 2887 2824
f 2824 2887 2856
f 2856 2888 2857
f 2857 2888 2889
f 2857 2889 2858
f 2858 2889 2890
f 2858 2890 2859
f 2859 2890 2891
f 2859 2891 2860
f 2860 2891 2892
f 2860 2892 2861
f 2861 2892 2893
f 2861 2893 2862
f 2862 2893 2894
f 2862 2894 2863
f 2863 2894 2895
f 2863 2895 2864
f 2864 2895 2896
f 2864 2896 2865
f 2865 2896 2897
f 2865 2897 2866
f 2866 2897 2898
f 2866 2898 2867
f 2867 2898 2899
f 2867 2899 2868
f 2868 2899 2900
f 2868 2900 2869
f 2869 2900 2901
f 2869 2901 2870
f 2870 2901 2902
f 2870 2902 2871
f 2871 2902 2903
f 2871 2903 2872
f 2872 2903 2904
f 2872 2904 2873
f 2873 2904 2905
f 2873 2905 2874
f 2874 2905 2906
f 2874 2906 2875
f 2875 2906 2907
f 2875 2907 2876
f 2876 2907 2908
f 2876 2908 2877
f 2877 2908 2909
f 2877 2909 2878
f 2878 2909 2910
f 2878 2910 2879
f 2879 2910 2911
f 2879 2911 2880
f 2880 2911 2912
f 2880 2912 2881
f 2881 2912 2913
f 2881 2913 2882
f 2882 2913 2914
f 2882 2914 2883
f 2883 2914 2915
f 2883 2915 2884
f 2884 2915 2916
f 2884 2916 2885
f 2885 2916 2917
f 2885 2917 2886
f 2886 2917 2918
f 2886 2918 2887
f 2887 2918 2919
f 2887 2919 2856
f 2856 2919 2888
f 2888 2920 2889
f 2889 2920 2921
f 2889 2921 2890
f 2890 2921 2922
f 2890 2922 2891
f 2891 2922 2923
f 2891 2923 2892
f 2892 2923 2924
f 2892 2924 2893
f 2893 2924 2925
f 2893 2925 2894
f 2894 2925 2926
f 2894 2926 2895
f 2895 2926 2927
f 2895 2927 2896
f 2896 2927 2928
f 2896 2928 2897
f 2897 2928 2929
f 2897 2929 2898
f 2898 2929 2930
f 2898 2930 2899
f 2899 2930 2931
f 2899 2931 2900
f 2900 2931 2932
f 2900 2932 2901
f 2901 2932 2933
f 2901 2933 2902
f 2902 2933 2934
f 2902 2934 2903
f 2903 2934 2935
f 2903 2935 2904
f 2904 2935 2936
f 2904 2936 2905
f 2905 2936 2937
f 2905 2937 2906
f 2906 2937 2938
f 2906 2938 2907
f 2907 2938 2939
f 2907 2939 2908
f 2908 2939 2940
f 2908 2940 2909
f 2909 2940 2941
f 2909 2941 2910
f 2910 2941 2942
f 2910 2942 2911
f 2911 2942 2943
f 2911 2943 2912
f 2912 2943 2944
f 2912 2944 2913
f 2913 2944 2945
f 2913 2945 2914
f 2914 2945 2946
f 2914 2946 2915
f 2915 2946 2947
f 2915 2947 2916
f 2916 2947 2948
f 2916 2948 2917
f 2917 2948 2949
f 2917 2949 2918
f 2918 2949 2950
f 2918 2950 2919
f 2919 2950 2951
f 2919 2951 2888
f 2888 2951 2920
f 2920 2952 2921
f 2921 2952 2953
f 2921 2953 2922
f 2922 2953 2954
f 2922 2954 2923
f 2923 2954 2955
f 2923 2955 2924
f 2924 2955 2956
f 2924 2956 2925
f 2925 2956 2957
f 2925 2957 2926
f 2926 2957 2958
f 2926 2958 2927
f 2927 2958 2959
f 2927 2959 2928
f 2928 2959 2960
f 2928 2960 2929
f 2929 2960 2961
f 2929 2961 2930
f 2930 2961 2962
f 2930 2962 2931
f 2931 2962 2963
f 2931 2963 2932
f 2932 2963 2964
f 2932 2964 2933
f 2933 2964 2965
f 2933 2965 2934
f 2934 2965 2966
f 2934 2966 2935
f 2935 2966 2967
f 2935 2967 2936
f 2936 2967 2968
f 2936 2968 2937
f 2937 2968 2969
f 2937 2969 2938
f 2938 2969 2970
f 2938 2970 2939
f 2939 2970 2971
f 2939 2971 2940
f 2940 2971 2972
f 2940 2972 2941
f 2941 2972 2973
f 2941 2973 2942
f 2942 2973 2974
f 2942 2974 2943
f 2943 2974 2975
f 2943 2975 2944
f 2944 2975 2976
f 2944 2976 2945
f 2945 2976 2977
f 2945 2977 2946
f 2946 2977 2978
f 2946 2978 2947
f 2947 2978 2979
f 2947 2979 2948
f 2948 2979 2980
f 2948 2980 2949
f 2949 2980 2981
f 2949 2981 2950
f 2950 2981 2982
f 2950 2982 2951
f 2951 2982 2983
f 2951 2983 2920
f 2920 2983 2952
f 2952 2984 2953
f 2953 2984 2985
f 2953 2985 2954
f 2954 2985 2986
f 2954 2986 2955
f 2955 2986 2987
f 2955 2987 2956
f 2956 2987 2988
f 2956 2988 2957
f 2957 2988 2989
f 2957 2989 2958
f 2958 2989 2990
f 2958 2990 2959
f 2959 2990 2991
f 2959 2991 2960
f 2960 2991 2992
f 2960 2992 2961
f 2961 2992 2993
f 2961 2993 2962
f 2962 2993 2994
f 2962 2994 2963
f 2963 2994 2995
f 2963 2995 2964
f 2964 2995 2996
f 2964 2996 2965
f 2965 2996 2997
f 2965 2997 2966
f 2966 2997 2998
f 2966 2998 2967
f 2967 2998 2999
f 2967 2999 2968
f 2968 2999 3000
f 2968 3000 2969
f 2969 3000 3001
f 2969 3001 2970
f 2970 3001 3002
f 2970 3002 2971
f 2971 3002 3003
f 2971 3003 2972
f 2972 3003 3004
f 2972 3004 2973
f 2973 3004 3005
f 2973 3005 2974
f 2974 3005 3006
f 2974 3006 2975
f 2975 3006 3007
f 2975 3007 2976
f 2976 3007 3008
f 2976 3008 2977
f 2977 3008 3009
f 2977 3009 2978
f 2978 3009 3010
f 2978 3010 2979
f 2979 3010 3011
f 2979 3011 2980
f 2980 3011 3012
f 2980 3012 2981
f 2981 3012 3013
f 2981 3013 2982
f 2982 3013 3014
f 2982 3014 2983
f 2983 3014 3015
f 2983 3015 2952
f 2952 3015 2984
f 2984 3016 2985
f 2985 3016 3017
f 2985 3017 2986
f 2986 3017 3018
f 2986 3018 2987
f 2987 3018 3019
f 2987 3019 2988
f 2988 3019 3020
f 2988 3020 2989
f 2989 3020 3021
f 2989 3021 2990
f 2990 3021 3022
f 2990 3022 2991
f 2991 3022 3023
f 2991 3023 2992
f 2992 3023 3024
f 2992 3024 2993
f 2993 3024 3025
f 2993 3025 2994
f 2994 3025 3026
f 2994 3026 2995
f 2995 3026 3027
f 2995 3027 2996
f 2996 3027 3028
f 2996 3028 2997
f 2997 3028 3029
f 2997 3029 2998
f 2998 3029 3030
f 2998 3030 2999
f 2999 3030 3031
f 2999 3031 3000
f 3000 3031 3032
f 3000 3032 3001
f 3001 3032 3033
f 3001 3033 3002
f 3002 3033 3034
f 3002 3034 3003
f 3003 3034 3035
f 3003 3035 3004
f 3004 3035 3036
f 3004 3036 3005
f 3005 3036 3037
f 3005 3037 3006
f 3006 3037 3038
f 3006 3038 3007
f 3007 3038 3039
f 3007 3039 3008
f 3008 3039 3040
f 3008 3040 3009
f 3009 3040 3041
f 3009 3041 3010
f 3010 3041 3042
f 3010 3042 3011
f 3011 3042 3043
f 3011 3043 3012
f 3012 3043 3044
f 3012 3044 3013
f 3013 3044 3045
f 3013 3045 3014
f 3014 3045 3046
f 3014 3046 3015
f 3015 3046 3047
f 3015 3047 2984
f 2984 3047 3016
f 3016 3048 3017
f 3017 3048 3049
f 3017 3049 3018
f 3018 3049 3050
f 3018 3050 3019
f 3019 3050 3051
f 3019 3051 3020
f 3020 3051 3052
f 3020 3052 3021
f 3021 3052 3053
f 3021 3053 3022
f 3022 3053 3054
f 3022 3054 3023
f 3023 3054 3055
f 3023 3055 3024
f 3024 3055 3056
f 3024 3056 3025
f 3025 3056 3057
f 3025 3057 3026
f 3026 3057 3058
f 3026 3058 3027
f 3027 3058 3059
f 3027 3059 3028
f 3028 3059 3060
f 3028 3060 3029
f 3029 3060 3061
f 3029 3061 3030
f 3030 3061 3062
f 3030 3062 3031
f 3031 3062 3063
f 3031 3063 3032
f 3032 3063 3064
f 3032 3064 3033
f 3033 3064 3065
f 3033 3065 3034
f 3034 3065 3066
f 3034 3066 3035
f 3035 3066 3067
f 3035 3067 3036
f 3036 3067 3068
f 3036 3068 3037
f 3037 3068 3069
f 3037 3069 3038
f 3038 3069 3070
f 3038 3070 3039
f 3039 3070 3071
f 3039 3071 3040
f 3040 3071 3072
f 3040 3072 3041
f 3041 3072 3073
f 3041 3073 3042
f 3042 3073 3074
f 3042 3074 3043
f 3043 3074 3075
f 3043 3075 3044
f 3044 3075 3076
f 3044 3076 3045
f 3045 3076 3077
f 3045 3077 3046
f 3046 3077 3078
f 3046 3078 3047
f 3047 3078 3079
f 3047 3079 3016
f 3016 3079 3048
f 3048 3080 3049
f 3049 3080 3081
f 3049 3081 3050
f 3050 3081 3082
f 3050 3082 3051
f 3051 3082 3083
f 3051 3083 3052
f 3052 3083 3084
f 3052 3084 3053
f 3053 3084 3085
f 3053 3085 3054
f 3054 3085 3086
f 3054 3086 3055
f 3055 3086 3087
f 3055 3087 3056
f 3056 3087 3088
f 3056 3088 3057
f 3057 3088 3089
f 3057 3089 3058
f 3058 3089 3090
f 3058 3090 3059
f 3059 3090 3091
f 3059 3091 3060
f 3060 3091 3092
f 3060 3092 3061
f 3061 3092 3093
f 3061 3093 3062
f 3062 3093 3094
f 3062 3094 3063
f 3063 3094 3095
f 3063 3095 3064
f 3064 3095 3096
f 3064 3096 3065
f 3065 3096 3097
f 3065 3097 3066
f 3066 3097 3098
f 3066 3098 3067
f 3067 3098 3099
f 3067 3099 3068
f 3068 3099 3100
f 3068 3100 3069
f 3069 3100 3101
f 3069 3101 3070
f 3070 3101 3102
f 3070 3102 3071
f 3071 3102 3103
f 3071 3103 3072
f 3072 3103 3104
f 3072 3104 3073
f 3073 3104 3105
f 3073 3105 3074
f 3074 3105 3106
f 3074 3106 3075
f 3075 3106 3107
f 3075 3107 3076
f 3076 3107 3108
f 3076 3108 3077
f 3077 3108 3109
f 3077 3109 3078
f 3078 3109 3110
f 3078 3110 3079
f 3079 3110 3111
f 3079 3111 3048
f 3048 3111 3080
f 3080 3112 3081
f 3081 3112 3113
f 3081 3113 3082
f 3082 3113 3114
f 3082 3114 3083
f 3083 3114 3115
f 3083 3115 3084
f 3084 3115 3116
f 3084 3116 3085
f 3085 3116 3117
f 3085 3117 3086
f 3086 3117 3118
f 3086 3118 3087
f 3087 3118 3119
f 3087 3119 3088
f 3088 3119 3120
f 3088 3120 3089
f 3089 3120 3121
f 3089 3121 3090
f 3090 3121 3122
f 3090 3122 3091
f 3091 3122 3123
f 3091 3123 3092
f 3092 3123 3124
f 3092 3124 3093
f 3093 3124 3125
f 3093 3125 3094
f 3094 3125 3126
f 3094 3126 3095
f 3095 3126 3127
f 3095 3127 3096
f 3096 3127 3128
f 3096 3128 3097
f 3097 3128 3129
f 3097 3129 3098
f 3098 3129 3130
f 3098 3130 3099
f 3099 3130 3131
f 3099 3131 3100
f 3100 3131 3132
f 3100 3132 3101
f 3101 3132 3133
f 3101 3133 3102
f 3102 3133 3134
f 3102 3134 3103
f 3103 3134 3135
f 3103 3135 3104
f 3104 3135 3136
f 3104 3136 3105
f 3105 3136 3137
f 3105 3137 3106
f 3106 3137 3138
f 3106 3138 3107
f 3107 3138 3139
f 3107 3139 3108
f 3108 3139 3140
f 3108 3140 3109
f 3109 3140 3141
f 3109 3141 3110
f 3110 3141 3142
f 3110 3142 3111
f 3111 3142 3143
f 3111 3143 3080
f 3080 3143 3112
f 3112 3144 3113
f 3113 3144 3145
f 3113 3145 3114
f 3114 3145 3146
f 3114 3146 3115
f 3115 3146 3147
f 3115 3147 3116
f 3116 3147 3148
f 3116 3148 3117
f 3117 3148 3149
f 3117 3149 3118
f 3118 3149 3150
f 3118 3150 3119
f 3119 3150 3151
f 3119 3151 3120
f 3120 3151 3152
f 3120 3152 3121
f 3121 3152 3153
f 3121 3153 3122
f 3122 3153 3154
f 3122 3154 3123
f 3123 3154 3155
f 3123 3155 3124
f 3124 3155 3156
f 3124 3156 3125
f 3125 3156 3157
f 3125 3157 3126
f 3126 3157 3158
f 3126 3158 3127
f 3127 3158 3159
f 3127 3159 3128
f 3128 3159 3160
f 3128 3160 3129
f 3129 3160 3161
f 3129 3161 3130
f 3130 3161 3162
f 3130 3162 3131
f 3131 3162 3163
f 3131 3163 3132
f 3132 3163 3164
f 3132 3164 3133
f 3133 3164 3165
f 3133 3165 3134
f 3134 3165 3166
f 3134 3166 3135
f 3135 3166 3167
f 3135 3167 3136
f 3136 3167 3168
f 3136 3168 3137
f 3137 3168 3169
f 3137 3169 3138
f 3138 3169 3170
f 3138 3170 3139
f 3139 3170 3171
f 3139 3171 3140
f 3140 3171 3172
f 3140 3172 3141
f 3141 3172 3173
f 3141 3173 3142
f 3142 3173 3174
f 3142 3174 3143
f 3143 3174 3175
f 3143 3175 3112
f 3112 3175 3144
f 3144 3176 3145
f 3145 3177 3146
f 3146 3178 3147
f 3147 3179 3148
f 3148 3180 3149
f 3149 3181 3150
f 3150 3182 3151
f 3151 3183 3152
f 3152 3184 3153
f 3153 3185 3154
f 3154 3186 3155
f 3155 3187 3156
f 3156 3188 3157
f 3157 3189 3158
f 3158 3190 3159
f 3159 3191 3160
f 3160 3192 3161
f 3161 3193 3162
f 3162 3194 3163
f 3163 3195 3164
f 3164 3196 3165
f 3165 3197 3166
f 3166 3198 3167
f 3167 3199 3168
f 3168 3200 3169
f 3169 3201 3170
f 3170 3202 3171
f 3171 3203 3172
f 3172 3204 3173
f 3173 3205 3174
f 3174 3206 3175
f 3175 3207 3144
f 3209 3240 3241
f 3210 3241 3242
f 3211 3242 3243
f 3212 3243 3244
f 3213 3244 3245
f 3214 3245 3246
f 3215 3246 3247
f 3216 3247 3248
f 3217 3248 3249
f 3218 3249 3250
f 3219 3250 3251
f 3220 3251 3252
f 3221 3252 3253
f 3222 3253 3254
f 3223 3254 3255
f 3224 3255 3256
f 3225 3256 3257
f 3226 3257 3258
f 3227 3258 3259
f 3228 3259 3260
f 3229 3260 3261
f 3230 3261 3262
f 3231 3262 3263
f 3232 3263 3264
f 3233 3264 3265
f 3234 3265 3266
f 3235 3266 3267
f 3236 3267 3268
f 3237 3268 3269
f 3238 3269 3270
f 3239 3270 3271
f 3208 3271 3240
f 3240 3272 3241
f 3241 3272 3273
f 3241 3273 3242
f 3242 3273 3274
f 3242 3274 3243
f 3243 3274 3275
f 3243 3275 3244
f 3244 3275 3276
f 3244 3276 3245
f 3245 3276 3277
f 3245 3277 3246
f 3246 3277 3278
f 3246 3278 3247
f 3247 3278 3279
f 3247 3279 3248
f 3248 3279 3280
f 3248 3280 3249
f 3249 3280 3281
f 3249 3281 3250
f 3250 3281 3282
f 3250 3282 3251
f 3251 3282 3283
f 3251 3283 3252
f 3252 3283 3284
f 3252 3284 3253
f 3253 3284 3285
f 3253 3285 3254
f 3254 3285 3286
f 3254 3286 3255
f 3255 3286 3287
f 3255 3287 3256
f 3256 3287 3288
f 3256 3288 3257
f 3257 3288 3289
f 3257 3289 3258
f 3258 3289 3290
f 3258 3290 3259
f 3259 3290 3291
f 3259 3291 3260
f 3260 3291 3292
f 3260 3292 3261
f 3261 3292 3293
f 3261 3293 3262
f 3262 3293 3294
f 3262 3294 3263
f 3263 3294 3295
f 3263 3295 3264
f 3264 3295 3296
f 3264 3296 3265
f 3265 3296 3297
f 3265 3297 3266
f 3266 3297 3298
f 3266 3298 3267
f 3267 3298 3299
f 3267 3299 3268
f 3268 3299 3300
f 3268 3300 3269
f 3269 3300 3301
f 3269 3301 3270
f 3270 3301 3302
f 3270 3302 3271
f 3271 3302 3303
f 3271 3303 3240
f 3240 3303 3272
f 3272 3304 3273
f 3273 3304 3305
f 3273 3305 3274
f 3274 3305 3306
f 3274 3306 3275
f 3275 3306 3307
f 3275 3307 3276
f 3276 3307 3308
f 3276 3308 3277
f 3277 3308 3309
f 3277 3309 3278
f 3278 3309 3310
f 3278 3310 3279
f 3279 3310 3311
f 3279 3311 3280
f 3280 3311 3312
f 3280 3312 3281
f 3281 3312 3313
f 3281 3313 3282
f 3282 3313 3314
f 3282 3314 3283
f 3283 3314 3315
f 3283 3315 3284
f 3284 3315 3316
f 3284 3316 3285
f 3285 3316 3317
f 3285 3317 3286
f 3286 3317 3318
f 3286 3318 3287
f 3287 3318 3319
f 3287 3319 3288
f 3288 3319 3320
f 3288 3320 3289
f 3289 3320 3321
f 3289 3321 3290
f 3290 3321 3322
f 3290 3322 3291
f 3291 3322 3323
f 3291 3323 3292
f 3292 3323 3324
f 3292 3324 3293
f 3293 3324 3325
f 3293 3325 3294
f 3294 3325 3326
f 3294 3326 3295
f 3295 3326 3327
f 3295 3327 3296
f 3296 3327 3328
f 3296 3328 3297
f 3297 3328 3329
f 3297 3329 3298
f 3298 3329 3330
f 3298 3330 3299
f 3299 3330 3331
f 3299 3331 3300
f 3300 3331 3332
f 3300 3332 3301
f 3301 3332 3333
f 3301 3333 3302
f 3302 3333 3334
f 3302 3334 3303
f 3303 3334 3335
f 3303 3335 3272
f 3272 3335 3304
f 3304 3336 3305
f 3305 3336 3337
f 3305 3337 3306
f 3306 3337 3338
f 3306 3338 3307
f 3307 3338 3339
f 3307 3339 3308
f 3308 3339 3340
f 3308 3340 3309
f 3309 3340 3341
f 3309 3341 3310
f 3310 3341 3342
f 3310 3342 3311
f 3311 3342 3343
f 3311 3343 3312
f 3312 3343 3344
f 3312 3344 3313
f 3313 3344 3345
f 3313 3345 3314
f 3314 3345 3346
f 3314 3346 3315
f 3315 3346 3347
f 3315 3347 3316
f 3316 3347 3348
f 3316 3348 3317
f 3317 3348 3349
f 3317 3349 3318
f 3318 3349 3350
f 3318 3350 3319
f 3319 3350 3351
f 3319 3351 3320
f 3320 3351 3352
f 3320 3352 3321
f 3321 3352 3353
f 3321 3353 3322
f 3322 3353 3354
f 3322 3354 3323
f 3323 3354 3355
f 3323 3355 3324
f 3324 3355 3356
f 3324 3356 3325
f 3325 3356 3357
f 3325 3357 3326
f 3326 3357 3358
f 3326 3358 3327
f 3327 3358 3359
f 3327 3359 3328
f 3328 3359 3360
f 3328 3360 3329
f 3329 3360 3361
f 3329 3361 3330
f 3330 3361 3362
f 3330 3362 3331
f 3331 3362 3363
f 3331 3363 3332
f 3332 3363 3364
f 3332 3364 3333
f 3333 3364 3365
f 3333 3365 3334
f 3334 3365 3366
f 3334 3366 3335
f 3335 3366 3367
f 3335 3367 3304
f 3304 3367 3336
f 3336 3368 3337
f 3337 3368 3369
f 3337 3369 3338
f 3338 3369 3370
f 3338 3370 3339
f 3339 3370 3371
f 3339 3371 3340
f 3340 3371 3372
f 3340 3372 3341
f 3341 3372 3373
f 3341 3373 3342
f 3342 3373 3374
f 3342 3374 3343
f 3343 3374 3375
f 3343 3375 3344
f 3344 3375 3376
f 3344 3376 3345
f 3345 3376 3377
f 3345 3377 3346
f 3346 3377 3378
f 3346 3378 3347
f 3347 3378 3379
f 3347 3379 3348
f 3348 3379 3380
f 3348 3380 3349
f 3349 3380 3381
f 3349 3381 3350
f 3350 3381 3382
f 3350 3382 3351
f 3351 3382 3383
f 3351 3383 3352
f 3352 3383 3384
f 3352 3384 3353
f 3353 3384 3385
f 3353 3385 3354
f 3354 3385 3386
f 3354 3386 3355
f 3355 3386 3387
f 3355 3387 3356
f 3356 3387 3388
f 3356 3388 3357
f 3357 3388 3389
f 3357 3389 3358
f 3358 3389 3390
f 3358 3390 3359
f 3359 3390 3391
f 3359 3391 3360
f 3360 3391 3392
f 3360 3392 3361
f 3361 3392 3393
f 3361 3393 3362
f 3362 3393 3394
f 3362 3394 3363
f 3363 3394 3395
f 3363 3395 3364
f 3364 3395 3396
f 3364 3396 3365
f 3365 3396 3397
f 3365 3397 3366
f 3366 3397 3398
f 3366 3398 3367
f 3367 3398 3399
f 3367 3399 3336
f 3336 3399 3368
f 3368 3400 3369
f 3369 3400 3401
f 3369 3401 3370
f 3370 3401 3402
f 3370 3402 3371
f 3371 3402 3403
f 3371 3403 3372
f 3372 3403 3404
f 3372 3404 3373
f 3373 3404 3405
f 3373 3405 3374
f 3374 3405 3406
f 3374 3406 3375
f 3375 3406 3407
f 3375 3407 3376
f 3376 3407 3408
f 3376 3408 3377
f 3377 3408 3409
f 3377 3409 3378
f 3378 3409 3410
f 3378 3410 3379
f 3379 3410 3411
f 3379 3411 3380
f 3380 3411 3412
f 3380 3412 3381
f 3381 3412 3413
f 3381 3413 3382
f 3382 3413 3414
f 3382 3414 3383
f 3383 3414 3415
f 3383 3415 3384
f 3384 3415 3416
f 3384 3416 3385
f 3385 3416 3417
f 3385 3417 3386
f 3386 3417 3418
f 3386 3418 3387
f 3387 3418 3419
f 3387 3419 3388
f 3388 3419 3420
f 3388 3420 3389
f 3389 3420 3421
f 3389 3421 3390
f 3390 3421 3422
f 3390 3422 3391
f 3391 3422 3423
f 3391 3423 3392
f 3392 3423 3424
f 3392 3424 3393
f 3393 3424 3425
f 3393 3425 3394
f 3394 3425 3426
f 3394 3426 3395
f 3395 3426 3427
f 3395 3427 3396
f 3396 3427 3428
f 3396 3428 3397
f 3397 3428 3429
f 3397 3429 3398
f 3398 3429 3430
f 3398 3430 3399
f 3399 3430 3431
f 3399 3431 3368
f 3368 3431 3400
f 3400 3432 3401
f 3401 3432 3433
f 3401 3433 3402
f 3402 3433 3434
f 3402 3434 3403
f 3403 3434 3435
f 3403 3435 3404
f 3404 3435 3436
f 3404 3436 3405
f 3405 3436 3437
f 3405 3437 3406
f 3406 3437 3438
f 3406 3438 3407
f 3407 3438 3439
f 3407 3439 3408
f 3408 3439 3440
f 3408 3440 3409
f 3409 3440 3441
f 3409 3441 3410
f 3410 3441 3442
f 3410 3442 3411
f 3411 3442 3443
f 3411 3443 3412
f 3412 3443 3444
f 3412 3444 3413
f 3413 3444 3445
f 3413 3445 3414
f 3414 3445 3446
f 3414 3446 3415
f 3415 3446 3447
f 3415 3447 3416
f 3416 3447 3448
f 3416 3448 3417
f 3417 3448 3449
f 3417 3449 3418
f 3418 3449 3450
f 3418 3450 3419
f 3419 3450 3451
f 3419 3451 3420
f 3420 3451 3452
f 3420 3452 3421
f 3421 3452 3453
f 3421 3453 3422
f 3422 3453 3454
f 3422 3454 3423
f 3423 3454 3455
f 3423 3455 3424
f 3424 3455 3456
f 3424 3456 3425
f 3425 3456 3457
f 3425 3457 3426
f 3426 3457 3458
f 3426 3458 3427
f 3427 3458 3459
f 3427 3459 3428
f 3428 3459 3460
f 3428 3460 3429
f 3429 3460 3461
f 3429 3461 3430
f 3430 3461 3462
f 3430 3462 3431
f 3431 3462 3463
f 3431 3463 3400
f 3400 3463 3432
f 3432 3464 3433
f 3433 3464 3465
f 3433 3465 3434
f 3434 3465 3466
f 3434 3466 3435
f 3435 3466 3467
f 3435 3467 3436
f 3436 3467 3468
f 3436 3468 3437
f 3437 3468 3469
f 3437 3469 3438
f 3438 3469 3470
f 3438 3470 3439
f 3439 3470 3471
f 3439 3471 3440
f 3440 3471 3472
f 3440 3472 3441
f 3441 3472 3473
f 3441 3473 3442
f 3442 3473 3474
f 3442 3474 3443
f 3443 3474 3475
f 3443 3475 3444
f 3444 3475 3476
f 3444 3476 3445
f 3445 3476 3477
f 3445 3477 3446
f 3446 3477 3478
f 3446 3478 3447
f 3447 3478 3479
f 3447 3479 3448
f 3448 3479 3480
f 3448 3480 3449
f 3449 3480 3481
f 3449 3481 3450
f 3450 3481 3482
f 3450 3482 3451
f 3451 3482 3483
f 3451 3483 3452
f 3452 3483 3484
f 3452 3484 3453
f 3453 3484 3485
f 3453 3485 3454
f 3454 3485 3486
f 3454 3486 3455
f 3455 3486 3487
f 3455 3487 3456
f 3456 3487 3488
f 3456 3488 3457
f 3457 3488 3489
f 3457 3489 3458
f 3458 3489 3490
f 3458 3490 3459
f 3459 3490 3491
f 3459 3491 3460
f 3460 3491 3492
f 3460 3492 3461
f 3461 3492 3493
f 3461 3493 3462
f 3462 3493 3494
f 3462 3494 3463
f 3463 3494 3495
f 3463 3495 3432
f 3432 3495 3464
f 3464 3496 3465
f 3465 3496 3497
f 3465 3497 3466
f 3466 3497 3498
f 3466 3498 3467
f 3467 3498 3499
f 3467 3499 3468
f 3468 3499 3500
f 3468 3500 3469
f 3469 3500 3501
f 3469 3501 3470
f 3470 3501 3502
f 3470 3502 3471
f 3471 3502 3503
f 3471 3503 3472
f 3472 3503 3504
f 3472 3504 3473
f 3473 3504 3505
f 3473 3505 3474
f 3474 3505 3506
f 3474 3506 3475
f 3475 3506 3507
f 3475 3507 3476
f 3476 3507 3508
f 3476 3508 3477
f 3477 3508 3509
f 3477 3509 3478
f 3478 3509 3510
f 3478 3510 3479
f 3479 3510 3511
f 3479 3511 3480
f 3480 3511 3512
f 3480 3512 3481
f 3481 3512 3513
f 3481 3513 3482
f 3482 3513 3514
f 3482 3514 3483
f 3483 3514 3515
f 3483 3515 3484
f 3484 3515 3516
f 3484 3516 3485
f 3485 3516 3517
f 3485 3517 3486
f 3486 3517 3518
f 3486 3518 3487
f 3487 3518 3519
f 3487 3519 3488
f 3488 3519 3520
f 3488 3520 3489
f 3489 3520 3521
f 3489 3521 3490
f 3490 3521 3522
f 3490 3522 3491
f 3491 3522 3523
f 3491 3523 3492
f 3492 3523 3524
f 3492 3524 3493
f 3493 3524 3525
f 3493 3525 3494
f 3494 3525 3526
f 3494 3526 3495
f 3495 3526 3527
f 3495 3527 3464
f 3464 3527 3496
f 3496 3528 3497
f 3497 3528 3529
f 3497 3529 3498
f 3498 3529 3530
f 3498 3530 3499
f 3499 3530 3531
f 3499 3531 3500
f 3500 3531 3532
f 3500 3532 3501
f 3501 3532 3533
f 3501 3533 3502
f 3502 3533 3534
f 3502 3534 3503
f 3503 3534 3535
f 3503 3535 3504
f 3504 3535 3536
f 3504 3536 3505
f 3505 3536 3537
f 3505 3537 3506
f 3506 3537 3538
f 3506 3538 3507
f 3507 3538 3539
f 3507 3539 3508
f 3508 3539 3540
f 3508 3540 3509
f 3509 3540 3541
f 3509 3541 3510
f 3510 3541 3542
f 3510 3542 3511
f 3511 3542 3543
f 3511 3543 3512
f 3512 3543 3544
f 3512 3544 3513
f 3513 3544 3545
f 3513 3545 3514
f 3514 3545 3546
f 3514 3546 3515
f 3515 3546 3547
f 3515 3547 3516
f 3516 3547 3548
f 3516 3548 3517
f 3517 3548 3549
f 3517 3549 3518
f 3518 3549 3550
f 3518 3550 3519
f 3519 3550 3551
f 3519 3551 3520
f 3520 3551 3552
f 3520 3552 3521
f 3521 3552 3553
f 3521 3553 3522
f 3522 3553 3554
f 3522 3554 3523
f 3523 3554 3555
f 3523 3555 3524
f 3524 3555 3556
f 3524 3556 3525
f 3525 3556 3557
f 3525 3557 3526
f 3526 3557 3558
f 3526 3558 3527
f 3527 3558 3559
f 3527 3559 3496
f 3496 3559 3528
f 3528 3560 3529
f 3529 3560 3561
f 3529 3561 3530
f 3530 3561 3562
f 3530 3562 3531
f 3531 3562 3563
f 3531 3563 3532
f 3532 3563 3564
f 3532 3564 3533
f 3533 3564 3565
f 3533 3565 3534
f 3534 3565 3566
f 3534 3566 3535
f 3535 3566 3567
f 3535 3567 3536
f 3536 3567 3568
f 3536 3568 3537
f 3537 3568 3569
f 3537 3569 3538
f 3538 3569 3570
f 3538 3570 3539
f 3539 3570 3571
f 3539 3571 3540
f 3540 3571 3572
f 3540 3572 3541
f 3541 3572 3573
f 3541 3573 3542
f 3542 3573 3574
f 3542 3574 3543
f 3543 3574 3575
f 3543 3575 3544
f 3544 3575 3576
f 3544 3576 3545
f 3545 3576 3577
f 3545 3577 3546
f 3546 3577 3578
f 3546 3578 3547
f 3547 3578 3579
f 3547 3579 3548
f 3548 3579 3580
f 3548 3580 3549
f 3549 3580 3581
f 3549 3581 3550
f 3550 3581 3582
f 3550 3582 3551
f 3551 3582 3583
f 3551 3583 3552
f 3552 3583 3584
f 3552 3584 3553
f 3553 3584 3585
f 3553 3585 3554
f 3554 3585 3586
f 3554 3586 3555
f 3555 3586 3587
f 3555 3587 3556
f 3556 3587 3588
f 3556 3588 3557
f 3557 3588 3589
f 3557 3589 3558
f 3558 3589 3590
f 3558 3590 3559
f 3559 3590 3591
f 3559 3591 3528
f 3528 3591 3560
f 3560 3592 3561
f 3561 3592 3593
f 3561 3593 3562
f 3562 3593 3594
f 3562 3594 3563
f 3563 3594 3595
f 3563 3595 3564
f 3564 3595 3596
f 3564 3596 3565
f 3565 3596 3597
f 3565 3597 3566
f 3566 3597 3598
f 3566 3598 3567
f 3567 3598 3599
f 3567 3599 3568
f 3568 3599 3600
f 3568 3600 3569
f 3569 3600 3601
f 3569 3601 3570
f 3570 3601 3602
f 3570 3602 3571
f 3571 3602 3603
f 3571 3603 3572
f 3572 3603 3604
f 3572 3604 3573
f 3573 3604 3605
f 3573 3605 3574
f 3574 3605 3606
f 3574 3606 3575
f 3575 3606 3607
f 3575 3607 3576
f 3576 3607 3608
f 3576 3608 3577
f 3577 3608 3609
f 3577 3609 3578
f 3578 3609 3610
f 3578 3610 3579
f 3579 3610 3611
f 3579 3611 3580
f 3580 3611 3612
f 3580 3612 3581
f 3581 3612 3613
f 3581 3613 3582
f 3582 3613 3614
f 3582 3614 3583
f 3583 3614 3615
f 3583 3615 3584
f 3584 3615 3616
f 3584 3616 3585
f 3585 3616 3617
f 3585 3617 3586
f 3586 3617 3618
f 3586 3618 3587
f 3587 3618 3619
f 3587 3619 3588
f 3588 3619 3620
f 3588 3620 3589
f 3589 3620 3621
f 3589 3621 3590
f 3590 3621 3622
f 3590 3622 3591
f 3591 3622 3623
f 3591 3623 3560
f 3560 3623 3592
f 3592 3624 3593
f 3593 3624 3625
f 3593 3625 3594
f 3594 3625 3626
f 3594 3626 3595
f 3595 3626 3627
f 3595 3627 3596
f 3596 3627 3628
f 3596 3628 3597
f 3597 3628 3629
f 3597 3629 3598
f 3598 3629 3630
f 3598 3630 3599
f 3599 3630 3631
f 3599 3631 3600
f 3600 3631 3632
f 3600 3632 3601
f 3601 3632 3633
f 3601 3633 3602
f 3602 3633 3634
f 3602 3634 3603
f 3603 3634 3635
f 3603 3635 3604
f 3604 3635 3636
f 3604 3636 3605
f 3605 3636 3637
f 3605 3637 3606
f 3606 3637 3638
f 3606 3638 3607
f 3607 3638 3639
f 3607 3639 3608
f 3608 3639 3640
f 3608 3640 3609
f 3609 3640 3641
f 3609 3641 3610
f 3610 3641 3642
f 3610 3642 3611
f 3611 3642 3643
f 3611 3643 3612
f 3612 3643 3644
f 3612 3644 3613
f 3613 3644 3645
f 3613 3645 3614
f 3614 3645 3646
f 3614 3646 3615
f 3615 3646 3647
f 3615 3647 3616
f 3616 3647 3648
f 3616 3648 3617
f 3617 3648 3649
f 3617 3649 3618
f 3618 3649 3650
f 3618 3650 3619
f 3619 3650 3651
f 3619 3651 3620
f 3620 3651 3652
f 3620 3652 3621
f 3621 3652 3653
f 3621 3653 3622
f 3622 3653 3654
f 3622 3654 3623
f 3623 3654 3655
f 3623 3655 3592
f 3592 3655 3624
f 3624 3656 3625
f 3625 3656 3657
f 3625 3657 3626
f 3626 3657 3658
f 3626 3658 3627
f 3627 3658 3659
f 3627 3659 3628
f 3628 3659 3660
f 3628 3660 3629
f 3629 3660 3661
f 3629 3661 3630
f 3630 3661 3662
f 3630 3662 3631
f 3631 3662 3663
f 3631 3663 3632
f 3632 3663 3664
f 3632 3664 3633
f 3633 3664 3665
f 3633 3665 3634
f 3634 3665 3666
f 3634 3666 3635
f 3635 3666 3667
f 3635 3667 3636
f 3636 3667 3668
f 3636 3668 3637
f 3637 3668 3669
f 3637 3669 3638
f 3638 3669 3670
f 3638 3670 3639
f 3639 3670 3671
f 3639 3671 3640
f 3640 3671 3672
f 3640 3672 3641
f 3641 3672 3673
f 3641 3673 3642
f 3642 3673 3674
f 3642 3674 3643
f 3643 3674 3675
f 3643 3675 3644
f 3644 3675 3676
f 3644 3676 3645
f 3645 3676 3677
f 3645 3677 3646
f 3646 3677 3678
f 3646 3678 3647
f 3647 3678 3679
f 3647 3679 3648
f 3648 3679 3680
f 3648 3680 3649
f 3649 3680 3681
f 3649 3681 3650
f 3650 3681 3682
f 3650 3682 3651
f 3651 3682 3683
f 3651 3683 3652
f 3652 3683 3684
f 3652 3684 3653
f 3653 3684 3685
f 3653 3685 3654
f 3654 3685 3686
f 3654 3686 3655
f 3655 3686 3687
f 3655 3687 3624
f 3624 3687 3656
f 3656 3688 3657
f 3657 3688 3689
f 3657 3689 3658
f 3658 3689 3690
f 3658 3690 3659
f 3659 3690 3691
f 3659 3691 3660
f 3660 3691 3692
f 3660 3692 3661
f 3661 3692 3693
f 3661 3693 3662
f 3662 3693 3694
f 3662 3694 3663
f 3663 3694 3695
f 3663 3695 3664
f 3664 3695 3696
f 3664 3696 3665
f 3665 3696 3697
f 3665 3697 3666
f 3666 3697 3698
f 3666 3698 3667
f 3667 3698 3699
f 3667 3699 3668
f 3668 3699 3700
f 3668 3700 3669
f 3669 3700 3701
f 3669 3701 3670
f 3670 3701 3702
f 3670 3702 3671
f 3671 3702 3703
f 3671 3703 3672
f 3672 3703 3704
f 3672 3704 3673
f 3673 3704 3705
f 3673 3705 3674
f 3674 3705 3706
f 3674 3706 3675
f 3675 3706 3707
f 3675 3707 3676
f 3676 3707 3708
f 3676 3708 3677
f 3677 3708 3709
f 3677 3709 3678
f 3678 3709 3710
f 3678 3710 3679
f 3679 3710 3711
f 3679 3711 3680
f 3680 3711 3712
f 3680 3712 3681
f 3681 3712 3713
f 3681 3713 3682
f 3682 3713 3714
f 3682 3714 3683
f 3683 3714 3715
f 3683 3715 3684
f 3684 3715 3716
f 3684 3716 3685
f 3685 3716 3717
f 3685 3717 3686
f 3686 3717 3718
f 3686 3718 3687
f 3687 3718 3719
f 3687 3719 3656
f 3656 3719 3688
f 3688 3720 3689
f 3689 3721 3690
f 3690 3722 3691
f 3691 3723 3692
f 3692 3724 3693
f 3693 3725 3694
f 3694 3726 3695
f 3695 3727 3696
f 3696 3728 3697
f 3697 3729 3698
f 3698 3730 3699
f 3699 3731 3700
f 3700 3732 3701
f 3701 3733 3702
f 3702 3734 3703
f 3703 3735 3704
f 3704 3736 3705
f 3705 3737 3706
f 3706 3738 3707
f 3707 3739 3708
f 3708 3740 3709
f 3709 3741 3710
f 3710 3742 3711
f 3711 3743 3712
f 3712 3744 3713
f 3713 3745 3714
f 3714 3746 3715
f 3715 3747 3716
f 3716 3748 3717
f 3717 3749 3718
f 3718 3750 3719
f 3719 3751 3688
f 3753 3784 3785
f 3754 3785 3786
f 3755 3786 3787
f 3756 3787 3788
f 3757 3788 3789
f 3758 3789 3790
f 3759 3790 3791
f 3760 3791 3792
f 3761 3792 3793
f 3762 3793 3794
f 3763 3794 3795
f 3764 3795 3796
f 3765 3796 3797
f 3766 3797 3798
f 3767 3798 3799
f 3768 3799 3800
f 3769 3800 3801
f 3770 3801 3802
f 3771 3802 3803
f 3772 3803 3804
f 3773 3804 3805
f 3774 3805 3806
f 3775 3806 3807
f 3776 3807 3808
f 3777 3808 3809
f 3778 3809 3810
f 3779 3810 3811
f 3780 3811 3812
f 3781 3812 3813
f 3782 3813 3814
f 3783 3814 3815
f 3752 3815 3784
f 3784 3816 3785
f 3785 3816 3817
f 3785 3817 3786
f 3786 3817 3818
f 3786 3818 3787
f 3787 3818 3819
f 3787 3819 3788
f 3788 3819 3820
f 3788 3820 3789
f 3789 3820 3821
f 3789 3821 3790
f 3790 3821 3822
f 3790 3822 3791
f 3791 3822 3823
f 3791 3823 3792
f 3792 3823 3824
f 3792 3824 3793
f 3793 3824 3825
f 3793 3825 3794
f 3794 3825 3826
f 3794 3826 3795
f 3795 3826 3827
f 3795 3827 3796
f 3796 3827 3828
f 3796 3828 3797
f 3797 3828 3829
f 3797 3829 3798
f 3798 3829 3830
f 3798 3830 3799
f 3799 3830 3831
f 3799 3831 3800
f 3800 3831 3832
f 3800 3832 3801
f 3801 3832 3833
f 3801 3833 3802
f 3802 3833 3834
f 3802 3834 3803
f 3803 3834 3835
f 3803 3835 3804
f 3804 3835 3836
f 3804 3836 3805
f 3805 3836 3837
f 3805 3837 3806
f 3806 3837 3838
f 3806 3838 3807
f 3807 3838 3839
f 3807 3839 3808
f 3808 3839 3840
f 3808 3840 3809
f 3809 3840 3841
f 3809 3841 3810
f 3810 3841 3842
f 3810 3842 3811
f 3811 3842 3843
f 3811 3843 3812
f 3812 3843 3844
f 3812 3844 3813
f 3813 3844 3845
f 3813 3845 3814
f 3814 3845 3846
f 3814 3846 3815
f 3815 3846 3847
f 3815 3847 3784
f 3784 3847 3816
f 3816 3848 3817
f 3817 3848 3849
f 3817 3849 3818
f 3818 3849 3850
f 3818 3850 3819
f 3819 3850 3851
f 3819 3851 3820
f 3820 3851 3852
f 3820 3852 3821
f 3821 3852 3853
f 3821 3853 3822
f 3822 3853 3854
f 3822 3854 3823
f 3823 3854 3855
f 3823 3855 3824
f 3824 3855 3856
f 3824 3856 3825
f 3825 3856 3857
f 3825 3857 3826
f 3826 3857 3858
f 3826 3858 3827
f 3827 3858 3859
f 3827 3859 3828
f 3828 3859 3860
f 3828 3860 3829
f 3829 3860 3861
f 3829 3861 3830
f 3830 3861 3862
f 3830 3862 3831
f 3831 3862 3863
f 3831 3863 3832
f 3832 3863 3864
f 3832 3864 3833
f 3833 3864 3865
f 3833 3865 3834
f 3834 3865 3866
f 3834 3866 3835
f 3835 3866 3867
f 3835 3867 3836
f 3836 3867 3868
f 3836 3868 3837
f 3837 3868 3869
f 3837 3869 3838
f 3838 3869 3870
f 3838 3870 3839
f 3839 3870 3871
f 3839 3871 3840
f 3840 3871 3872
f 3840 3872 3841
f 3841 3872 3873
f 3841 3873 3842
f 3842 3873 3874
f 3842 3874 3843
f 3843 3874 3875
f 3843 3875 3844
f 3844 3875 3876
f 3844 3876 3845
f 3845 3876 3877
f 3845 3877 3846
f 3846 3877 3878
f 3846 3878 3847
f 3847 3878 3879
f 3847 3879 3816
f 3816 3879 3848
f 3848 3880 3849
f 3849 3880 3881
f 3849 3881 3850
f 3850 3881 3882
f 3850 3882 3851
f 3851 3882 3883
f 3851 3883 3852
f 3852 3883 3884
f 3852 3884 3853
f 3853 3884 3885
f 3853 3885 3854
f 3854 3885 3886
f 3854 3886 3855
f 3855 3886 3887
f 3855 3887 3856
f 3856 3887 3888
f 3856 3888 3857
f 3857 3888 3889
f 3857 3889 3858
f 3858 3889 3890
f 3858 3890 3859
f 3859 3890 3891
f 3859 3891 3860
f 3860 3891 3892
f 3860 3892 3861
f 3861 3892 3893
f 3861 3893 3862
f 3862 3893 3894
f 3862 3894 3863
f 3863 3894 3895
f 3863 3895 3864
f 3864 3895 3896
f 3864 3896 3865
f 3865 3896 3897
f 3865 3897 3866
f 3866 3897 3898
f 3866 3898 3867
f 3867 3898 3899
f 3867 3899 3868
f 3868 3899 3900
f 3868 3900 3869
f 3869 3900 3901
f 3869 3901 3870
f 3870 3901 3902
f 3870 3902 3871
f 3871 3902 3903
f 3871 3903 3872
f 3872 3903 3904
f 3872 3904 3873
f 3873 3904 3905
f 3873 3905 3874
f 3874 3905 3906
f 3874 3906 3875
f 3875 3906 3907
f 3875 3907 3876
f 3876 3907 3908
f 3876 3908 3877
f 3877 3908 3909
f 3877 3909 3878
f 3878 3909 3910
f 3878 3910 3879
f 3879 3910 3911
f 3879 3911 3848
f 3848 3911 3880
f 3880 3912 3881
f 3881 3912 3913
f 3881 3913 3882
f 3882 3913 3914
f 3882 3914 3883
f 3883 3914 3915
f 3883 3915 3884
f 3884 3915 3916
f 3884 3916 3885
f 3885 3916 3917
f 3885 3917 3886
f 3886 3917 3918
f 3886 3918 3887
f 3887 3918 3919
f 3887 3919 3888
f 3888 3919 3920
f 3888 3920 3889
f 3889 3920 3921
f 3889 3921 3890
f 3890 3921 3922
f 3890 3922 3891
f 3891 3922 3923
f 3891 3923 3892
f 3892 3923 3924
f 3892 3924 3893
f 3893 3924 3925
f 3893 3925 3894
f 3894 3925 3926
f 3894 3926 3895
f 3895 3926 3927
f 3895 3927 3896
f 3896 3927 3928
f 3896 3928 3897
f 3897 3928 3929
f 3897 3929 3898
f 3898 3929 3930
f 3898 3930 3899
f 3899 3930 3931
f 3899 3931 3900
f 3900 3931 3932
f 3900 3932 3901
f 3901 3932 3933
f 3901 3933 3902
f 3902 3933 3934
f 3902 3934 3903
f 3903 3934 3935
f 3903 3935 3904
f 3904 3935 3936
f 3904 3936 3905
f 3905 3936 3937
f 3905 3937 3906
f 3906 3937 3938
f 3906 3938 3907
f 3907 3938 3939
f 3907 3939 3908
f 3908 3939 3940
f 3908 3940 3909
f 3909 3940 3941
f 3909 3941 3910
f 3910 3941 3942
f 3910 3942 3911
f 3911 3942 3943
f 3911 3943 3880
f 3880 3943 3912
f 3912 3944 3913
f 3913 3944 3945
f 3913 3945 3914
f 3914 3945 3946
f 3914 3946 3915
f 3915 3946 3947
f 3915 3947 3916
f 3916 3947 3948
f 3916 3948 3917
f 3917 3948 3949
f 3917 3949 3918
f 3918 3949 3950
f 3918 3950 3919
f 3919 3950 3951
f 3919 3951 3920
f 3920 3951 3952
f 3920 3952 3921
f 3921 3952 3953
f 3921 3953 3922
f 3922 3953 3954
f 3922 3954 3923
f 3923 3954 3955
f 3923 3955 3924
f 3924 3955 3956
f 3924 3956 3925
f 3925 3956 3957
f 3925 3957 3926
f 3926 3957 3958
f 3926 3958 3927
f 3927 3958 3959
f 3927 3959 3928
f 3928 3959 3960
f 3928 3960 3929
f 3929 3960 3961
f 3929 3961 3930
f 3930 3961 3962
f 3930 3962 3931
f 3931 3962 3963
f 3931 3963 3932
f 3932 3963 3964
f 3932 3964 3933
f 3933 3964 3965
f 3933 3965 3934
f 3934 3965 3966
f 3934 3966 3935
f 3935 3966 3967
f 3935 3967 3936
f 3936 3967 3968
f 3936 3968 3937
f 3937 3968 3969
f 3937 3969 3938
f 3938 3969 3970
f 3938 3970 3939
f 3939 3970 3971
f 3939 3971 3940
f 3940 3971 3972
f 3940 3972 3941
f 3941 3972 3973
f 3941 3973 3942
f 3942 3973 3974
f 3942 3974 3943
f 3943 3974 3975
f 3943 3975 3912
f 3912 3975 3944
f 3944 3976 3945
f 3945 3976 3977
f 3945 3977 3946
f 3946 3977 3978
f 3946 3978 3947
f 3947 3978 3979
f 3947 3979 3948
f 3948 3979 3980
f 3948 3980 3949
f 3949 3980 3981
f 3949 3981 3950
f 3950 3981 3982
f 3950 3982 3951
f 3951 3982 3983
f 3951 3983 3952
f 3952 3983 3984
f 3952 3984 3953
f 3953 3984 3985
f 3953 3985 3954
f 3954 3985 3986
f 3954 3986 3955
f 3955 3986 3987
f 3955 3987 3956
f 3956 3987 3988
f 3956 3988 3957
f 3957 3988 3989
f 3957 3989 3958
f 3958 3989 3990
f 3958 3990 3959
f 3959 3990 3991
f 3959 3991 3960
f 3960 3991 3992
f 3960 3992 3961
f 3961 3992 3993
f 3961 3993 3962
f 3962 3993 3994
f 3962 3994 3963
f 3963 3994 3995
f 3963 3995 3964
f 3964 3995 3996
f 3964 3996 3965
f 3965 3996 3997
f 3965 3997 3966
f 3966 3997 3998
f 3966 3998 3967
f 3967 3998 3999
f 3967 3999 3968
f 3968 3999 4000
f 3968 4000 3969
f 3969 4000 4001
f 3969 4001 3970
f 3970 4001 4002
f 3970 4002 3971
f 3971 4002 4003
f 3971 4003 3972
f 3972 4003 4004
f 3972 4004 3973
f 3973 4004 4005
f 3973 4005 3974
f 3974 4005 4006
f 3974 4006 3975
f 3975 4006 4007
f 3975 4007 3944
f 3944 4007 3976
f 3976 4008 3977
f 3977 4008 4009
f 3977 4009 3978
f 3978 4009 4010
f 3978 4010 3979
f 3979 4010 4011
f 3979 4011 3980
f 3980 4011 4012
f 3980 4012 3981
f 3981 4012 4013
f 3981 4013 3982
f 3982 4013 4014
f 3982 4014 3983
f 3983 4014 4015
f 3983 4015 3984
f 3984 4015 4016
f 3984 4016 3985
f 3985 4016 4017
f 3985 4017 3986
f 3986 4017 4018
f 3986 4018 3987
f 3987 4018 4019
f 3987 4019 3988
f 3988 4019 4020
f 3988 4020 3989
f 3989 4020 4021
f 3989 4021 3990
f 3990 4021 4022
f 3990 4022 3991
f 3991 4022 4023
f 3991 4023 3992
f 3992 4023 4024
f 3992 4024 3993
f 3993 4024 4025
f 3993 4025 3994
f 3994 4025 4026
f 3994 4026 3995
f 3995 4026 4027
f 3995 4027 3996
f 3996 4027 4028
f 3996 4028 3997
f 3997 4028 4029
f 3997 4029 3998
f 3998 4029 4030
f 3998 4030 3999
f 3999 4030 4031
f 3999 4031 4000
f 4000 4031 4032
f 4000 4032 4001
f 4001 4032 4033
f 4001 4033 4002
f 4002 4033 4034
f 4002 4034 4003
f 4003 4034 4035
f 4003 4035 4004
f 4004 4035 4036
f 4004 4036 4005
f 4005 4036 4037
f 4005 4037 4006
f 4006 4037 4038
f 4006 4038 4007
f 4007 4038 4039
f 4007 4039 3976
f 3976 4039 4008
f 4008 4040 4009
f 4009 4040 4041
f 4009 4041 4010
f 4010 4041 4042
f 4010 4042 4011
f 4011 4042 4043
f 4011 4043 4012
f 4012 4043 4044
f 4012 4044 4013
f 4013 4044 4045
f 4013 4045 4014
f 4014 4045 4046
f 4014 4046 4015
f 4015 4046 4047
f 4015 4047 4016
f 4016 4047 4048
f 4016 4048 4017
f 4017 4048 4049
f 4017 4049 4018
f 4018 4049 4050
f 4018 4050 4019
f 4019 4050 4051
f 4019 4051 4020
f 4020 4051 4052
f 4020 4052 4021
f 4021 4052 4053
f 4021 4053 4022
f 4022 4053 4054
f 4022 4054 4023
f 4023 4054 4055
f 4023 4055 4024
f 4024 4055 4056
f 4024 4056 4025
f 4025 4056 4057
f 4025 4057 4026
f 4026 4057 4058
f 4026 4058 4027
f 4027 4058 4059
f 4027 4059 4028
f 4028 4059 4060
f 4028 4060 4029
f 4029 4060 4061
f 4029 4061 4030
f 4030 4061 4062
f 4030 4062 4031
f 4031 4062 4063
f 4031 4063 4032
f 4032 4063 4064
f 4032 4064 4033
f 4033 4064 4065
f 4033 4065 4034
f 4034 4065 4066
f 4034 4066 4035
f 4035 4066 4067
f 4035 4067 4036
f 4036 4067 4068
f 4036 4068 4037
f 4037 4068 4069
f 4037 4069 4038
f 4038 4069 4070
f 4038 4070 4039
f 4039 4070 4071
f 4039 4071 4008
f 4008 4071 4040
f 4040 4072 4041
f 4041 4072 4073
f 4041 4073 4042
f 4042 4073 4074
f 4042 4074 4043
f 4043 4074 4075
f 4043 4075 4044
f 4044 4075 4076
f 4044 4076 4045
f 4045 4076 4077
f 4045 4077 4046
f 4046 4077 4078
f 4046 4078 4047
f 4047 4078 4079
f 4047 4079 4048
f 4048 4079 4080
f 4048 4080 4049
f 4049 4080 4081
f 4049 4081 4050
f 4050 4081 4082
f 4050 4082 4051
f 4051 4082 4083
f 4051 4083 4052
f 4052 4083 4084
f 4052 4084 4053
f 4053 4084 4085
f 4053 4085 4054
f 4054 4085 4086
f 4054 4086 4055
f 4055 4086 4087
f 4055 4087 4056
f 4056 4087 4088
f 4056 4088 4057
f 4057 4088 4089
f 4057 4089 4058
f 4058 4089 4090
f 4058 4090 4059
f 4059 4090 4091
f 4059 4091 4060
f 4060 4091 4092
f 4060 4092 4061
f 4061 4092 4093
f 4061 4093 4062
f 4062 4093 4094
f 4062 4094 4063
f 4063 4094 4095
f 4063 4095 4064
f 4064 4095 4096
f 4064 4096 4065
f 4065 4096 4097
f 4065 4097 4066
f 4066 4097 4098
f 4066 4098 4067
f 4067 4098 4099
f 4067 4099 4068
f 4068 4099 4100
f 4068 4100 4069
f 4069 4100 4101
f 4069 4101 4070
f 4070 4101 4102
f 4070 4102 4071
f 4071 4102 4103
f 4071 4103 4040
f 4040 4103 4072
f 4072 4104 4073
f 4073 4104 4105
f 4073 4105 4074
f 4074 4105 4106
f 4074 4106 4075
f 4075 4106 4107
f 4075 4107 4076
f 4076 4107 4108
f 4076 4108 4077
f 4077 4108 4109
f 4077 4109 4078
f 4078 4109 4110
f 4078 4110 4079
f 4079 4110 4111
f 4079 4111 4080
f 4080 4111 4112
f 4080 4112 4081
f 4081 4112 4113
f 4081 4113 4082
f 4082 4113 4114
f 4082 4114 4083
f 4083 4114 4115
f 4083 4115 4084
f 4084 4115 4116
f 4084 4116 4085
f 4085 4116 4117
f 4085 4117 4086
f 4086 4117 4118
f 4086 4118 4087
f 4087 4118 4119
f 4087 4119 4088
f 4088 4119 4120
f 4088 4120 4089
f 4089 4120 4121
f 4089 4121 4090
f 4090 4121 4122
f 4090 4122 4091
f 4091 4122 4123
f 4091 4123 4092
f 4092 4123 4124
f 4092 4124 4093
f 4093 4124 4125
f 4093 4125 4094
f 4094 4125 4126
f 4094 4126 4095
f 4095 4126 4127
f 4095 4127 4096
f 4096 4127 4128
f 4096 4128 4097
f 4097 4128 4129
f 4097 4129 4098
f 4098 4129 4130
f 4098 4130 4099
f 4099 4130 4131
f 4099 4131 4100
f 4100 4131 4132
f 4100 4132 4101
f 4101 4132 4133
f 4101 4133 4102
f 4102 4133 4134
f 4102 4134 4103
f 4103 4134 4135
f 4103 4135 4072
f 4072 4135 4104
f 4104 4136 4105
f 4105 4136 4137
f 4105 4137 4106
f 4106 4137 4138
f 4106 4138 4107
f 4107 4138 4139
f 4107 4139 4108
f 4108 4139 4140
f 4108 4140 4109
f 4109 4140 4141
f 4109 4141 4110
f 4110 4141 4142
f 4110 4142 4111
f 4111 4142 4143
f 4111 4143 4112
f 4112 4143 4144
f 4112 4144 4113
f 4113 4144 4145
f 4113 4145 4114
f 4114 4145 4146
f 4114 4146 4115
f 4115 4146 4147
f 4115 4147 4116
f 4116 4147 4148
f 4116 4148 4117
f 4117 4148 4149
f 4117 4149 4118
f 4118 4149 4150
f 4118 4150 4119
f 4119 4150 4151
f 4119 4151 4120
f 4120 4151 4152
f 4120 4152 4121
f 4121 4152 4153
f 4121 4153 4122
f 4122 4153 4154
f 4122 4154 4123
f 4123 4154 4155
f 4123 4155 4124
f 4124 4155 4156
f 4124 4156 4125
f 4125 4156 4157
f 4125 4157 4126
f 4126 4157 4158
f 4126 4158 4127
f 4127 4158 4159
f 4127 4159 4128
f 4128 4159 4160
f 4128 4160 4129
f 4129 4160 4161
f 4129 4161 4130
f 4130 4161 4162
f 4130 4162 4131
f 4131 4162 4163
f 4131 4163 4132
f 4132 4163 4164
f 4132 4164 4133
f 4133 4164 4165
f 4133 4165 4134
f 4134 4165 4166
f 4134 4166 4135
f 4135 4166 4167
f 4135 4167 4104
f 4104 4167 4136
f 4136 4168 4137
f 4137 4168 4169
f 4137 4169 4138
f 4138 4169 4170
f 4138 4170 4139
f 4139 4170 4171
f 4139 4171 4140
f 4140 4171 4172
f 4140 4172 4141
f 4141 4172 4173
f 4141 4173 4142
f 4142 4173 4174
f 4142 4174 4143
f 4143 4174 4175
f 4143 4175 4144
f 4144 4175 4176
f 4144 4176 4145
f 4145 4176 4177
f 4145 4177 4146
f 4146 4177 4178
f 4146 4178 4147
f 4147 4178 4179
f 4147 4179 4148
f 4148 4179 4180
f 4148 4180 4149
f 4149 4180 4181
f 4149 4181 4150
f 4150 4181 4182
f 4150 4182 4151
f 4151 4182 4183
f 4151 4183 4152
f 4152 4183 4184
f 4152 4184 4153
f 4153 4184 4185
f 4153 4185 4154
f 4154 4185 4186
f 4154 4186 4155
f 4155 4186 4187
f 4155 4187 4156
f 4156 4187 4188
f 4156 4188 4157
f 4157 4188 4189
f 4157 4189 4158
f 4158 4189 4190
f 4158 4190 4159
f 4159 4190 4191
f 4159 4191 4160
f 4160 4191 4192
f 4160 4192 4161
f 4161 4192 4193
f 4161 4193 4162
f 4162 4193 4194
f 4162 4194 4163
f 4163 4194 4195
f 4163 4195 4164
f 4164 4195 4196
f 4164 4196 4165
f 4165 4196 4197
f 4165 4197 4166
f 4166 4197 4198
f 4166 4198 4167
f 4167 4198 4199
f 4167 4199 4136
f 4136 4199 4168
f 4168 4200 4169
f 4169 4200 4201
f 4169 4201 4170
f 4170 4201 4202
f 4170 4202 4171
f 4171 4202 4203
f 4171 4203 4172
f 4172 4203 4204
f 4172 4204 4173
f 4173 4204 4205
f 4173 4205 4174
f 4174 4205 4206
f 4174 4206 4175
f 4175 4206 4207
f 4175 4207 4176
f 4176 4207 4208
f 4176 4208 4177
f 4177 4208 4209
f 4177 4209 4178
f 4178 4209 4210
f 4178 4210 4179
f 4179 4210 4211
f 4179 4211 4180
f 4180 4211 4212
f 4180 4212 4181
f 4181 4212 4213
f 4181 4213 4182
f 4182 4213 4214
f 4182 4214 4183
f 4183 4214 4215
f 4183 4215 4184
f 4184 4215 4216
f 4184 4216 4185
f 4185 4216 4217
f 4185 4217 4186
f 4186 4217 4218
f 4186 4218 4187
f 4187 4218 4219
f 4187 4219 4188
f 4188 4219 4220
f 4188 4220 4189
f 4189 4220 4221
f 4189 4221 4190
f 4190 4221 4222
f 4190 4222 4191
f 4191 4222 4223
f 4191 4223 4192
f 4192 4223 4224
f 4192 4224 4193
f 4193 4224 4225
f 4193 4225 4194
f 4194 4225 4226
f 4194 4226 4195
f 4195 4226 4227
f 4195 4227 4196
f 4196 4227 4228
f 4196 4228 4197
f 4197 4228 4229
f 4197 4229 4198
f 4198 4229 4230
f 4198 4230 4199
f 4199 4230 4231
f 4199 4231 4168
f 4168 4231 4200
f 4200 4232 4201
f 4201 4232 4233
f 4201 4233 4202
f 4202 4233 4234
f 4202 4234 4203
f 4203 4234 4235
f 4203 4235 4204
f 4204 4235 4236
f 4204 4236 4205
f 4205 4236 4237
f 4205 4237 4206
f 4206 4237 4238
f 4206 4238 4207
f 4207 4238 4239
f 4207 4239 4208
f 4208 4239 4240
f 4208 4240 4209
f 4209 4240 4241
f 4209 4241 4210
f 4210 4241 4242
f 4210 4242 4211
f 4211 4242 4243
f 4211 4243 4212
f 4212 4243 4244
f 4212 4244 4213
f 4213 4244 4245
f 4213 4245 4214
f 4214 4245 4246
f 4214 4246 4215
f 4215 4246 4247
f 4215 4247 4216
f 4216 4247 4248
f 4216 4248 4217
f 4217 4248 4249
f 4217 4249 4218
f 4218 4249 4250
f 4218 4250 4219
f 4219 4250 4251
f 4219 4251 4220
f 4220 4251 4252
f 4220 4252 4221
f 4221 4252 4253
f 4221 4253 4222
f 4222 4253 4254
f 4222 4254 4223
f 4223 4254 4255
f 4223 4255 4224
f 4224 4255 4256
f 4224 4256 4225
f 4225 4256 4257
f 4225 4257 4226
f 4226 4257 4258
f 4226 4258 4227
f 4227 4258 4259
f 4227 4259 4228
f 4228 4259 4260
f 4228 4260 4229
f 4229 4260 4261
f 4229 4261 4230
f 4230 4261 4262
f 4230 4262 4231
f 4231 4262 4263
f 4231 4263 4200
f 4200 4263 4232
f 4232 4264 4233
f 4233 4265 4234
f 4234 4266 4235
f 4235 4267 4236
f 4236 4268 4237
f 4237 4269 4238
f 4238 4270 4239
f 4239 4271 4240
f 4240 4272 4241
f 4241 4273 4242
f 4242 4274 4243
f 4243 4275 4244
f 4244 4276 4245
f 4245 4277 4246
f 4246 4278 4247
f 4247 4279 4248
f 4248 4280 4249
f 4249 4281 4250
f 4250 4282 4251
f 4251 4283 4252
f 4252 4284 4253
f 4253 4285 4254
f 4254 4286 4255
f 4255 4287 4256
f 4256 4288 4257
f 4257 4289 4258
f 4258 4290 4259
f 4259 4291 4260
f 4260 4292 4261
f 4261 4293 4262
f 4262 4294 4263
f 4263 4295 4232
g breathable_air_volume
usemtl air
f 4297 4336 4337
f 4298 4337 4338
f 4299 4338 4339
f 4300 4339 4340
f 4301 4340 4341
f 4302 4341 4342
f 4303 4342 4343
f 4304 4343 4344
f 4305 4344 4345
f 4306 4345 4346
f 4307 4346 4347
f 4308 4347 4348
f 4309 4348 4349
f 4310 4349 4350
f 4311 4350 4351
f 4312 4351 4352
f 4313 4352 4353
f 4314 4353 4354
f 4315 4354 4355
f 4316 4355 4356
f 4317 4356 4357
f 4318 4357 4358
f 4319 4358 4359
f 4320 4359 4360
f 4321 4360 4361
f 4322 4361 4362
f 4323 4362 4363
f 4324 4363 4364
f 4325 4364 4365
f 4326 4365 4366
f 4327 4366 4367
f 4328 4367 4368
f 4329 4368 4369
f 4330 4369 4370
f 4331 4370 4371
f 4332 4371 4372
f 4333 4372 4373
f 4334 4373 4374
f 4335 4374 4375
f 4296 4375 4336
f 4336 4376 4337
f 4337 4376 4377
f 4337 4377 4338
f 4338 4377 4378
f 4338 4378 4339
f 4339 4378 4379
f 4339 4379 4340
f 4340 4379 4380
f 4340 4380 4341
f 4341 4380 4381
f 4341 4381 4342
f 4342 4381 4382
f 4342 4382 4343
f 4343 4382 4383
f 4343 4383 4344
f 4344 4383 4384
f 4344 4384 4345
f 4345 4384 4385
f 4345 4385 4346
f 4346 4385 4386
f 4346 4386 4347
f 4347 4386 4387
f 4347 4387 4348
f 4348 4387 4388
f 4348 4388 4349
f 4349 4388 4389
f 4349 4389 4350
f 4350 4389 4390
f 4350 4390 4351
f 4351 4390 4391
f 4351 4391 4352
f 4352 4391 4392
f 4352 4392 4353
f 4353 4392 4393
f 4353 4393 4354
f 4354 4393 4394
f 4354 4394 4355
f 4355 4394 4395
f 4355 4395 4356
f 4356 4395 4396
f 4356 4396 4357
f 4357 4396 4397
f 4357 4397 4358
f 4358 4397 4398
f 4358 4398 4359
f 4359 4398 4399
f 4359 4399 4360
f 4360 4399 4400
f 4360 4400 4361
f 4361 4400 4401
f 4361 4401 4362
f 4362 4401 4402
f 4362 4402 4363
f 4363 4402 4403
f 4363 4403 4364
f 4364 4403 4404
f 4364 4404 4365
f 4365 4404 4405
f 4365 4405 4366
f 4366 4405 4406
f 4366 4406 4367
f 4367 4406 4407
f 4367 4407 4368
f 4368 4407 4408
f 4368 4408 4369
f 4369 4408 4409
f 4369 4409 4370
f 4370 4409 4410
f 4370 4410 4371
f 4371 4410 4411
f 4371 4411 4372
f 4372 4411 4412
f 4372 4412 4373
f 4373 4412 4413
f 4373 4413 4374
f 4374 4413 4414
f 4374 4414 4375
f 4375 4414 4415
f 4375 4415 4336
f 4336 4415 4376
f 4376 4416 4377
f 4377 4416 4417
f 4377 4417 4378
f 4378 4417 4418
f 4378 4418 4379
f 4379 4418 4419
f 4379 4419 4380
f 4380 4419 4420
f 4380 4420 4381
f 4381 4420 4421
f 4381 4421 4382
f 4382 4421 4422
f 4382 4422 4383
f 4383 4422 4423
f 4383 4423 4384
f 4384 4423 4424
f 4384 4424 4385
f 4385 4424 4425
f 4385 4425 4386
f 4386 4425 4426
f 4386 4426 4387
f 4387 4426 4427
f 4387 4427 4388
f 4388 4427 4428
f 4388 4428 4389
f 4389 4428 4429
f 4389 4429 4390
f 4390 4429 4430
f 4390 4430 4391
f 4391 4430 4431
f 4391 4431 4392
f 4392 4431 4432
f 4392 4432 4393
f 4393 4432 4433
f 4393 4433 4394
f 4394 4433 4434
f 4394 4434 4395
f 4395 4434 4435
f 4395 4435 4396
f 4396 4435 4436
f 4396 4436 4397
f 4397 4436 4437
f 4397 4437 4398
f 4398 4437 4438
f 4398 4438 4399
f 4399 4438 4439
f 4399 4439 4400
f 4400 4439 4440
f 4400 4440 4401
f 4401 4440 4441
f 4401 4441 4402
f 4402 4441 4442
f 4402 4442 4403
f 4403 4442 4443
f 4403 4443 4404
f 4404 4443 4444
f 4404 4444 4405
f 4405 4444 4445
f 4405 4445 4406
f 4406 4445 4446
f 4406 4446 4407
f 4407 4446 4447
f 4407 4447 4408
f 4408 4447 4448
f 4408 4448 4409
f 4409 4448 4449
f 4409 4449 4410
f 4410 4449 4450
f 4410 4450 4411
f 4411 4450 4451
f 4411 4451 4412
f 4412 4451 4452
f 4412 4452 4413
f 4413 4452 4453
f 4413 4453 4414
f 4414 4453 4454
f 4414 4454 4415
f 4415 4454 4455
f 4415 4455 4376
f 4376 4455 4416
f 4416 4456 4417
f 4417 4456 4457
f 4417 4457 4418
f 4418 4457 4458
f 4418 4458 4419
f 4419 4458 4459
f 4419 4459 4420
f 4420 4459 4460
f 4420 4460 4421
f 4421 4460 4461
f 4421 4461 4422
f 4422 4461 4462
f 4422 4462 4423
f 4423 4462 4463
f 4423 4463 4424
f 4424 4463 4464
f 4424 4464 4425
f 4425 4464 4465
f 4425 4465 4426
f 4426 4465 4466
f 4426 4466 4427
f 4427 4466 4467
f 4427 4467 4428
f 4428 4467 4468
f 4428 4468 4429
f 4429 4468 4469
f 4429 4469 4430
f 4430 4469 4470
f 4430 4470 4431
f 4431 4470 4471
f 4431 4471 4432
f 4432 4471 4472
f 4432 4472 4433
f 4433 4472 4473
f 4433 4473 4434
f 4434 4473 4474
f 4434 4474 4435
f 4435 4474 4475
f 4435 4475 4436
f 4436 4475 4476
f 4436 4476 4437
f 4437 4476 4477
f 4437 4477 4438
f 4438 4477 4478
f 4438 4478 4439
f 4439 4478 4479
f 4439 4479 4440
f 4440 4479 4480
f 4440 4480 4441
f 4441 4480 4481
f 4441 4481 4442
f 4442 4481 4482
f 4442 4482 4443
f 4443 4482 4483
f 4443 4483 4444
f 4444 4483 4484
f 4444 4484 4445
f 4445 4484 4485
f 4445 4485 4446
f 4446 4485 4486
f 4446 4486 4447
f 4447 4486 4487
f 4447 4487 4448
f 4448 4487 4488
f 4448 4488 4449
f 4449 4488 4489
f 4449 4489 4450
f 4450 4489 4490
f 4450 4490 4451
f 4451 4490 4491
f 4451 4491 4452
f 4452 4491 4492
f 4452 4492 4453
f 4453 4492 4493
f 4453 4493 4454
f 4454 4493 4494
f 4454 4494 4455
f 4455 4494 4495
f 4455 4495 4416
f 4416 4495 4456
f 4456 4496 4457
f 4457 4496 4497
f 4457 4497 4458
f 4458 4497 4498
f 4458 4498 4459
f 4459 4498 4499
f 4459 4499 4460
f 4460 4499 4500
f 4460 4500 4461
f 4461 4500 4501
f 4461 4501 4462
f 4462 4501 4502
f 4462 4502 4463
f 4463 4502 4503
f 4463 4503 4464
f 4464 4503 4504
f 4464 4504 4465
f 4465 4504 4505
f 4465 4505 4466
f 4466 4505 4506
f 4466 4506 4467
f 4467 4506 4507
f 4467 4507 4468
f 4468 4507 4508
f 4468 4508 4469
f 4469 4508 4509
f 4469 4509 4470
f 4470 4509 4510
f 4470 4510 4471
f 4471 4510 4511
f 4471 4511 4472
f 4472 4511 4512
f 4472 4512 4473
f 4473 4512 4513
f 4473 4513 4474
f 4474 4513 4514
f 4474 4514 4475
f 4475 4514 4515
f 4475 4515 4476
f 4476 4515 4516
f 4476 4516 4477
f 4477 4516 4517
f 4477 4517 4478
f 4478 4517 4518
f 4478 4518 4479
f 4479 4518 4519
f 4479 4519 4480
f 4480 4519 4520
f 4480 4520 4481
f 4481 4520 4521
f 4481 4521 4482
f 4482 4521 4522
f 4482 4522 4483
f 4483 4522 4523
f 4483 4523 4484
f 4484 4523 4524
f 4484 4524 4485
f 4485 4524 4525
f 4485 4525 4486
f 4486 4525 4526
f 4486 4526 4487
f 4487 4526 4527
f 4487 4527 4488
f 4488 4527 4528
f 4488 4528 4489
f 4489 4528 4529
f 4489 4529 4490
f 4490 4529 4530
f 4490 4530 4491
f 4491 4530 4531
f 4491 4531 4492
f 4492 4531 4532
f 4492 4532 4493
f 4493 4532 4533
f 4493 4533 4494
f 4494 4533 4534
f 4494 4534 4495
f 4495 4534 4535
f 4495 4535 4456
f 4456 4535 4496
f 4496 4536 4497
f 4497 4536 4537
f 4497 4537 4498
f 4498 4537 4538
f 4498 4538 4499
f 4499 4538 4539
f 4499 4539 4500
f 4500 4539 4540
f 4500 4540 4501
f 4501 4540 4541
f 4501 4541 4502
f 4502 4541 4542
f 4502 4542 4503
f 4503 4542 4543
f 4503 4543 4504
f 4504 4543 4544
f 4504 4544 4505
f 4505 4544 4545
f 4505 4545 4506
f 4506 4545 4546
f 4506 4546 4507
f 4507 4546 4547
f 4507 4547 4508
f 4508 4547 4548
f 4508 4548 4509
f 4509 4548 4549
f 4509 4549 4510
f 4510 4549 4550
f 4510 4550 4511
f 4511 4550 4551
f 4511 4551 4512
f 4512 4551 4552
f 4512 4552 4513
f 4513 4552 4553
f 4513 4553 4514
f 4514 4553 4554
f 4514 4554 4515
f 4515 4554 4555
f 4515 4555 4516
f 4516 4555 4556
f 4516 4556 4517
f 4517 4556 4557
f 4517 4557 4518
f 4518 4557 4558
f 4518 4558 4519
f 4519 4558 4559
f 4519 4559 4520
f 4520 4559 4560
f 4520 4560 4521
f 4521 4560 4561
f 4521 4561 4522
f 4522 4561 4562
f 4522 4562 4523
f 4523 4562 4563
f 4523 4563 4524
f 4524 4563 4564
f 4524 4564 4525
f 4525 4564 4565
f 4525 4565 4526
f 4526 4565 4566
f 4526 4566 4527
f 4527 4566 4567
f 4527 4567 4528
f 4528 4567 4568
f 4528 4568 4529
f 4529 4568 4569
f 4529 4569 4530
f 4530 4569 4570
f 4530 4570 4531
f 4531 4570 4571
f 4531 4571 4532
f 4532 4571 4572
f 4532 4572 4533
f 4533 4572 4573
f 4533 4573 4534
f 4534 4573 4574
f 4534 4574 4535
f 4535 4574 4575
f 4535 4575 4496
f 4496 4575 4536
f 4536 4576 4537
f 4537 4576 4577
f 4537 4577 4538
f 4538 4577 4578
f 4538 4578 4539
f 4539 4578 4579
f 4539 4579 4540
f 4540 4579 4580
f 4540 4580 4541
f 4541 4580 4581
f 4541 4581 4542
f 4542 4581 4582
f 4542 4582 4543
f 4543 4582 4583
f 4543 4583 4544
f 4544 4583 4584
f 4544 4584 4545
f 4545 4584 4585
f 4545 4585 4546
f 4546 4585 4586
f 4546 4586 4547
f 4547 4586 4587
f 4547 4587 4548
f 4548 4587 4588
f 4548 4588 4549
f 4549 4588 4589
f 4549 4589 4550
f 4550 4589 4590
f 4550 4590 4551
f 4551 4590 4591
f 4551 4591 4552
f 4552 4591 4592
f 4552 4592 4553
f 4553 4592 4593
f 4553 4593 4554
f 4554 4593 4594
f 4554 4594 4555
f 4555 4594 4595
f 4555 4595 4556
f 4556 4595 4596
f 4556 4596 4557
f 4557 4596 4597
f 4557 4597 4558
f 4558 4597 4598
f 4558 4598 4559
f 4559 4598 4599
f 4559 4599 4560
f 4560 4599 4600
f 4560 4600 4561
f 4561 4600 4601
f 4561 4601 4562
f 4562 4601 4602
f 4562 4602 4563
f 4563 4602 4603
f 4563 4603 4564
f 4564 4603 4604
f 4564 4604 4565
f 4565 4604 4605
f 4565 4605 4566
f 4566 4605 4606
f 4566 4606 4567
f 4567 4606 4607
f 4567 4607 4568
f 4568 4607 4608
f 4568 4608 4569
f 4569 4608 4609
f 4569 4609 4570
f 4570 4609 4610
f 4570 4610 4571
f 4571 4610 4611
f 4571 4611 4572
f 4572 4611 4612
f 4572 4612 4573
f 4573 4612 4613
f 4573 4613 4574
f 4574 4613 4614
f 4574 4614 4575
f 4575 4614 4615
f 4575 4615 4536
f 4536 4615 4576
f 4576 4616 4577
f 4577 4616 4617
f 4577 4617 4578
f 4578 4617 4618
f 4578 4618 4579
f 4579 4618 4619
f 4579 4619 4580
f 4580 4619 4620
f 4580 4620 4581
f 4581 4620 4621
f 4581 4621 4582
f 4582 4621 4622
f 4582 4622 4583
f 4583 4622 4623
f 4583 4623 4584
f 4584 4623 4624
f 4584 4624 4585
f 4585 4624 4625
f 4585 4625 4586
f 4586 4625 4626
f 4586 4626 4587
f 4587 4626 4627
f 4587 4627 4588
f 4588 4627 4628
f 4588 4628 4589
f 4589 4628 4629
f 4589 4629 4590
f 4590 4629 4630
f 4590 4630 4591
f 4591 4630 4631
f 4591 4631 4592
f 4592 4631 4632
f 4592 4632 4593
f 4593 4632 4633
f 4593 4633 4594
f 4594 4633 4634
f 4594 4634 4595
f 4595 4634 4635
f 4595 4635 4596
f 4596 4635 4636
f 4596 4636 4597
f 4597 4636 4637
f 4597 4637 4598
f 4598 4637 4638
f 4598 4638 4599
f 4599 4638 4639
f 4599 4639 4600
f 4600 4639 4640
f 4600 4640 4601
f 4601 4640 4641
f 4601 4641 4602
f 4602 4641 4642
f 4602 4642 4603
f 4603 4642 4643
f 4603 4643 4604
f 4604 4643 4644
f 4604 4644 4605
f 4605 4644 4645
f 4605 4645 4606
f 4606 4645 4646
f 4606 4646 4607
f 4607 4646 4647
f 4607 4647 4608
f 4608 4647 4648
f 4608 4648 4609
f 4609 4648 4649
f 4609 4649 4610
f 4610 4649 4650
f 4610 4650 4611
f 4611 4650 4651
f 4611 4651 4612
f 4612 4651 4652
f 4612 4652 4613
f 4613 4652 4653
f 4613 4653 4614
f 4614 4653 4654
f 4614 4654 4615
f 4615 4654 4655
f 4615 4655 4576
f 4576 4655 4616
f 4616 4656 4617
f 4617 4656 4657
f 4617 4657 4618
f 4618 4657 4658
f 4618 4658 4619
f 4619 4658 4659
f 4619 4659 4620
f 4620 4659 4660
f 4620 4660 4621
f 4621 4660 4661
f 4621 4661 4622
f 4622 4661 4662
f 4622 4662 4623
f 4623 4662 4663
f 4623 4663 4624
f 4624 4663 4664
f 4624 4664 4625
f 4625 4664 4665
f 4625 4665 4626
f 4626 4665 4666
f 4626 4666 4627
f 4627 4666 4667
f 4627 4667 4628
f 4628 4667 4668
f 4628 4668 4629
f 4629 4668 4669
f 4629 4669 4630
f 4630 4669 4670
f 4630 4670 4631
f 4631 4670 4671
f 4631 4671 4632
f 4632 4671 4672
f 4632 4672 4633
f 4633 4672 4673
f 4633 4673 4634
f 4634 4673 4674
f 4634 4674 4635
f 4635 4674 4675
f 4635 4675 4636
f 4636 4675 4676
f 4636 4676 4637
f 4637 4676 4677
f 4637 4677 4638
f 4638 4677 4678
f 4638 4678 4639
f 4639 4678 4679
f 4639 4679 4640
f 4640 4679 4680
f 4640 4680 4641
f 4641 4680 4681
f 4641 4681 4642
f 4642 4681 4682
f 4642 4682 4643
f 4643 4682 4683
f 4643 4683 4644
f 4644 4683 4684
f 4644 4684 4645
f 4645 4684 4685
f 4645 4685 4646
f 4646 4685 4686
f 4646 4686 4647
f 4647 4686 4687
f 4647 4687 4648
f 4648 4687 4688
f 4648 4688 4649
f 4649 4688 4689
f 4649 4689 4650
f 4650 4689 4690
f 4650 4690 4651
f 4651 4690 4691
f 4651 4691 4652
f 4652 4691 4692
f 4652 4692 4653
f 4653 4692 4693
f 4653 4693 4654
f 4654 4693 4694
f 4654 4694 4655
f 4655 4694 4695
f 4655 4695 4616
f 4616 4695 4656
f 4656 4696 4657
f 4657 4696 4697
f 4657 4697 4658
f 4658 4697 4698
f 4658 4698 4659
f 4659 4698 4699
f 4659 4699 4660
f 4660 4699 4700
f 4660 4700 4661
f 4661 4700 4701
f 4661 4701 4662
f 4662 4701 4702
f 4662 4702 4663
f 4663 4702 4703
f 4663 4703 4664
f 4664 4703 4704
f 4664 4704 4665
f 4665 4704 4705
f 4665 4705 4666
f 4666 4705 4706
f 4666 4706 4667
f 4667 4706 4707
f 4667 4707 4668
f 4668 4707 4708
f 4668 4708 4669
f 4669 4708 4709
f 4669 4709 4670
f 4670 4709 4710
f 4670 4710 4671
f 4671 4710 4711
f 4671 4711 4672
f 4672 4711 4712
f 4672 4712 4673
f 4673 4712 4713
f 4673 4713 4674
f 4674 4713 4714
f 4674 4714 4675
f 4675 4714 4715
f 4675 4715 4676
f 4676 4715 4716
f 4676 4716 4677
f 4677 4716 4717
f 4677 4717 4678
f 4678 4717 4718
f 4678 4718 4679
f 4679 4718 4719
f 4679 4719 4680
f 4680 4719 4720
f 4680 4720 4681
f 4681 4720 4721
f 4681 4721 4682
f 4682 4721 4722
f 4682 4722 4683
f 4683 4722 4723
f 4683 4723 4684
f 4684 4723 4724
f 4684 4724 4685
f 4685 4724 4725
f 4685 4725 4686
f 4686 4725 4726
f 4686 4726 4687
f 4687 4726 4727
f 4687 4727 4688
f 4688 4727 4728
f 4688 4728 4689
f 4689 4728 4729
f 4689 4729 4690
f 4690 4729 4730
f 4690 4730 4691
f 4691 4730 4731
f 4691 4731 4692
f 4692 4731 4732
f 4692 4732 4693
f 4693 4732 4733
f 4693 4733 4694
f 4694 4733 4734
f 4694 4734 4695
f 4695 4734 4735
f 4695 4735 4656
f 4656 4735 4696
f 4696 4736 4697
f 4697 4736 4737
f 4697 4737 4698
f 4698 4737 4738
f 4698 4738 4699
f 4699 4738 4739
f 4699 4739 4700
f 4700 4739 4740
f 4700 4740 4701
f 4701 4740 4741
f 4701 4741 4702
f 4702 4741 4742
f 4702 4742 4703
f 4703 4742 4743
f 4703 4743 4704
f 4704 4743 4744
f 4704 4744 4705
f 4705 4744 4745
f 4705 4745 4706
f 4706 4745 4746
f 4706 4746 4707
f 4707 4746 4747
f 4707 4747 4708
f 4708 4747 4748
f 4708 4748 4709
f 4709 4748 4749
f 4709 4749 4710
f 4710 4749 4750
f 4710 4750 4711
f 4711 4750 4751
f 4711 4751 4712
f 4712 4751 4752
f 4712 4752 4713
f 4713 4752 4753
f 4713 4753 4714
f 4714 4753 4754
f 4714 4754 4715
f 4715 4754 4755
f 4715 4755 4716
f 4716 4755 4756
f 4716 4756 4717
f 4717 4756 4757
f 4717 4757 4718
f 4718 4757 4758
f 4718 4758 4719
f 4719 4758 4759
f 4719 4759 4720
f 4720 4759 4760
f 4720 4760 4721
f 4721 4760 4761
f 4721 4761 4722
f 4722 4761 4762
f 4722 4762 4723
f 4723 4762 4763
f 4723 4763 4724
f 4724 4763 4764
f 4724 4764 4725
f 4725 4764 4765
f 4725 4765 4726
f 4726 4765 4766
f 4726 4766 4727
f 4727 4766 4767
f 4727 4767 4728
f 4728 4767 4768
f 4728 4768 4729
f 4729 4768 4769
f 4729 4769 4730
f 4730 4769 4770
f 4730 4770 4731
f 4731 4770 4771
f 4731 4771 4732
f 4732 4771 4772
f 4732 4772 4733
f 4733 4772 4773
f 4733 4773 4734
f 4734 4773 4774
f 4734 4774 4735
f 4735 4774 4775
f 4735 4775 4696
f 4696 4775 4736
f 4736 4776 4737
f 4737 4776 4777
f 4737 4777 4738
f 4738 4777 4778
f 4738 4778 4739
f 4739 4778 4779
f 4739 4779 4740
f 4740 4779 4780
f 4740 4780 4741
f 4741 4780 4781
f 4741 4781 4742
f 4742 4781 4782
f 4742 4782 4743
f 4743 4782 4783
f 4743 4783 4744
f 4744 4783 4784
f 4744 4784 4745
f 4745 4784 4785
f 4745 4785 4746
f 4746 4785 4786
f 4746 4786 4747
f 4747 4786 4787
f 4747 4787 4748
f 4748 4787 4788
f 4748 4788 4749
f 4749 4788 4789
f 4749 4789 4750
f 4750 4789 4790
f 4750 4790 4751
f 4751 4790 4791
f 4751 4791 4752
f 4752 4791 4792
f 4752 4792 4753
f 4753 4792 4793
f 4753 4793 4754
f 4754 4793 4794
f 4754 4794 4755
f 4755 4794 4795
f 4755 4795 4756
f 4756 4795 4796
f 4756 4796 4757
f 4757 4796 4797
f 4757 4797 4758
f 4758 4797 4798
f 4758 4798 4759
f 4759 4798 4799
f 4759 4799 4760
f 4760 4799 4800
f 4760 4800 4761
f 4761 4800 4801
f 4761 4801 4762
f 4762 4801 4802
f 4762 4802 4763
f 4763 4802 4803
f 4763 4803 4764
f 4764 4803 4804
f 4764 4804 4765
f 4765 4804 4805
f 4765 4805 4766
f 4766 4805 4806
f 4766 4806 4767
f 4767 4806 4807
f 4767 4807 4768
f 4768 4807 4808
f 4768 4808 4769
f 4769 4808 4809
f 4769 4809 4770
f 4770 4809 4810
f 4770 4810 4771
f 4771 4810 4811
f 4771 4811 4772
f 4772 4811 4812
f 4772 4812 4773
f 4773 4812 4813
f 4773 4813 4774
f 4774 4813 4814
f 4774 4814 4775
f 4775 4814 4815
f 4775 4815 4736
f 4736 4815 4776
f 4776 4816 4777
f 4777 4816 4817
f 4777 4817 4778
f 4778 4817 4818
f 4778 4818 4779
f 4779 4818 4819
f 4779 4819 4780
f 4780 4819 4820
f 4780 4820 4781
f 4781 4820 4821
f 4781 4821 4782
f 4782 4821 4822
f 4782 4822 4783
f 4783 4822 4823
f 4783 4823 4784
f 4784 4823 4824
f 4784 4824 4785
f 4785 4824 4825
f 4785 4825 4786
f 4786 4825 4826
f 4786 4826 4787
f 4787 4826 4827
f 4787 4827 4788
f 4788 4827 4828
f 4788 4828 4789
f 4789 4828 4829
f 4789 4829 4790
f 4790 4829 4830
f 4790 4830 4791
f 4791 4830 4831
f 4791 4831 4792
f 4792 4831 4832
f 4792 4832 4793
f 4793 4832 4833
f 4793 4833 4794
f 4794 4833 4834
f 4794 4834 4795
f 4795 4834 4835
f 4795 4835 4796
f 4796 4835 4836
f 4796 4836 4797
f 4797 4836 4837
f 4797 4837 4798
f 4798 4837 4838
f 4798 4838 4799
f 4799 4838 4839
f 4799 4839 4800
f 4800 4839 4840
f 4800 4840 4801
f 4801 4840 4841
f 4801 4841 4802
f 4802 4841 4842
f 4802 4842 4803
f 4803 4842 4843
f 4803 4843 4804
f 4804 4843 4844
f 4804 4844 4805
f 4805 4844 4845
f 4805 4845 4806
f 4806 4845 4846
f 4806 4846 4807
f 4807 4846 4847
f 4807 4847 4808
f 4808 4847 4848
f 4808 4848 4809
f 4809 4848 4849
f 4809 4849 4810
f 4810 4849 4850
f 4810 4850 4811
f 4811 4850 4851
f 4811 4851 4812
f 4812 4851 4852
f 4812 4852 4813
f 4813 4852 4853
f 4813 4853 4814
f 4814 4853 4854
f 4814 4854 4815
f 4815 4854 4855
f 4815 4855 4776
f 4776 4855 4816
f 4816 4856 4817
f 4817 4856 4857
f 4817 4857 4818
f 4818 4857 4858
f 4818 4858 4819
f 4819 4858 4859
f 4819 4859 4820
f 4820 4859 4860
f 4820 4860 4821
f 4821 4860 4861
f 4821 4861 4822
f 4822 4861 4862
f 4822 4862 4823
f 4823 4862 4863
f 4823 4863 4824
f 4824 4863 4864
f 4824 4864 4825
f 4825 4864 4865
f 4825 4865 4826
f 4826 4865 4866
f 4826 4866 4827
f 4827 4866 4867
f 4827 4867 4828
f 4828 4867 4868
f 4828 4868 4829
f 4829 4868 4869
f 4829 4869 4830
f 4830 4869 4870
f 4830 4870 4831
f 4831 4870 4871
f 4831 4871 4832
f 4832 4871 4872
f 4832 4872 4833
f 4833 4872 4873
f 4833 4873 4834
f 4834 4873 4874
f 4834 4874 4835
f 4835 4874 4875
f 4835 4875 4836
f 4836 4875 4876
f 4836 4876 4837
f 4837 4876 4877
f 4837 4877 4838
f 4838 4877 4878
f 4838 4878 4839
f 4839 4878 4879
f 4839 4879 4840
f 4840 4879 4880
f 4840 4880 4841
f 4841 4880 4881
f 4841 4881 4842
f 4842 4881 4882
f 4842 4882 4843
f 4843 4882 4883
f 4843 4883 4844
f 4844 4883 4884
f 4844 4884 4845
f 4845 4884 4885
f 4845 4885 4846
f 4846 4885 4886
f 4846 4886 4847
f 4847 4886 4887
f 4847 4887 4848
f 4848 4887 4888
f 4848 4888 4849
f 4849 4888 4889
f 4849 4889 4850
f 4850 4889 4890
f 4850 4890 4851
f 4851 4890 4891
f 4851 4891 4852
f 4852 4891 4892
f 4852 4892 4853
f 4853 4892 4893
f 4853 4893 4854
f 4854 4893 4894
f 4854 4894 4855
f 4855 4894 4895
f 4855 4895 4816
f 4816 4895 4856
f 4856 4896 4857
f 4857 4896 4897
f 4857 4897 4858
f 4858 4897 4898
f 4858 4898 4859
f 4859 4898 4899
f 4859 4899 4860
f 4860 4899 4900
f 4860 4900 4861
f 4861 4900 4901
f 4861 4901 4862
f 4862 4901 4902
f 4862 4902 4863
f 4863 4902 4903
f 4863 4903 4864
f 4864 4903 4904
f 4864 4904 4865
f 4865 4904 4905
f 4865 4905 4866
f 4866 4905 4906
f 4866 4906 4867
f 4867 4906 4907
f 4867 4907 4868
f 4868 4907 4908
f 4868 4908 4869
f 4869 4908 4909
f 4869 4909 4870
f 4870 4909 4910
f 4870 4910 4871
f 4871 4910 4911
f 4871 4911 4872
f 4872 4911 4912
f 4872 4912 4873
f 4873 4912 4913
f 4873 4913 4874
f 4874 4913 4914
f 4874 4914 4875
f 4875 4914 4915
f 4875 4915 4876
f 4876 4915 4916
f 4876 4916 4877
f 4877 4916 4917
f 4877 4917 4878
f 4878 4917 4918
f 4878 4918 4879
f 4879 4918 4919
f 4879 4919 4880
f 4880 4919 4920
f 4880 4920 4881
f 4881 4920 4921
f 4881 4921 4882
f 4882 4921 4922
f 4882 4922 4883
f 4883 4922 4923
f 4883 4923 4884
f 4884 4923 4924
f 4884 4924 4885
f 4885 4924 4925
f 4885 4925 4886
f 4886 4925 4926
f 4886 4926 4887
f 4887 4926 4927
f 4887 4927 4888
f 4888 4927 4928
f 4888 4928 4889
f 4889 4928 4929
f 4889 4929 4890
f 4890 4929 4930
f 4890 4930 4891
f 4891 4930 4931
f 4891 4931 4892
f 4892 4931 4932
f 4892 4932 4893
f 4893 4932 4933
f 4893 4933 4894
f 4894 4933 4934
f 4894 4934 4895
f 4895 4934 4935
f 4895 4935 4856
f 4856 4935 4896
f 4896 4936 4897
f 4897 4937 4898
f 4898 4938 4899
f 4899 4939 4900
f 4900 4940 4901
f 4901 4941 4902
f 4902 4942 4903
f 4903 4943 4904
f 4904 4944 4905
f 4905 4945 4906
f 4906 4946 4907
f 4907 4947 4908
f 4908 4948 4909
f 4909 4949 4910
f 4910 4950 4911
f 4911 4951 4912
f 4912 4952 4913
f 4913 4953 4914
f 4914 4954 4915
f 4915 4955 4916
f 4916 4956 4917
f 4917 4957 4918
f 4918 4958 4919
f 4919 4959 4920
f 4920 4960 4921
f 4921 4961 4922
f 4922 4962 4923
f 4923 4963 4924
f 4924 4964 4925
f 4925 4965 4926
f 4926 4966 4927
f 4927 4967 4928
f 4928 4968 4929
f 4929 4969 4930
f 4930 4970 4931
f 4931 4971 4932
f 4932 4972 4933
f 4933 4973 4934
f 4934 4974 4935
f 4935 4975 4896
g ballonets
usemtl ballonet
f 4977 4996 4997
f 4978 4997 4998
f 4979 4998 4999
f 4980 4999 5000
f 4981 5000 5001
f 4982 5001 5002
f 4983 5002 5003
f 4984 5003 5004
f 4985 5004 5005
f 4986 5005 5006
f 4987 5006 5007
f 4988 5007 5008
f 4989 5008 5009
f 4990 5009 5010
f 4991 5010 5011
f 4992 5011 5012
f 4993 5012 5013
f 4994 5013 5014
f 4995 5014 5015
f 4976 5015 4996
f 4996 5016 4997
f 4997 5016 5017
f 4997 5017 4998
f 4998 5017 5018
f 4998 5018 4999
f 4999 5018 5019
f 4999 5019 5000
f 5000 5019 5020
f 5000 5020 5001
f 5001 5020 5021
f 5001 5021 5002
f 5002 5021 5022
f 5002 5022 5003
f 5003 5022 5023
f 5003 5023 5004
f 5004 5023 5024
f 5004 5024 5005
f 5005 5024 5025
f 5005 5025 5006
f 5006 5025 5026
f 5006 5026 5007
f 5007 5026 5027
f 5007 5027 5008
f 5008 5027 5028
f 5008 5028 5009
f 5009 5028 5029
f 5009 5029 5010
f 5010 5029 5030
f 5010 5030 5011
f 5011 5030 5031
f 5011 5031 5012
f 5012 5031 5032
f 5012 5032 5013
f 5013 5032 5033
f 5013 5033 5014
f 5014 5033 5034
f 5014 5034 5015
f 5015 5034 5035
f 5015 5035 4996
f 4996 5035 5016
f 5016 5036 5017
f 5017 5036 5037
f 5017 5037 5018
f 5018 5037 5038
f 5018 5038 5019
f 5019 5038 5039
f 5019 5039 5020
f 5020 5039 5040
f 5020 5040 5021
f 5021 5040 5041
f 5021 5041 5022
f 5022 5041 5042
f 5022 5042 5023
f 5023 5042 5043
f 5023 5043 5024
f 5024 5043 5044
f 5024 5044 5025
f 5025 5044 5045
f 5025 5045 5026
f 5026 5045 5046
f 5026 5046 5027
f 5027 5046 5047
f 5027 5047 5028
f 5028 5047 5048
f 5028 5048 5029
f 5029 5048 5049
f 5029 5049 5030
f 5030 5049 5050
f 5030 5050 5031
f 5031 5050 5051
f 5031 5051 5032
f 5032 5051 5052
f 5032 5052 5033
f 5033 5052 5053
f 5033 5053 5034
f 5034 5053 5054
f 5034 5054 5035
f 5035 5054 5055
f 5035 5055 5016
f 5016 5055 5036
f 5036 5056 5037
f 5037 5056 5057
f 5037 5057 5038
f 5038 5057 5058
f 5038 5058 5039
f 5039 5058 5059
f 5039 5059 5040
f 5040 5059 5060
f 5040 5060 5041
f 5041 5060 5061
f 5041 5061 5042
f 5042 5061 5062
f 5042 5062 5043
f 5043 5062 5063
f 5043 5063 5044
f 5044 5063 5064
f 5044 5064 5045
f 5045 5064 5065
f 5045 5065 5046
f 5046 5065 5066
f 5046 5066 5047
f 5047 5066 5067
f 5047 5067 5048
f 5048 5067 5068
f 5048 5068 5049
f 5049 5068 5069
f 5049 5069 5050
f 5050 5069 5070
f 5050 5070 5051
f 5051 5070 5071
f 5051 5071 5052
f 5052 5071 5072
f 5052 5072 5053
f 5053 5072 5073
f 5053 5073 5054
f 5054 5073 5074
f 5054 5074 5055
f 5055 5074 5075
f 5055 5075 5036
f 5036 5075 5056
f 5056 5076 5057
f 5057 5076 5077
f 5057 5077 5058
f 5058 5077 5078
f 5058 5078 5059
f 5059 5078 5079
f 5059 5079 5060
f 5060 5079 5080
f 5060 5080 5061
f 5061 5080 5081
f 5061 5081 5062
f 5062 5081 5082
f 5062 5082 5063
f 5063 5082 5083
f 5063 5083 5064
f 5064 5083 5084
f 5064 5084 5065
f 5065 5084 5085
f 5065 5085 5066
f 5066 5085 5086
f 5066 5086 5067
f 5067 5086 5087
f 5067 5087 5068
f 5068 5087 5088
f 5068 5088 5069
f 5069 5088 5089
f 5069 5089 5070
f 5070 5089 5090
f 5070 5090 5071
f 5071 5090 5091
f 5071 5091 5072
f 5072 5091 5092
f 5072 5092 5073
f 5073 5092 5093
f 5073 5093 5074
f 5074 5093 5094
f 5074 5094 5075
f 5075 5094 5095
f 5075 5095 5056
f 5056 5095 5076
f 5076 5096 5077
f 5077 5096 5097
f 5077 5097 5078
f 5078 5097 5098
f 5078 5098 5079
f 5079 5098 5099
f 5079 5099 5080
f 5080 5099 5100
f 5080 5100 5081
f 5081 5100 5101
f 5081 5101 5082
f 5082 5101 5102
f 5082 5102 5083
f 5083 5102 5103
f 5083 5103 5084
f 5084 5103 5104
f 5084 5104 5085
f 5085 5104 5105
f 5085 5105 5086
f 5086 5105 5106
f 5086 5106 5087
f 5087 5106 5107
f 5087 5107 5088
f 5088 5107 5108
f 5088 5108 5089
f 5089 5108 5109
f 5089 5109 5090
f 5090 5109 5110
f 5090 5110 5091
f 5091 5110 5111
f 5091 5111 5092
f 5092 5111 5112
f 5092 5112 5093
f 5093 5112 5113
f 5093 5113 5094
f 5094 5113 5114
f 5094 5114 5095
f 5095 5114 5115
f 5095 5115 5076
f 5076 5115 5096
f 5096 5116 5097
f 5097 5116 5117
f 5097 5117 5098
f 5098 5117 5118
f 5098 5118 5099
f 5099 5118 5119
f 5099 5119 5100
f 5100 5119 5120
f 5100 5120 5101
f 5101 5120 5121
f 5101 5121 5102
f 5102 5121 5122
f 5102 5122 5103
f 5103 5122 5123
f 5103 5123 5104
f 5104 5123 5124
f 5104 5124 5105
f 5105 5124 5125
f 5105 5125 5106
f 5106 5125 5126
f 5106 5126 5107
f 5107 5126 5127
f 5107 5127 5108
f 5108 5127 5128
f 5108 5128 5109
f 5109 5128 5129
f 5109 5129 5110
f 5110 5129 5130
f 5110 5130 5111
f 5111 5130 5131
f 5111 5131 5112
f 5112 5131 5132
f 5112 5132 5113
f 5113 5132 5133
f 5113 5133 5114
f 5114 5133 5134
f 5114 5134 5115
f 5115 5134 5135
f 5115 5135 5096
f 5096 5135 5116
f 5116 5136 5117
f 5117 5136 5137
f 5117 5137 5118
f 5118 5137 5138
f 5118 5138 5119
f 5119 5138 5139
f 5119 5139 5120
f 5120 5139 5140
f 5120 5140 5121
f 5121 5140 5141
f 5121 5141 5122
f 5122 5141 5142
f 5122 5142 5123
f 5123 5142 5143
f 5123 5143 5124
f 5124 5143 5144
f 5124 5144 5125
f 5125 5144 5145
f 5125 5145 5126
f 5126 5145 5146
f 5126 5146 5127
f 5127 5146 5147
f 5127 5147 5128
f 5128 5147 5148
f 5128 5148 5129
f 5129 5148 5149
f 5129 5149 5130
f 5130 5149 5150
f 5130 5150 5131
f 5131 5150 5151
f 5131 5151 5132
f 5132 5151 5152
f 5132 5152 5133
f 5133 5152 5153
f 5133 5153 5134
f 5134 5153 5154
f 5134 5154 5135
f 5135 5154 5155
f 5135 5155 5116
f 5116 5155 5136
f 5136 5156 5137
f 5137 5156 5157
f 5137 5157 5138
f 5138 5157 5158
f 5138 5158 5139
f 5139 5158 5159
f 5139 5159 5140
f 5140 5159 5160
f 5140 5160 5141
f 5141 5160 5161
f 5141 5161 5142
f 5142 5161 5162
f 5142 5162 5143
f 5143 5162 5163
f 5143 5163 5144
f 5144 5163 5164
f 5144 5164 5145
f 5145 5164 5165
f 5145 5165 5146
f 5146 5165 5166
f 5146 5166 5147
f 5147 5166 5167
f 5147 5167 5148
f 5148 5167 5168
f 5148 5168 5149
f 5149 5168 5169
f 5149 5169 5150
f 5150 5169 5170
f 5150 5170 5151
f 5151 5170 5171
f 5151 5171 5152
f 5152 5171 5172
f 5152 5172 5153
f 5153 5172 5173
f 5153 5173 5154
f 5154 5173 5174
f 5154 5174 5155
f 5155 5174 5175
f 5155 5175 5136
f 5136 5175 5156
f 5156 5176 5157
f 5157 5177 5158
f 5158 5178 5159
f 5159 5179 5160
f 5160 5180 5161
f 5161 5181 5162
f 5162 5182 5163
f 5163 5183 5164
f 5164 5184 5165
f 5165 5185 5166
f 5166 5186 5167
f 5167 5187 5168
f 5168 5188 5169
f 5169 5189 5170
f 5170 5190 5171
f 5171 5191 5172
f 5172 5192 5173
f 5173 5193 5174
f 5174 5194 5175
f 5175 5195 5156
f 5197 5216 5217
f 5198 5217 5218
f 5199 5218 5219
f 5200 5219 5220
f 5201 5220 5221
f 5202 5221 5222
f 5203 5222 5223
f 5204 5223 5224
f 5205 5224 5225
f 5206 5225 5226
f 5207 5226 5227
f 5208 5227 5228
f 5209 5228 5229
f 5210 5229 5230
f 5211 5230 5231
f 5212 5231 5232
f 5213 5232 5233
f 5214 5233 5234
f 5215 5234 5235
f 5196 5235 5216
f 5216 5236 5217
f 5217 5236 5237
f 5217 5237 5218
f 5218 5237 5238
f 5218 5238 5219
f 5219 5238 5239
f 5219 5239 5220
f 5220 5239 5240
f 5220 5240 5221
f 5221 5240 5241
f 5221 5241 5222
f 5222 5241 5242
f 5222 5242 5223
f 5223 5242 5243
f 5223 5243 5224
f 5224 5243 5244
f 5224 5244 5225
f 5225 5244 5245
f 5225 5245 5226
f 5226 5245 5246
f 5226 5246 5227
f 5227 5246 5247
f 5227 5247 5228
f 5228 5247 5248
f 5228 5248 5229
f 5229 5248 5249
f 5229 5249 5230
f 5230 5249 5250
f 5230 5250 5231
f 5231 5250 5251
f 5231 5251 5232
f 5232 5251 5252
f 5232 5252 5233
f 5233 5252 5253
f 5233 5253 5234
f 5234 5253 5254
f 5234 5254 5235
f 5235 5254 5255
f 5235 5255 5216
f 5216 5255 5236
f 5236 5256 5237
f 5237 5256 5257
f 5237 5257 5238
f 5238 5257 5258
f 5238 5258 5239
f 5239 5258 5259
f 5239 5259 5240
f 5240 5259 5260
f 5240 5260 5241
f 5241 5260 5261
f 5241 5261 5242
f 5242 5261 5262
f 5242 5262 5243
f 5243 5262 5263
f 5243 5263 5244
f 5244 5263 5264
f 5244 5264 5245
f 5245 5264 5265
f 5245 5265 5246
f 5246 5265 5266
f 5246 5266 5247
f 5247 5266 5267
f 5247 5267 5248
f 5248 5267 5268
f 5248 5268 5249
f 5249 5268 5269
f 5249 5269 5250
f 5250 5269 5270
f 5250 5270 5251
f 5251 5270 5271
f 5251 5271 5252
f 5252 5271 5272
f 5252 5272 5253
f 5253 5272 5273
f 5253 5273 5254
f 5254 5273 5274
f 5254 5274 5255
f 5255 5274 5275
f 5255 5275 5236
f 5236 5275 5256
f 5256 5276 5257
f 5257 5276 5277
f 5257 5277 5258
f 5258 5277 5278
f 5258 5278 5259
f 5259 5278 5279
f 5259 5279 5260
f 5260 5279 5280
f 5260 5280 5261
f 5261 5280 5281
f 5261 5281 5262
f 5262 5281 5282
f 5262 5282 5263
f 5263 5282 5283
f 5263 5283 5264
f 5264 5283 5284
f 5264 5284 5265
f 5265 5284 5285
f 5265 5285 5266
f 5266 5285 5286
f 5266 5286 5267
f 5267 5286 5287
f 5267 5287 5268
f 5268 5287 5288
f 5268 5288 5269
f 5269 5288 5289
f 5269 5289 5270
f 5270 5289 5290
f 5270 5290 5271
f 5271 5290 5291
f 5271 5291 5272
f 5272 5291 5292
f 5272 5292 5273
f 5273 5292 5293
f 5273 5293 5274
f 5274 5293 5294
f 5274 5294 5275
f 5275 5294 5295
f 5275 5295 5256
f 5256 5295 5276
f 5276 5296 5277
f 5277 5296 5297
f 5277 5297 5278
f 5278 5297 5298
f 5278 5298 5279
f 5279 5298 5299
f 5279 5299 5280
f 5280 5299 5300
f 5280 5300 5281
f 5281 5300 5301
f 5281 5301 5282
f 5282 5301 5302
f 5282 5302 5283
f 5283 5302 5303
f 5283 5303 5284
f 5284 5303 5304
f 5284 5304 5285
f 5285 5304 5305
f 5285 5305 5286
f 5286 5305 5306
f 5286 5306 5287
f 5287 5306 5307
f 5287 5307 5288
f 5288 5307 5308
f 5288 5308 5289
f 5289 5308 5309
f 5289 5309 5290
f 5290 5309 5310
f 5290 5310 5291
f 5291 5310 5311
f 5291 5311 5292
f 5292 5311 5312
f 5292 5312 5293
f 5293 5312 5313
f 5293 5313 5294
f 5294 5313 5314
f 5294 5314 5295
f 5295 5314 5315
f 5295 5315 5276
f 5276 5315 5296
f 5296 5316 5297
f 5297 5316 5317
f 5297 5317 5298
f 5298 5317 5318
f 5298 5318 5299
f 5299 5318 5319
f 5299 5319 5300
f 5300 5319 5320
f 5300 5320 5301
f 5301 5320 5321
f 5301 5321 5302
f 5302 5321 5322
f 5302 5322 5303
f 5303 5322 5323
f 5303 5323 5304
f 5304 5323 5324
f 5304 5324 5305
f 5305 5324 5325
f 5305 5325 5306
f 5306 5325 5326
f 5306 5326 5307
f 5307 5326 5327
f 5307 5327 5308
f 5308 5327 5328
f 5308 5328 5309
f 5309 5328 5329
f 5309 5329 5310
f 5310 5329 5330
f 5310 5330 5311
f 5311 5330 5331
f 5311 5331 5312
f 5312 5331 5332
f 5312 5332 5313
f 5313 5332 5333
f 5313 5333 5314
f 5314 5333 5334
f 5314 5334 5315
f 5315 5334 5335
f 5315 5335 5296
f 5296 5335 5316
f 5316 5336 5317
f 5317 5336 5337
f 5317 5337 5318
f 5318 5337 5338
f 5318 5338 5319
f 5319 5338 5339
f 5319 5339 5320
f 5320 5339 5340
f 5320 5340 5321
f 5321 5340 5341
f 5321 5341 5322
f 5322 5341 5342
f 5322 5342 5323
f 5323 5342 5343
f 5323 5343 5324
f 5324 5343 5344
f 5324 5344 5325
f 5325 5344 5345
f 5325 5345 5326
f 5326 5345 5346
f 5326 5346 5327
f 5327 5346 5347
f 5327 5347 5328
f 5328 5347 5348
f 5328 5348 5329
f 5329 5348 5349
f 5329 5349 5330
f 5330 5349 5350
f 5330 5350 5331
f 5331 5350 5351
f 5331 5351 5332
f 5332 5351 5352
f 5332 5352 5333
f 5333 5352 5353
f 5333 5353 5334
f 5334 5353 5354
f 5334 5354 5335
f 5335 5354 5355
f 5335 5355 5316
f 5316 5355 5336
f 5336 5356 5337
f 5337 5356 5357
f 5337 5357 5338
f 5338 5357 5358
f 5338 5358 5339
f 5339 5358 5359
f 5339 5359 5340
f 5340 5359 5360
f 5340 5360 5341
f 5341 5360 5361
f 5341 5361 5342
f 5342 5361 5362
f 5342 5362 5343
f 5343 5362 5363
f 5343 5363 5344
f 5344 5363 5364
f 5344 5364 5345
f 5345 5364 5365
f 5345 5365 5346
f 5346 5365 5366
f 5346 5366 5347
f 5347 5366 5367
f 5347 5367 5348
f 5348 5367 5368
f 5348 5368 5349
f 5349 5368 5369
f 5349 5369 5350
f 5350 5369 5370
f 5350 5370 5351
f 5351 5370 5371
f 5351 5371 5352
f 5352 5371 5372
f 5352 5372 5353
f 5353 5372 5373
f 5353 5373 5354
f 5354 5373 5374
f 5354 5374 5355
f 5355 5374 5375
f 5355 5375 5336
f 5336 5375 5356
f 5356 5376 5357
f 5357 5376 5377
f 5357 5377 5358
f 5358 5377 5378
f 5358 5378 5359
f 5359 5378 5379
f 5359 5379 5360
f 5360 5379 5380
f 5360 5380 5361
f 5361 5380 5381
f 5361 5381 5362
f 5362 5381 5382
f 5362 5382 5363
f 5363 5382 5383
f 5363 5383 5364
f 5364 5383 5384
f 5364 5384 5365
f 5365 5384 5385
f 5365 5385 5366
f 5366 5385 5386
f 5366 5386 5367
f 5367 5386 5387
f 5367 5387 5368
f 5368 5387 5388
f 5368 5388 5369
f 5369 5388 5389
f 5369 5389 5370
f 5370 5389 5390
f 5370 5390 5371
f 5371 5390 5391
f 5371 5391 5372
f 5372 5391 5392
f 5372 5392 5373
f 5373 5392 5393
f 5373 5393 5374
f 5374 5393 5394
f 5374 5394 5375
f 5375 5394 5395
f 5375 5395 5356
f 5356 5395 5376
f 5376 5396 5377
f 5377 5397 5378
f 5378 5398 5379
f 5379 5399 5380
f 5380 5400 5381
f 5381 5401 5382
f 5382 5402 5383
f 5383 5403 5384
f 5384 5404 5385
f 5385 5405 5386
f 5386 5406 5387
f 5387 5407 5388
f 5388 5408 5389
f 5389 5409 5390
f 5390 5410 5391
f 5391 5411 5392
f 5392 5412 5393
f 5393 5413 5394
f 5394 5414 5395
f 5395 5415 5376
g gondola
usemtl gondola
f 5416 5418 5419
f 5416 5419 5417
f 5420 5421 5423
f 5420 5423 5422
f 5416 5417 5421
f 5416 5421 5420
f 5418 5422 5423
f 5418 5423 5419
f 5416 5420 5422
f 5416 5422 5418
f 5417 5419 5423
f 5417 5423 5421
g crew_module
usemtl crew
f 5424 5426 5427
f 5424 5427 5425
f 5428 5429 5431
f 5428 5431 5430
f 5424 5425 5429
f 5424 5429 5428
f 5426 5430 5431
f 5426 5431 5427
f 5424 5428 5430
f 5424 5430 5426
f 5425 5427 5431
f 5425 5431 5429
g suspension
usemtl line
f 5432 5433 5438
f 5433 5439 5438
f 5433 5434 5439
f 5434 5440 5439
f 5434 5435 5440
f 5435 5441 5440
f 5435 5436 5441
f 5436 5442 5441
f 5436 5437 5442
f 5437 5443 5442
f 5437 5432 5443
f 5432 5438 5443
f 5444 5445 5450
f 5445 5451 5450
f 5445 5446 5451
f 5446 5452 5451
f 5446 5447 5452
f 5447 5453 5452
f 5447 5448 5453
f 5448 5454 5453
f 5448 5449 5454
f 5449 5455 5454
f 5449 5444 5455
f 5444 5450 5455
f 5456 5457 5462
f 5457 5463 5462
f 5457 5458 5463
f 5458 5464 5463
f 5458 5459 5464
f 5459 5465 5464
f 5459 5460 5465
f 5460 5466 5465
f 5460 5461 5466
f 5461 5467 5466
f 5461 5456 5467
f 5456 5462 5467
f 5468 5469 5474
f 5469 5475 5474
f 5469 5470 5475
f 5470 5476 5475
f 5470 5471 5476
f 5471 5477 5476
f 5471 5472 5477
f 5472 5478 5477
f 5472 5473 5478
f 5473 5479 5478
f 5473 5468 5479
f 5468 5474 5479
g propulsors
usemtl truss
f 5480 5481 5508
f 5481 5509 5508
f 5481 5482 5509
f 5482 5510 5509
f 5482 5483 5510
f 5483 5511 5510
f 5483 5484 5511
f 5484 5512 5511
f 5484 5485 5512
f 5485 5513 5512
f 5485 5486 5513
f 5486 5514 5513
f 5486 5487 5514
f 5487 5515 5514
f 5487 5488 5515
f 5488 5516 5515
f 5488 5489 5516
f 5489 5517 5516
f 5489 5490 5517
f 5490 5518 5517
f 5490 5491 5518
f 5491 5519 5518
f 5491 5492 5519
f 5492 5520 5519
f 5492 5493 5520
f 5493 5521 5520
f 5493 5494 5521
f 5494 5522 5521
f 5494 5495 5522
f 5495 5523 5522
f 5495 5496 5523
f 5496 5524 5523
f 5496 5497 5524
f 5497 5525 5524
f 5497 5498 5525
f 5498 5526 5525
f 5498 5499 5526
f 5499 5527 5526
f 5499 5500 5527
f 5500 5528 5527
f 5500 5501 5528
f 5501 5529 5528
f 5501 5502 5529
f 5502 5530 5529
f 5502 5503 5530
f 5503 5531 5530
f 5503 5504 5531
f 5504 5532 5531
f 5504 5505 5532
f 5505 5533 5532
f 5505 5506 5533
f 5506 5534 5533
f 5506 5507 5534
f 5507 5535 5534
f 5507 5480 5535
f 5480 5508 5535
f 5536 5481 5480
f 5537 5508 5509
f 5536 5482 5481
f 5537 5509 5510
f 5536 5483 5482
f 5537 5510 5511
f 5536 5484 5483
f 5537 5511 5512
f 5536 5485 5484
f 5537 5512 5513
f 5536 5486 5485
f 5537 5513 5514
f 5536 5487 5486
f 5537 5514 5515
f 5536 5488 5487
f 5537 5515 5516
f 5536 5489 5488
f 5537 5516 5517
f 5536 5490 5489
f 5537 5517 5518
f 5536 5491 5490
f 5537 5518 5519
f 5536 5492 5491
f 5537 5519 5520
f 5536 5493 5492
f 5537 5520 5521
f 5536 5494 5493
f 5537 5521 5522
f 5536 5495 5494
f 5537 5522 5523
f 5536 5496 5495
f 5537 5523 5524
f 5536 5497 5496
f 5537 5524 5525
f 5536 5498 5497
f 5537 5525 5526
f 5536 5499 5498
f 5537 5526 5527
f 5536 5500 5499
f 5537 5527 5528
f 5536 5501 5500
f 5537 5528 5529
f 5536 5502 5501
f 5537 5529 5530
f 5536 5503 5502
f 5537 5530 5531
f 5536 5504 5503
f 5537 5531 5532
f 5536 5505 5504
f 5537 5532 5533
f 5536 5506 5505
f 5537 5533 5534
f 5536 5507 5506
f 5537 5534 5535
f 5536 5480 5507
f 5537 5535 5508
f 5538 5539 5566
f 5539 5567 5566
f 5539 5540 5567
f 5540 5568 5567
f 5540 5541 5568
f 5541 5569 5568
f 5541 5542 5569
f 5542 5570 5569
f 5542 5543 5570
f 5543 5571 5570
f 5543 5544 5571
f 5544 5572 5571
f 5544 5545 5572
f 5545 5573 5572
f 5545 5546 5573
f 5546 5574 5573
f 5546 5547 5574
f 5547 5575 5574
f 5547 5548 5575
f 5548 5576 5575
f 5548 5549 5576
f 5549 5577 5576
f 5549 5550 5577
f 5550 5578 5577
f 5550 5551 5578
f 5551 5579 5578
f 5551 5552 5579
f 5552 5580 5579
f 5552 5553 5580
f 5553 5581 5580
f 5553 5554 5581
f 5554 5582 5581
f 5554 5555 5582
f 5555 5583 5582
f 5555 5556 5583
f 5556 5584 5583
f 5556 5557 5584
f 5557 5585 5584
f 5557 5558 5585
f 5558 5586 5585
f 5558 5559 5586
f 5559 5587 5586
f 5559 5560 5587
f 5560 5588 5587
f 5560 5561 5588
f 5561 5589 5588
f 5561 5562 5589
f 5562 5590 5589
f 5562 5563 5590
f 5563 5591 5590
f 5563 5564 5591
f 5564 5592 5591
f 5564 5565 5592
f 5565 5593 5592
f 5565 5538 5593
f 5538 5566 5593
f 5594 5539 5538
f 5595 5566 5567
f 5594 5540 5539
f 5595 5567 5568
f 5594 5541 5540
f 5595 5568 5569
f 5594 5542 5541
f 5595 5569 5570
f 5594 5543 5542
f 5595 5570 5571
f 5594 5544 5543
f 5595 5571 5572
f 5594 5545 5544
f 5595 5572 5573
f 5594 5546 5545
f 5595 5573 5574
f 5594 5547 5546
f 5595 5574 5575
f 5594 5548 5547
f 5595 5575 5576
f 5594 5549 5548
f 5595 5576 5577
f 5594 5550 5549
f 5595 5577 5578
f 5594 5551 5550
f 5595 5578 5579
f 5594 5552 5551
f 5595 5579 5580
f 5594 5553 5552
f 5595 5580 5581
f 5594 5554 5553
f 5595 5581 5582
f 5594 5555 5554
f 5595 5582 5583
f 5594 5556 5555
f 5595 5583 5584
f 5594 5557 5556
f 5595 5584 5585
f 5594 5558 5557
f 5595 5585 5586
f 5594 5559 5558
f 5595 5586 5587
f 5594 5560 5559
f 5595 5587 5588
f 5594 5561 5560
f 5595 5588 5589
f 5594 5562 5561
f 5595 5589 5590
f 5594 5563 5562
f 5595 5590 5591
f 5594 5564 5563
f 5595 5591 5592
f 5594 5565 5564
f 5595 5592 5593
f 5594 5538 5565
f 5595 5593 5566
g vesper_stage_1
usemtl vesper
f 5596 5597 5628
f 5597 5629 5628
f 5597 5598 5629
f 5598 5630 5629
f 5598 5599 5630
f 5599 5631 5630
f 5599 5600 5631
f 5600 5632 5631
f 5600 5601 5632
f 5601 5633 5632
f 5601 5602 5633
f 5602 5634 5633
f 5602 5603 5634
f 5603 5635 5634
f 5603 5604 5635
f 5604 5636 5635
f 5604 5605 5636
f 5605 5637 5636
f 5605 5606 5637
f 5606 5638 5637
f 5606 5607 5638
f 5607 5639 5638
f 5607 5608 5639
f 5608 5640 5639
f 5608 5609 5640
f 5609 5641 5640
f 5609 5610 5641
f 5610 5642 5641
f 5610 5611 5642
f 5611 5643 5642
f 5611 5612 5643
f 5612 5644 5643
f 5612 5613 5644
f 5613 5645 5644
f 5613 5614 5645
f 5614 5646 5645
f 5614 5615 5646
f 5615 5647 5646
f 5615 5616 5647
f 5616 5648 5647
f 5616 5617 5648
f 5617 5649 5648
f 5617 5618 5649
f 5618 5650 5649
f 5618 5619 5650
f 5619 5651 5650
f 5619 5620 5651
f 5620 5652 5651
f 5620 5621 5652
f 5621 5653 5652
f 5621 5622 5653
f 5622 5654 5653
f 5622 5623 5654
f 5623 5655 5654
f 5623 5624 5655
f 5624 5656 5655
f 5624 5625 5656
f 5625 5657 5656
f 5625 5626 5657
f 5626 5658 5657
f 5626 5627 5658
f 5627 5659 5658
f 5627 5596 5659
f 5596 5628 5659
f 5660 5597 5596
f 5661 5628 5629
f 5660 5598 5597
f 5661 5629 5630
f 5660 5599 5598
f 5661 5630 5631
f 5660 5600 5599
f 5661 5631 5632
f 5660 5601 5600
f 5661 5632 5633
f 5660 5602 5601
f 5661 5633 5634
f 5660 5603 5602
f 5661 5634 5635
f 5660 5604 5603
f 5661 5635 5636
f 5660 5605 5604
f 5661 5636 5637
f 5660 5606 5605
f 5661 5637 5638
f 5660 5607 5606
f 5661 5638 5639
f 5660 5608 5607
f 5661 5639 5640
f 5660 5609 5608
f 5661 5640 5641
f 5660 5610 5609
f 5661 5641 5642
f 5660 5611 5610
f 5661 5642 5643
f 5660 5612 5611
f 5661 5643 5644
f 5660 5613 5612
f 5661 5644 5645
f 5660 5614 5613
f 5661 5645 5646
f 5660 5615 5614
f 5661 5646 5647
f 5660 5616 5615
f 5661 5647 5648
f 5660 5617 5616
f 5661 5648 5649
f 5660 5618 5617
f 5661 5649 5650
f 5660 5619 5618
f 5661 5650 5651
f 5660 5620 5619
f 5661 5651 5652
f 5660 5621 5620
f 5661 5652 5653
f 5660 5622 5621
f 5661 5653 5654
f 5660 5623 5622
f 5661 5654 5655
f 5660 5624 5623
f 5661 5655 5656
f 5660 5625 5624
f 5661 5656 5657
f 5660 5626 5625
f 5661 5657 5658
f 5660 5627 5626
f 5661 5658 5659
f 5660 5596 5627
f 5661 5659 5628
g vesper_stage_2
usemtl vesper
f 5662 5663 5694
f 5663 5695 5694
f 5663 5664 5695
f 5664 5696 5695
f 5664 5665 5696
f 5665 5697 5696
f 5665 5666 5697
f 5666 5698 5697
f 5666 5667 5698
f 5667 5699 5698
f 5667 5668 5699
f 5668 5700 5699
f 5668 5669 5700
f 5669 5701 5700
f 5669 5670 5701
f 5670 5702 5701
f 5670 5671 5702
f 5671 5703 5702
f 5671 5672 5703
f 5672 5704 5703
f 5672 5673 5704
f 5673 5705 5704
f 5673 5674 5705
f 5674 5706 5705
f 5674 5675 5706
f 5675 5707 5706
f 5675 5676 5707
f 5676 5708 5707
f 5676 5677 5708
f 5677 5709 5708
f 5677 5678 5709
f 5678 5710 5709
f 5678 5679 5710
f 5679 5711 5710
f 5679 5680 5711
f 5680 5712 5711
f 5680 5681 5712
f 5681 5713 5712
f 5681 5682 5713
f 5682 5714 5713
f 5682 5683 5714
f 5683 5715 5714
f 5683 5684 5715
f 5684 5716 5715
f 5684 5685 5716
f 5685 5717 5716
f 5685 5686 5717
f 5686 5718 5717
f 5686 5687 5718
f 5687 5719 5718
f 5687 5688 5719
f 5688 5720 5719
f 5688 5689 5720
f 5689 5721 5720
f 5689 5690 5721
f 5690 5722 5721
f 5690 5691 5722
f 5691 5723 5722
f 5691 5692 5723
f 5692 5724 5723
f 5692 5693 5724
f 5693 5725 5724
f 5693 5662 5725
f 5662 5694 5725
f 5726 5663 5662
f 5727 5694 5695
f 5726 5664 5663
f 5727 5695 5696
f 5726 5665 5664
f 5727 5696 5697
f 5726 5666 5665
f 5727 5697 5698
f 5726 5667 5666
f 5727 5698 5699
f 5726 5668 5667
f 5727 5699 5700
f 5726 5669 5668
f 5727 5700 5701
f 5726 5670 5669
f 5727 5701 5702
f 5726 5671 5670
f 5727 5702 5703
f 5726 5672 5671
f 5727 5703 5704
f 5726 5673 5672
f 5727 5704 5705
f 5726 5674 5673
f 5727 5705 5706
f 5726 5675 5674
f 5727 5706 5707
f 5726 5676 5675
f 5727 5707 5708
f 5726 5677 5676
f 5727 5708 5709
f 5726 5678 5677
f 5727 5709 5710
f 5726 5679 5678
f 5727 5710 5711
f 5726 5680 5679
f 5727 5711 5712
f 5726 5681 5680
f 5727 5712 5713
f 5726 5682 5681
f 5727 5713 5714
f 5726 5683 5682
f 5727 5714 5715
f 5726 5684 5683
f 5727 5715 5716
f 5726 5685 5684
f 5727 5716 5717
f 5726 5686 5685
f 5727 5717 5718
f 5726 5687 5686
f 5727 5718 5719
f 5726 5688 5687
f 5727 5719 5720
f 5726 5689 5688
f 5727 5720 5721
f 5726 5690 5689
f 5727 5721 5722
f 5726 5691 5690
f 5727 5722 5723
f 5726 5692 5691
f 5727 5723 5724
f 5726 5693 5692
f 5727 5724 5725
f 5726 5662 5693
f 5727 5725 5694
g vesper_capsule
usemtl crew
f 5728 5729 5760
f 5729 5761 5760
f 5729 5730 5761
f 5730 5762 5761
f 5730 5731 5762
f 5731 5763 5762
f 5731 5732 5763
f 5732 5764 5763
f 5732 5733 5764
f 5733 5765 5764
f 5733 5734 5765
f 5734 5766 5765
f 5734 5735 5766
f 5735 5767 5766
f 5735 5736 5767
f 5736 5768 5767
f 5736 5737 5768
f 5737 5769 5768
f 5737 5738 5769
f 5738 5770 5769
f 5738 5739 5770
f 5739 5771 5770
f 5739 5740 5771
f 5740 5772 5771
f 5740 5741 5772
f 5741 5773 5772
f 5741 5742 5773
f 5742 5774 5773
f 5742 5743 5774
f 5743 5775 5774
f 5743 5744 5775
f 5744 5776 5775
f 5744 5745 5776
f 5745 5777 5776
f 5745 5746 5777
f 5746 5778 5777
f 5746 5747 5778
f 5747 5779 5778
f 5747 5748 5779
f 5748 5780 5779
f 5748 5749 5780
f 5749 5781 5780
f 5749 5750 5781
f 5750 5782 5781
f 5750 5751 5782
f 5751 5783 5782
f 5751 5752 5783
f 5752 5784 5783
f 5752 5753 5784
f 5753 5785 5784
f 5753 5754 5785
f 5754 5786 5785
f 5754 5755 5786
f 5755 5787 5786
f 5755 5756 5787
f 5756 5788 5787
f 5756 5757 5788
f 5757 5789 5788
f 5757 5758 5789
f 5758 5790 5789
f 5758 5759 5790
f 5759 5791 5790
f 5759 5728 5791
f 5728 5760 5791
f 5792 5729 5728
f 5793 5760 5761
f 5792 5730 5729
f 5793 5761 5762
f 5792 5731 5730
f 5793 5762 5763
f 5792 5732 5731
f 5793 5763 5764
f 5792 5733 5732
f 5793 5764 5765
f 5792 5734 5733
f 5793 5765 5766
f 5792 5735 5734
f 5793 5766 5767
f 5792 5736 5735
f 5793 5767 5768
f 5792 5737 5736
f 5793 5768 5769
f 5792 5738 5737
f 5793 5769 5770
f 5792 5739 5738
f 5793 5770 5771
f 5792 5740 5739
f 5793 5771 5772
f 5792 5741 5740
f 5793 5772 5773
f 5792 5742 5741
f 5793 5773 5774
f 5792 5743 5742
f 5793 5774 5775
f 5792 5744 5743
f 5793 5775 5776
f 5792 5745 5744
f 5793 5776 5777
f 5792 5746 5745
f 5793 5777 5778
f 5792 5747 5746
f 5793 5778 5779
f 5792 5748 5747
f 5793 5779 5780
f 5792 5749 5748
f 5793 5780 5781
f 5792 5750 5749
f 5793 5781 5782
f 5792 5751 5750
f 5793 5782 5783
f 5792 5752 5751
f 5793 5783 5784
f 5792 5753 5752
f 5793 5784 5785
f 5792 5754 5753
f 5793 5785 5786
f 5792 5755 5754
f 5793 5786 5787
f 5792 5756 5755
f 5793 5787 5788
f 5792 5757 5756
f 5793 5788 5789
f 5792 5758 5757
f 5793 5789 5790
f 5792 5759 5758
f 5793 5790 5791
f 5792 5728 5759
f 5793 5791 5760
g vesper_engines
usemtl engine
f 5794 5795 5810
f 5795 5811 5810
f 5795 5796 5811
f 5796 5812 5811
f 5796 5797 5812
f 5797 5813 5812
f 5797 5798 5813
f 5798 5814 5813
f 5798 5799 5814
f 5799 5815 5814
f 5799 5800 5815
f 5800 5816 5815
f 5800 5801 5816
f 5801 5817 5816
f 5801 5802 5817
f 5802 5818 5817
f 5802 5803 5818
f 5803 5819 5818
f 5803 5804 5819
f 5804 5820 5819
f 5804 5805 5820
f 5805 5821 5820
f 5805 5806 5821
f 5806 5822 5821
f 5806 5807 5822
f 5807 5823 5822
f 5807 5808 5823
f 5808 5824 5823
f 5808 5809 5824
f 5809 5825 5824
f 5809 5794 5825
f 5794 5810 5825
f 5826 5795 5794
f 5827 5810 5811
f 5826 5796 5795
f 5827 5811 5812
f 5826 5797 5796
f 5827 5812 5813
f 5826 5798 5797
f 5827 5813 5814
f 5826 5799 5798
f 5827 5814 5815
f 5826 5800 5799
f 5827 5815 5816
f 5826 5801 5800
f 5827 5816 5817
f 5826 5802 5801
f 5827 5817 5818
f 5826 5803 5802
f 5827 5818 5819
f 5826 5804 5803
f 5827 5819 5820
f 5826 5805 5804
f 5827 5820 5821
f 5826 5806 5805
f 5827 5821 5822
f 5826 5807 5806
f 5827 5822 5823
f 5826 5808 5807
f 5827 5823 5824
f 5826 5809 5808
f 5827 5824 5825
f 5826 5794 5809
f 5827 5825 5810
f 5828 5829 5844
f 5829 5845 5844
f 5829 5830 5845
f 5830 5846 5845
f 5830 5831 5846
f 5831 5847 5846
f 5831 5832 5847
f 5832 5848 5847
f 5832 5833 5848
f 5833 5849 5848
f 5833 5834 5849
f 5834 5850 5849
f 5834 5835 5850
f 5835 5851 5850
f 5835 5836 5851
f 5836 5852 5851
f 5836 5837 5852
f 5837 5853 5852
f 5837 5838 5853
f 5838 5854 5853
f 5838 5839 5854
f 5839 5855 5854
f 5839 5840 5855
f 5840 5856 5855
f 5840 5841 5856
f 5841 5857 5856
f 5841 5842 5857
f 5842 5858 5857
f 5842 5843 5858
f 5843 5859 5858
f 5843 5828 5859
f 5828 5844 5859
f 5860 5829 5828
f 5861 5844 5845
f 5860 5830 5829
f 5861 5845 5846
f 5860 5831 5830
f 5861 5846 5847
f 5860 5832 5831
f 5861 5847 5848
f 5860 5833 5832
f 5861 5848 5849
f 5860 5834 5833
f 5861 5849 5850
f 5860 5835 5834
f 5861 5850 5851
f 5860 5836 5835
f 5861 5851 5852
f 5860 5837 5836
f 5861 5852 5853
f 5860 5838 5837
f 5861 5853 5854
f 5860 5839 5838
f 5861 5854 5855
f 5860 5840 5839
f 5861 5855 5856
f 5860 5841 5840
f 5861 5856 5857
f 5860 5842 5841
f 5861 5857 5858
f 5860 5843 5842
f 5861 5858 5859
f 5860 5828 5843
f 5861 5859 5844
f 5862 5863 5878
f 5863 5879 5878
f 5863 5864 5879
f 5864 5880 5879
f 5864 5865 5880
f 5865 5881 5880
f 5865 5866 5881
f 5866 5882 5881
f 5866 5867 5882
f 5867 5883 5882
f 5867 5868 5883
f 5868 5884 5883
f 5868 5869 5884
f 5869 5885 5884
f 5869 5870 5885
f 5870 5886 5885
f 5870 5871 5886
f 5871 5887 5886
f 5871 5872 5887
f 5872 5888 5887
f 5872 5873 5888
f 5873 5889 5888
f 5873 5874 5889
f 5874 5890 5889
f 5874 5875 5890
f 5875 5891 5890
f 5875 5876 5891
f 5876 5892 5891
f 5876 5877 5892
f 5877 5893 5892
f 5877 5862 5893
f 5862 5878 5893
f 5894 5863 5862
f 5895 5878 5879
f 5894 5864 5863
f 5895 5879 5880
f 5894 5865 5864
f 5895 5880 5881
f 5894 5866 5865
f 5895 5881 5882
f 5894 5867 5866
f 5895 5882 5883
f 5894 5868 5867
f 5895 5883 5884
f 5894 5869 5868
f 5895 5884 5885
f 5894 5870 5869
f 5895 5885 5886
f 5894 5871 5870
f 5895 5886 5887
f 5894 5872 5871
f 5895 5887 5888
f 5894 5873 5872
f 5895 5888 5889
f 5894 5874 5873
f 5895 5889 5890
f 5894 5875 5874
f 5895 5890 5891
f 5894 5876 5875
f 5895 5891 5892
f 5894 5877 5876
f 5895 5892 5893
f 5894 5862 5877
f 5895 5893 5878
f 5896 5897 5912
f 5897 5913 5912
f 5897 5898 5913
f 5898 5914 5913
f 5898 5899 5914
f 5899 5915 5914
f 5899 5900 5915
f 5900 5916 5915
f 5900 5901 5916
f 5901 5917 5916
f 5901 5902 5917
f 5902 5918 5917
f 5902 5903 5918
f 5903 5919 5918
f 5903 5904 5919
f 5904 5920 5919
f 5904 5905 5920
f 5905 5921 5920
f 5905 5906 5921
f 5906 5922 5921
f 5906 5907 5922
f 5907 5923 5922
f 5907 5908 5923
f 5908 5924 5923
f 5908 5909 5924
f 5909 5925 5924
f 5909 5910 5925
f 5910 5926 5925
f 5910 5911 5926
f 5911 5927 5926
f 5911 5896 5927
f 5896 5912 5927
f 5928 5897 5896
f 5929 5912 5913
f 5928 5898 5897
f 5929 5913 5914
f 5928 5899 5898
f 5929 5914 5915
f 5928 5900 5899
f 5929 5915 5916
f 5928 5901 5900
f 5929 5916 5917
f 5928 5902 5901
f 5929 5917 5918
f 5928 5903 5902
f 5929 5918 5919
f 5928 5904 5903
f 5929 5919 5920
f 5928 5905 5904
f 5929 5920 5921
f 5928 5906 5905
f 5929 5921 5922
f 5928 5907 5906
f 5929 5922 5923
f 5928 5908 5907
f 5929 5923 5924
f 5928 5909 5908
f 5929 5924 5925
f 5928 5910 5909
f 5929 5925 5926
f 5928 5911 5910
f 5929 5926 5927
f 5928 5896 5911
f 5929 5927 5912
g person
usemtl human
f 5930 5931 5940
f 5931 5941 5940
f 5931 5932 5941
f 5932 5942 5941
f 5932 5933 5942
f 5933 5943 5942
f 5933 5934 5943
f 5934 5944 5943
f 5934 5935 5944
f 5935 5945 5944
f 5935 5936 5945
f 5936 5946 5945
f 5936 5937 5946
f 5937 5947 5946
f 5937 5938 5947
f 5938 5948 5947
f 5938 5939 5948
f 5939 5949 5948
f 5939 5930 5949
f 5930 5940 5949
f 5950 5931 5930
f 5951 5940 5941
f 5950 5932 5931
f 5951 5941 5942
f 5950 5933 5932
f 5951 5942 5943
f 5950 5934 5933
f 5951 5943 5944
f 5950 5935 5934
f 5951 5944 5945
f 5950 5936 5935
f 5951 5945 5946
f 5950 5937 5936
f 5951 5946 5947
f 5950 5938 5937
f 5951 5947 5948
f 5950 5939 5938
f 5951 5948 5949
f 5950 5930 5939
f 5951 5949 5940
f 5952 5953 5962
f 5953 5963 5962
f 5953 5954 5963
f 5954 5964 5963
f 5954 5955 5964
f 5955 5965 5964
f 5955 5956 5965
f 5956 5966 5965
f 5956 5957 5966
f 5957 5967 5966
f 5957 5958 5967
f 5958 5968 5967
f 5958 5959 5968
f 5959 5969 5968
f 5959 5960 5969
f 5960 5970 5969
f 5960 5961 5970
f 5961 5971 5970
f 5961 5952 5971
f 5952 5962 5971
f 5972 5953 5952
f 5973 5962 5963
f 5972 5954 5953
f 5973 5963 5964
f 5972 5955 5954
f 5973 5964 5965
f 5972 5956 5955
f 5973 5965 5966
f 5972 5957 5956
f 5973 5966 5967
f 5972 5958 5957
f 5973 5967 5968
f 5972 5959 5958
f 5973 5968 5969
f 5972 5960 5959
f 5973 5969 5970
f 5972 5961 5960
f 5973 5970 5971
f 5972 5952 5961
f 5973 5971 5962
f 5974 5975 5986
f 5975 5987 5986
f 5975 5976 5987
f 5976 5988 5987
f 5976 5977 5988
f 5977 5989 5988
f 5977 5978 5989
f 5978 5990 5989
f 5978 5979 5990
f 5979 5991 5990
f 5979 5980 5991
f 5980 5992 5991
f 5980 5981 5992
f 5981 5993 5992
f 5981 5982 5993
f 5982 5994 5993
f 5982 5983 5994
f 5983 5995 5994
f 5983 5984 5995
f 5984 5996 5995
f 5984 5985 5996
f 5985 5997 5996
f 5985 5974 5997
f 5974 5986 5997
f 5998 5975 5974
f 5999 5986 5987
f 5998 5976 5975
f 5999 5987 5988
f 5998 5977 5976
f 5999 5988 5989
f 5998 5978 5977
f 5999 5989 5990
f 5998 5979 5978
f 5999 5990 5991
f 5998 5980 5979
f 5999 5991 5992
f 5998 5981 5980
f 5999 5992 5993
f 5998 5982 5981
f 5999 5993 5994
f 5998 5983 5982
f 5999 5994 5995
f 5998 5984 5983
f 5999 5995 5996
f 5998 5985 5984
f 5999 5996 5997
f 5998 5974 5985
f 5999 5997 5986
f 6001 6012 6013
f 6002 6013 6014
f 6003 6014 6015
f 6004 6015 6016
f 6005 6016 6017
f 6006 6017 6018
f 6007 6018 6019
f 6008 6019 6020
f 6009 6020 6021
f 6010 6021 6022
f 6011 6022 6023
f 6000 6023 6012
f 6012 6024 6013
f 6013 6024 6025
f 6013 6025 6014
f 6014 6025 6026
f 6014 6026 6015
f 6015 6026 6027
f 6015 6027 6016
f 6016 6027 6028
f 6016 6028 6017
f 6017 6028 6029
f 6017 6029 6018
f 6018 6029 6030
f 6018 6030 6019
f 6019 6030 6031
f 6019 6031 6020
f 6020 6031 6032
f 6020 6032 6021
f 6021 6032 6033
f 6021 6033 6022
f 6022 6033 6034
f 6022 6034 6023
f 6023 6034 6035
f 6023 6035 6012
f 6012 6035 6024
f 6024 6036 6025
f 6025 6036 6037
f 6025 6037 6026
f 6026 6037 6038
f 6026 6038 6027
f 6027 6038 6039
f 6027 6039 6028
f 6028 6039 6040
f 6028 6040 6029
f 6029 6040 6041
f 6029 6041 6030
f 6030 6041 6042
f 6030 6042 6031
f 6031 6042 6043
f 6031 6043 6032
f 6032 6043 6044
f 6032 6044 6033
f 6033 6044 6045
f 6033 6045 6034
f 6034 6045 6046
f 6034 6046 6035
f 6035 6046 6047
f 6035 6047 6024
f 6024 6047 6036
f 6036 6048 6037
f 6037 6048 6049
f 6037 6049 6038
f 6038 6049 6050
f 6038 6050 6039
f 6039 6050 6051
f 6039 6051 6040
f 6040 6051 6052
f 6040 6052 6041
f 6041 6052 6053
f 6041 6053 6042
f 6042 6053 6054
f 6042 6054 6043
f 6043 6054 6055
f 6043 6055 6044
f 6044 6055 6056
f 6044 6056 6045
f 6045 6056 6057
f 6045 6057 6046
f 6046 6057 6058
f 6046 6058 6047
f 6047 6058 6059
f 6047 6059 6036
f 6036 6059 6048
f 6048 6060 6049
f 6049 6060 6061
f 6049 6061 6050
f 6050 6061 6062
f 6050 6062 6051
f 6051 6062 6063
f 6051 6063 6052
f 6052 6063 6064
f 6052 6064 6053
f 6053 6064 6065
f 6053 6065 6054
f 6054 6065 6066
f 6054 6066 6055
f 6055 6066 6067
f 6055 6067 6056
f 6056 6067 6068
f 6056 6068 6057
f 6057 6068 6069
f 6057 6069 6058
f 6058 6069 6070
f 6058 6070 6059
f 6059 6070 6071
f 6059 6071 6048
f 6048 6071 6060
f 6060 6072 6061
f 6061 6072 6073
f 6061 6073 6062
f 6062 6073 6074
f 6062 6074 6063
f 6063 6074 6075
f 6063 6075 6064
f 6064 6075 6076
f 6064 6076 6065
f 6065 6076 6077
f 6065 6077 6066
f 6066 6077 6078
f 6066 6078 6067
f 6067 6078 6079
f 6067 6079 6068
f 6068 6079 6080
f 6068 6080 6069
f 6069 6080 6081
f 6069 6081 6070
f 6070 6081 6082
f 6070 6082 6071
f 6071 6082 6083
f 6071 6083 6060
f 6060 6083 6072
f 6072 6084 6073
f 6073 6084 6085
f 6073 6085 6074
f 6074 6085 6086
f 6074 6086 6075
f 6075 6086 6087
f 6075 6087 6076
f 6076 6087 6088
f 6076 6088 6077
f 6077 6088 6089
f 6077 6089 6078
f 6078 6089 6090
f 6078 6090 6079
f 6079 6090 6091
f 6079 6091 6080
f 6080 6091 6092
f 6080 6092 6081
f 6081 6092 6093
f 6081 6093 6082
f 6082 6093 6094
f 6082 6094 6083
f 6083 6094 6095
f 6083 6095 6072
f 6072 6095 6084
f 6084 6096 6085
f 6085 6097 6086
f 6086 6098 6087
f 6087 6099 6088
f 6088 6100 6089
f 6089 6101 6090
f 6090 6102 6091
f 6091 6103 6092
f 6092 6104 6093
f 6093 6105 6094
f 6094 6106 6095
f 6095 6107 6084
